draw,f_auto,theta_roo,theta_woo,theta_lit,theta_som,theta_min,temperature_exponent,d_onset,cr_onset,d_fall,cr_fall,c_lf,lma,ceff,c_lab_0,c_fol_0,c_roo_0,c_woo_0,c_lit_0,c_som_0,f_lab,f_fol,f_roo,f_woo,failure_reason
0,0.5768287839028841,0.008583694359701069,0.0002491446162044036,0.004845689499965283,0.0009676006193432935,0.004506188761278984,0.025683932713712693,22.69200281640102,57.87212004964604,300.32094111012304,56.58036328680809,0.6718948179961357,396.868848389987,54.27289397381136,1643.7638061876182,1259.9651531210397,1233.433428335859,77573.63322264433,1299.0033707700659,156365.1335545547,0.166732301403183,0.08860193659002297,0.10249910545453013,0.06533787264937989,|NEE| >30
1,0.4644717354484778,0.007456985830144076,0.0006571967627083459,0.0018241107397215764,0.00019909947234264576,0.00799110745388391,0.0304881995414602,217.58049204838204,14.52265391755892,70.09573690980353,124.99036325222826,0.5911199406988366,338.08962039895255,88.11633831061962,305.1556554122479,1183.4550818578539,1891.2179925121554,1381.3352366199138,1405.2595524290991,154061.4117012622,0.15634951657874085,0.15216903582008606,0.024494947565370746,0.2025147645873246,|NEE| >30
3,0.49760941557257843,0.00204336335359101,0.0003964499086149748,0.009979846138707475,0.0005857874260973285,0.006941114797145956,0.032673582423868225,90.7036704833486,91.30144550479866,79.85026237246103,58.103061335420655,0.8317017502403864,310.3269374332248,42.48330571246606,1432.788350613961,1679.3538412395228,1798.1374372200253,77707.29589764049,1393.2573403581598,175023.64402016994,0.07129910325623824,0.04037621795514237,0.20474593140318453,0.18596933181285652,|NEE| >30
4,0.6727922247104469,0.003453908323477189,0.0005582175316088257,0.005755031908091153,0.0008257910742433155,0.006122332927737196,0.03141353076414802,350.33591124333594,77.67688298346812,294.56899488488244,145.86255792308947,0.6906338085197616,298.57748847726333,48.35921848336879,1840.4296945933565,1894.8710207835268,512.8444481499155,29165.084947731473,1255.93534085247,47629.04123049477,0.041221737531740466,0.1024206884600084,0.10711003096402881,0.07645531833377545,|NEE| >30
5,0.49864931211796537,0.007798695027777133,0.0009231413154854243,0.005359762459179533,0.0007878295174567275,0.00510784855927554,0.05774119771258132,76.52709792496981,41.79226634535409,26.35424309607755,63.86254257152365,0.523605877856453,195.09245849551795,76.1128363370072,710.4106589385227,1527.2078302836178,1601.1986596334125,6687.314655017527,120.92035354262983,48179.13840173346,0.21386635589538266,0.14023424199795284,0.06678821362577199,0.0804618763629271,|NEE| >30
6,0.6593089068767836,0.0026455758833741627,0.0004445397152291929,0.003992588111590854,0.0008058641266899501,0.00830380248321422,0.07237350058292,288.99949569211225,52.469212424406024,249.28758207500772,90.75268567929956,0.2727379223557247,221.4538472946455,75.58205023964874,1912.1828127668564,758.10513874161,201.24353512382197,93459.36249040907,1388.5359044369707,107058.22925457545,0.06419132668752096,0.024745453591397928,0.14018929331060775,0.11156501953368983,|NEE| >30
7,0.6438507567403238,0.0063319962490943245,0.0005361863785424952,0.00967848308955471,0.0009055033160463598,0.007819515187635134,0.03396104759732535,15.31098570098893,54.860180774789,62.55526585228965,149.78048991222707,0.4019275416547554,346.2729179653294,10.42964863249028,1955.8852051790104,756.1139816179668,859.6779268175418,55475.00649500437,102.76342879547752,87964.06039972209,0.0671650832891334,0.12113488243532557,0.10087795799816951,0.06697131953704777,|NEE| >30
8,0.3235035725576606,0.0007507977320423666,4.6751539811614896e-05,0.004284303961821796,0.0007208985689358603,0.004645592582484929,0.04561341805065904,300.6803731869293,95.28951078793631,191.94418133742383,97.8171025078177,0.6214652465405914,63.19429149280905,35.60215238836946,1665.0271274690074,1354.246455623358,1894.4644800381895,25871.550866277274,1853.641736687694,32649.36845475051,0.03842189609042014,0.2529827077716833,0.1748405442040054,0.21025127937623056,|NEE| >30
10,0.5734018747547605,0.003086371921604577,0.0002229577121506962,0.009679167437743734,0.0009928184366708053,0.004941628570223772,0.026298745965106354,129.20298282968773,46.548506840186306,297.64453314950737,20.187754278339607,0.3479028474586878,286.87547005285006,37.416292999266176,530.4449671736622,1838.1460098636492,1483.7989461259074,49974.66448523003,544.0758445067897,193350.98038133408,0.17251560524976348,0.0009026115416773364,0.19745589601096883,0.0557240124428299,|NEE| >30
11,0.6946849096013655,0.006918596740490907,0.00042545975827104366,0.006803208860758161,0.0009333573571857721,0.00955402512571059,0.040756501489434174,144.652631806029,74.43902548982156,17.05490474661431,72.88770061004121,0.5353037796710214,64.13522596867165,78.11056693642483,813.2246225813642,372.9529914776318,1112.2543987287218,21360.762003928146,1497.0461814277592,36489.4240377063,0.04830603017642744,0.00016557049070663914,0.21251323670171174,0.04433025302978869,|NEE| >30
12,0.6639994389856849,0.009473003398026671,0.0007407349711671965,0.0019203579966621544,0.0009026381963640232,0.0035578933870302233,0.06533625206458714,135.4914020881881,34.21550479361513,280.80340160019654,77.59969969761727,0.5463357194351375,98.60809627398052,45.691029468727294,727.0183245450885,420.4347145495711,1198.007689690822,73161.04740085783,1777.7622128100663,185817.08705610066,0.13336598968031374,0.09573248476275742,0.04068949316416824,0.06621259340707576,|NEE| >30
14,0.4309952682377456,0.006917162856244822,0.0004319412618321779,0.0013732175214662135,0.0009098555568212359,0.004339077536858511,0.057545675192852155,21.817801722606387,91.64592349713028,302.41282885121984,47.5195706450091,0.6786812187910112,210.5524455334336,85.21214338072014,1054.2975453454596,241.48626146850222,1000.6919622297196,13293.15068587187,762.2384605276231,30041.67621143864,0.07409404902529096,0.16850081054165722,0.2164874282015189,0.10992244399378735,|NEE| >30
16,0.6407030422459513,0.005062536068590345,0.00034300656668830124,0.009491623628265146,0.0009223432812212813,0.0008561351552123991,0.06073422343858359,148.28193085084075,82.73674482684403,1.852687971869572,66.38955303774338,0.3263668327438498,378.701658013011,38.65202066130864,1565.1020958389613,960.5078509886908,1292.4615973637622,96067.49341156833,1825.435981572199,48329.25964243971,0.018223395781635367,0.08258695366805961,0.028984999696301784,0.22950160860805194,|NEE| >30
18,0.5321364016926725,0.005148924151533855,0.0006457469330079005,0.008445703670910453,0.0004469381998992383,0.005961468361346563,0.056857232955997025,362.65184724110145,60.76833194616421,140.72921490064152,143.2269589591284,0.8602178243912264,379.908231948422,95.44305765598372,563.7311874037682,895.7822521809258,1568.7585034048623,63904.78990601062,1113.447203097939,82632.19314098476,0.04393911978022452,0.000372543554197851,0.05309416094680777,0.3704577740260973,|NEE| >30
19,0.5147546471118718,0.0007100663203491632,0.00041290113213335983,0.0036155120165542263,0.0005244056820764711,0.007567070875432804,0.020451026793791346,294.8007077208325,90.40947615434875,24.44042356169763,92.61686984157582,0.27681356141379254,28.6138831363266,17.559092148104106,1943.5880903224327,1255.7392920371342,653.9188908277957,73320.85617909617,663.3504899706671,114421.92530826478,0.1039079762926192,0.18733002327870474,0.08984108754581752,0.1041662657709868,|NEE| >30
20,0.6761020492659107,0.0093688753972757,0.000393080764855809,0.00040366382684688644,0.0009383024099887973,0.0017941672160315485,0.0666812672917938,89.46077904487711,91.52717244607081,205.6978089945145,108.15255283797796,0.13258953489447636,259.6410595181744,99.98654978495077,1681.2894490235624,606.0360645113739,575.2999354576774,70436.02708898704,436.2981760366162,93250.00792888096,0.05178811455444965,0.04086391180074301,0.08444720568939794,0.14679871868949873,|NEE| >30
21,0.36545384716053264,0.0005021277923614838,0.0008176241433419983,0.007712752519721505,0.0006595846515094724,0.0006574619221823294,0.07798228805763761,60.416926079277715,15.762405771353535,352.41585489651925,130.42201792086672,0.5510818439142082,287.9134886507034,65.19794866879087,430.6357819045949,540.1188181436534,216.6397221565505,99344.40259718696,1532.1037473747233,153433.86062959247,0.052397820285432405,0.09993446336453939,0.17219141733506368,0.31002245185443195,|NEE| >30
22,0.39767597269772,0.0032086268343211803,0.0007469931816709687,0.005800891796970618,0.00017212854120653452,0.003045590444280969,0.07207871523321412,314.26345434694645,22.411884019784345,276.93355599460494,102.67064435540698,0.29775365553745736,75.0751455028838,64.423805628183,1447.9510379152882,578.258801230608,1694.9230978112582,19851.9960962604,1843.7600782610557,178420.10309595417,0.34881163990071545,0.1598841972137407,0.06143551546610221,0.032192674721721694,|NEE| >30
24,0.5100761223621949,0.0013507366441284563,0.0005721302725194972,0.0085942464417436,0.00044263604534962477,0.004033339276787027,0.024917355319274807,179.55541623924785,65.34647441180198,100.78323535206358,52.23402066380667,0.956498089171478,101.89851558568355,93.74837605383667,1406.7982479202271,1415.3332218893836,1743.863704863869,2768.096689692531,701.6876726674757,125912.88793387296,0.1728797308482929,0.06599039512629008,0.072707406569213,0.1783463450940091,|NEE| >30
25,0.4301875614016883,0.0009035632817493878,0.00016358953220114015,0.003495362078871496,0.000259444450460473,0.0016350009235682004,0.0481262846416586,169.3544582750083,61.36068040533441,327.94209181445484,54.31932371935878,0.6814125333067875,338.11103533295125,43.37104485126606,202.01571183450508,914.6552664474217,1939.8424723198098,58431.299735015025,1678.5846171778287,89074.82180199465,0.12040645504377281,0.04301740961007113,0.35706838107247024,0.04932019287199751,|NEE| >30
26,0.6373079576620073,0.0023010026344655477,9.099161092862863e-05,0.0018729913128782026,0.0006296414843626969,0.0010315709967171972,0.06568366776440303,290.71015717249935,81.13796811467111,169.7825400904991,71.35444104574852,0.2993164310773016,342.8309536416791,97.64275805882302,1873.8505266177149,445.3403201416688,1999.4934076253282,31731.722968016467,660.4983714795237,122446.78494558482,0.12414154462758849,0.007683041662693992,0.016726574390599023,0.2141408816571112,|NEE| >30
27,0.6001323901876104,0.006636086136716034,0.00024401919265961246,0.009885842351232452,0.000331598549895614,0.007304019831454668,0.026398192933213493,93.07519718029322,74.59089891407847,118.77493120342449,53.37944723388036,0.8381316805391613,127.63103297578591,67.72930272708626,764.1895082528761,1815.3461360694955,1607.5764991959602,6360.023983310779,1602.065197640148,52620.246376288625,0.15432038042095192,0.12035284008367843,0.01616494994068618,0.109029439367073,|NEE| >30
28,0.4470562863743018,0.009105067172261037,0.0008188382513795304,0.003406570381343302,0.0007423986996468027,0.009249957038154136,0.021403437352230464,60.562783615195464,64.24205026428896,253.41202753897545,105.05745005921209,0.2938719441417956,198.30759003942742,14.137802432117526,291.981171706922,711.3031891903514,111.44820076938832,98284.75832821854,943.058227259551,94932.58738726043,0.18055085394755166,0.3672001196673443,0.004776923587608836,0.00041581642319350444,|NEE| >30
29,0.6079708251036315,0.007739947072117999,0.00011482442323299827,0.005604151028360255,4.5256656718732904e-05,0.003501235350793978,0.05549712685974342,292.0604421301539,23.500829904644117,219.53436565976966,73.41152816491709,0.7754708177899544,258.5863603041872,71.3782106344352,1354.2098401900466,1074.9220582213627,321.07712075744365,65695.21129527719,899.7198096629859,165136.2807424151,0.08993912051458375,0.0006671354091182642,0.20380821847820685,0.09761470049445967,|NEE| >30
32,0.6078625531874683,0.0019911087658576374,0.0006863471347223463,0.007013464074463892,0.00019720316213698666,0.007421470496772851,0.07886822542845305,12.625858408845229,67.09543582101371,354.46086222173557,48.187991344956956,0.5365205526936906,35.32065370693561,67.77338974943237,1156.4489060811095,852.8270561633042,649.5551519855094,12077.129096406221,1966.1874968170484,28654.915134493072,0.03520208371078744,0.11390892025711956,0.01990657955544859,0.2231198632891761,|NEE| >30
33,0.49862840469234704,0.002785419809751549,0.0005363314218175095,0.0017348701767157207,0.0009258546501659928,0.0014229019149584422,0.0490390292918604,71.45418048253777,93.25976374150677,309.30259628240844,94.34038319942402,0.9679112470599398,257.9122543323614,70.21239425062481,1734.3794954678506,765.6687462364782,303.3446752370681,14703.892372584027,1320.2822978124493,96182.8819955544,0.0807766689945123,0.24839548580324428,0.06412221908172756,0.10807722142816886,|NEE| >30
35,0.4621744908541759,0.006660951392299776,0.00011723040410403065,0.0038759088488503706,0.0007967216101718642,0.00410777959198517,0.06697901964315382,55.36133706177387,98.50820369261659,295.1619934520194,72.70174042853691,0.8837949685402811,171.39546580243436,36.54429081108914,255.0901147629694,818.2460103666339,52.18478195307986,29062.235551811762,699.1379474417876,110491.39032128657,0.04007330192173395,0.013433996382563351,0.0744746983113365,0.40984351253019036,|NEE| >30
36,0.5588351793641129,0.002985293236609455,0.0004448799619657528,0.0018040977068716595,0.00033547881809254515,0.004726780746390305,0.04921267489932525,114.70950810820544,63.39505321400915,70.02407456721835,127.46137025462927,0.7588381559201768,349.2512803528131,88.77820912553365,787.3577843975922,1567.3909155487524,587.906335359386,36523.66819505169,1015.4894602803199,101630.99984022013,0.2680101749204195,0.00397180138461322,0.11432531093020686,0.05485753340064761,|NEE| >30
37,0.33787560135984185,0.0017075566581713387,0.0007807938197472693,0.005531556457206649,0.0009228575700416941,0.0007183439342764527,0.059869935937236385,71.36778216717116,58.5331703126398,44.79666505395409,141.3986210927749,0.645608550186021,283.5083686632387,18.21774490933371,111.37353295177961,591.6617062278475,1091.212367533338,34089.29184271609,1413.9909810812067,15698.101222643301,0.03064785448930082,0.028025073562364992,0.5762964763289222,0.027154994259570197,|NEE| >30
39,0.42729778668130813,0.0023955428028331906,0.00071080116876602,0.005774823083311572,0.00027951693740730743,0.00849945234291422,0.03113371047426127,38.59921735576507,59.931883472128845,335.32685899700164,46.755273075661755,0.7768341766287626,241.91991818069184,56.293070868951894,1214.5336610486738,1886.748949616518,931.0717553009343,18494.33012833435,1936.5690628457708,67647.58766098306,0.04559427017280998,0.2082868836916894,0.2775467696765999,0.04127428977759261,|NEE| >30
40,0.5156442384055643,0.005592362672038128,0.0009388041831030984,0.0022299242789184286,0.0002716105930510688,0.007536642146327106,0.036318972523915666,34.62757980798033,28.211796284478794,89.8440179469654,65.10500178634143,0.7617551027888165,365.9365318717258,46.94999898889019,1817.2737767480075,1184.4864771005168,157.50785502170376,74355.51505948548,1553.8518713282376,14221.442206733993,0.0053570052463144295,0.005221625130883413,0.43539727309023685,0.03837985812700096,|NEE| >30
41,0.6809512560749652,0.004022196235006913,0.0009538548170546927,0.0033555868805125637,0.000574949513915817,0.007172203472617424,0.07048868883622063,265.8284895914592,52.922527698334555,55.26258227586165,26.491408017547947,0.951222590840953,324.3636546076177,22.462295759751736,329.5109598985007,1441.3077477286279,859.0558901990955,11594.410031165165,1780.415213279546,78636.62773472581,0.005071065377548328,0.034695908032182074,0.09613127784711609,0.1831504926681883,|NEE| >30
42,0.39888572701920133,0.003262456557732859,0.00028590151294802935,0.0030454385919834676,0.0004041933903892968,0.007220297636868814,0.04004190158268921,297.86288132649156,64.7415443237937,207.79358320136652,37.775921112985245,0.6599145258925253,130.5474004696493,58.68683105977138,875.2199911614022,1838.2809332755587,406.7713670964353,80738.77834300284,50.47670100556341,98161.66984858476,0.17219380415787236,0.13539672420748874,0.059134929199292835,0.23438881541614476,|NEE| >30
43,0.47676740878321133,0.0047047488159988535,0.0006547630405795177,0.004985834189424472,0.00031582205958554835,0.006075867687939067,0.06618682705844309,59.52315994365963,86.1686263192526,292.1868661484337,128.54514356164694,0.9464410023145389,187.3260913007851,36.08233287272968,1467.260428570134,334.79433263927734,1362.1078140815478,75648.40427010585,1000.7604599154658,55570.02174057877,0.26483729028999414,0.04874701409303176,0.20709588781929636,0.0025523990144663785,|NEE| >30
44,0.6218024728923097,0.0043607964274887745,0.00042123323893490823,0.000995853349038562,0.00034536715499424456,0.006078233234757698,0.02662121283914915,340.74977236148334,23.986343653847705,49.7934358651572,27.48348614441501,0.6049940949720033,336.2575086638424,43.552071844946354,66.96192290638356,1547.621134799745,846.2597856114537,35045.202671080704,1809.0671077007096,109754.95644504542,0.08437129191085685,0.07717789928354712,0.0919775589253426,0.12467077698794371,|NEE| >30
45,0.6861454279637554,0.009317357157700589,0.0007112215677161875,0.007088066503287734,0.0009083510368779885,0.006672851171519419,0.030051363512709463,359.4852052760421,70.56872455675754,4.851217734949459,64.59493628362893,0.6601757150555605,20.21016155271586,16.232640554172573,486.21680192873646,430.1615740884825,369.69647110163356,16403.21209125356,678.3473584224195,97181.28096929606,0.057156065734924356,0.20640963476046395,0.02425624504127533,0.026032626499580946,|NEE| >30
47,0.6356478285690053,0.0046142372226413405,0.0007268464545806232,0.00938256455216787,0.0009292569404728929,0.007115441292821575,0.05236563717352627,128.0893491480452,35.554684430017666,126.13514947559607,53.015585433121444,0.13142989074969608,138.3772467078462,15.21061921551778,1782.0168737945269,395.1580206511356,1719.434626022866,9848.780325939075,1624.2921420974421,29771.360178842708,0.03303842951649346,0.1154118274424671,0.062210829557102255,0.1536910849149319,|NEE| >30
48,0.35731975250155473,0.00016946615679850236,0.00029797156113340017,0.00806023091270135,0.0009718197776025499,0.0010890468237481012,0.0690513558188132,353.284034148013,35.46453437767123,187.74259905202,109.75764934352691,0.2564482282715307,275.23426349861865,42.14760048353229,698.4194008441432,1132.7726281060593,250.00011607051078,73757.54683364896,1614.4991955367063,83280.3757863597,0.023990421405713218,0.16508445781070097,0.1476338825812309,0.3059714857008001,|NEE| >30
49,0.6959973354278004,0.009321653952737296,0.0007368460545979945,0.0047086407229712315,0.000128733097863061,0.007562649391125186,0.05055751750651087,23.562876337064665,92.20030133403198,172.47119998049004,101.1847787136427,0.6166506816807877,221.31907513058826,89.12276442224587,1559.8596131771337,920.9492651243579,1872.8909274615487,56283.268148790725,691.3100452317403,192447.72454347258,0.039475432426424324,0.02785309833361082,0.05028992084357119,0.18638421296859328,|NEE| >30
50,0.548226772798187,0.009286509695758546,0.00020559949148088276,0.00667494354813951,0.0006635098298067966,0.0029114572174208358,0.06655683788696257,106.3775045559649,84.38201011934285,319.37346703853797,79.18214661149406,0.5889865238913503,363.95296598384874,12.320941914928376,1360.7799039033087,1874.5624512104969,1327.5467523408126,51338.429723774934,392.25633015463893,55783.10812753382,0.0216147459840229,0.07819226254407265,0.004919288367783167,0.34704693030593425,|NEE| >30
51,0.332935738650393,0.0006007252634375972,0.00022542165953474088,0.0017408554138723705,0.0008948955752400721,0.006551747093608503,0.04382331931394925,84.64019363671139,92.95357221468765,164.97451268974197,116.08295305624286,0.8734043273674756,268.09176659626115,41.76631065421004,369.4424351366776,517.208442653498,417.5173660814155,46411.43934823322,73.3518946041313,113175.14019559689,0.3631119916568338,0.07988250654062877,0.22079636763821878,0.003273395513925659,|NEE| >30
52,0.6636643174297646,0.004137777792271934,0.0003333521057148861,0.0017600321315701158,0.0004449687657322048,0.0014974969662848703,0.05438742655397402,64.08357275643786,51.521765476615414,239.53136223205402,34.2186765290028,0.935248062516305,208.82888649893394,11.226164596742723,963.2435721932685,1185.3699338568347,1684.3125719198692,44878.93144180428,45.05307909409951,115772.91811436735,0.021268477292825792,0.1336305399320825,0.1803511068561367,0.0010855584891903921,|NEE| >30
53,0.5579839239373391,0.007251274998683328,0.0004708308417879183,0.007744225064829316,0.0003189226116309293,0.005317655936609062,0.06744718212384426,211.6379249286639,72.67228550620914,57.238476204473216,29.15473518338201,0.23940085779207804,391.91504732648815,44.734079381514896,1697.7191298514915,1266.310590105765,884.5518342401504,48538.07132271677,311.27000591428344,18660.983567855248,0.06539695751117994,0.0445882714393015,0.11800236736880533,0.21402847974337413,|NEE| >30
55,0.49588239813718893,0.007517068035077341,0.00048084381152567734,0.0004902201136077496,0.0005356474724411026,0.004318230352017077,0.07877276621723567,2.88130273989896,81.67629843821359,56.71675022535,56.28109833262296,0.9209071135988309,181.4233549813364,48.96831294863385,1909.8379598389631,651.6647627240928,617.6515234314807,20916.478470323356,1227.3743820953757,38992.93966351558,0.11395346985683392,0.18685005985377973,0.1797221167372382,0.02359195541495924,|NEE| >30
57,0.46178724232633656,0.00897671023470642,0.0007482601564631614,0.007496976366166363,0.0005668237964829226,0.0018185846232569409,0.03879080621435278,109.96273719330895,58.341258577854866,359.4107084226655,45.05596317777356,0.9670977858950326,279.62561850366166,33.73803400941427,710.8417489769472,849.2534241667075,834.7626719002986,72676.47869844227,36.05336937909532,57264.497762730876,0.18343639933466566,0.11902066049657736,0.15226322179439586,0.08349247604802461,|NEE| >30
58,0.379069720038984,0.002744936753944313,0.0006141606935968222,0.006761521361324013,9.826254434494887e-05,0.006750795688456424,0.057416968920281766,3.971073784883502,58.358389721336735,219.02095556188956,28.81347830349372,0.45187714536945994,394.8189160583446,69.90177390707429,955.8321677912514,1453.4331514513608,964.7908244282203,25990.337655352207,692.4998413439979,174993.28155683604,0.00945196169596999,0.06510544933074992,0.326816044740956,0.2195568241933401,|NEE| >30
59,0.44192518702888284,0.0005438851178222493,0.0009600904527799941,0.00899772913918371,0.0006991766260478243,0.006249646127441377,0.07105515587357533,177.59146951768065,61.662108204478066,249.02866252076333,134.52104274073054,0.12948197848884377,21.876172541791473,65.41456010870408,262.4609647963965,1604.668380300349,1856.058631734218,20320.03703171257,1403.895993286433,151624.82549424583,0.059165766152554686,0.12303426363590372,0.09042445423428296,0.2854503289483759,|NEE| >30
60,0.42064161683762474,0.008896282003369841,0.0008923211082059636,0.006678783724473435,0.000597806909363022,0.0028797557268595655,0.02973303772197305,76.36792923119904,15.435320617384965,55.21132582460896,21.1589260637418,0.5961378340863503,188.69477911914618,25.098395431530978,391.71841869911486,1707.9243352900648,1938.7473404020132,23498.95518562632,455.98157809487435,40995.07004761186,0.036723058699289095,0.12625971058472807,0.16274182950160257,0.25363378437675543,|NEE| >30
61,0.6765134880342347,0.000553922673510589,0.000787873984004447,0.008626578195956658,0.00029431696216566033,0.00037513352480921945,0.0480789824411964,46.14476738269437,32.077490005165856,303.06057191266626,113.65323893579365,0.13302847984751753,107.5438272668622,97.11860650075405,1997.543727533544,1275.8586667912218,1168.401200998151,15397.820131376591,1706.2968772450938,109437.39130317864,0.003579674522616456,0.2078706697825279,0.004810424345923931,0.10722574331469699,|NEE| >30
62,0.43405916755543517,0.002309617571665169,0.0004703001950465987,0.004061815241017966,0.0005070927369192415,0.00916420118238175,0.06159250624950821,337.3594586231174,20.705379973411112,40.12658488619551,134.27033724464445,0.46976250948363674,173.72138498021036,40.9053195012731,1207.906884963481,367.24328012043594,1888.6010304998322,94150.179882165,499.4898058594434,172255.2446660638,0.10573143657718333,0.325672741767664,0.11508869471456201,0.01944795938515549,|NEE| >30
63,0.5713635259258554,0.006085982163955806,6.117039604795042e-05,0.0034050398191099876,0.0008433990245633409,0.0021569882922962535,0.04198071743019125,18.411902454372186,50.415873624492285,12.232001350463653,28.119728059982364,0.6462939131580229,132.98581017389597,49.288175209150076,1381.4094721762756,1631.4089485072311,444.14736746107997,25476.468298298267,1835.2083795336086,78960.8215409158,0.0018906574465094193,0.31460872318413163,0.01625048761334695,0.09588660583015665,|NEE| >30
64,0.5592023812322962,0.005884993850716464,0.000897666952082452,0.0007434991028870557,0.0005075238221187189,0.0019263554323966905,0.043740261698476085,45.70585664176268,10.292023659633646,320.50305603106506,52.70051663792653,0.9425634955375056,182.88955263708252,52.62495115157708,1889.310600974671,1066.3745796629364,135.01857325014583,71433.67971703038,1080.618199917924,1138.3665603370987,0.19388732306199563,0.05706511588734613,0.008363157150127502,0.18148202266823457,|NEE| >30
65,0.5500318153709207,0.003102051021382782,0.0008257154109760464,0.006406945323822047,0.000620088175996438,0.0017877339533954116,0.021167247695126606,143.86568512577588,62.74463559912419,133.72941370230257,142.7162566840339,0.39972947167396333,67.1486544830601,15.629316478872035,439.9867229227707,1492.6526474937314,318.75481171992476,2921.3924997240124,1087.0887570160035,117160.45466755715,0.07305063804926142,0.03825883004284104,0.025386720891559373,0.3132719956454174,|NEE| >30
66,0.37566544309581085,0.00990271216482121,0.00028704961102423256,0.005671368874270418,0.0008777621752454671,0.004650191100558127,0.04881948516012197,292.0923521982913,18.81134209415852,274.9080505238447,27.575551474496173,0.13539529131269434,343.51865292924225,35.46189659901523,1836.5663929423822,1821.0601628163438,1177.865681283466,87174.55147132596,1677.7595400732837,56319.87971941737,0.21148343089620802,0.2945403970671128,0.05219329965284102,0.06611742928802726,|NEE| >30
67,0.659047966499086,0.00811347115176411,0.0003488184146775649,0.0007527944547759124,0.0009102249857864019,0.0004149552821186873,0.06448958977604755,55.86013622390256,30.504001815313163,232.90035834172306,55.33655711151124,0.5672817496099494,148.8977725884285,29.67480584712671,95.59706335968107,1601.2567291661303,1098.4476475534054,158.3756116617265,1956.41167355472,93791.93019295644,0.06398727318132448,0.037269526623595346,0.14128335059834035,0.09841188309765375,|NEE| >30
68,0.49135113022301147,0.005073621557294088,0.0007090389708429266,0.0067910075496146905,0.0006119171086717902,0.002107606779088851,0.06458836994440884,93.130006234949,35.248875677790515,95.89086654383705,52.9296670930092,0.4885486217238404,247.06169213464085,48.30371561032465,1701.6219404627911,450.80731644034194,1284.657135975065,40884.51335220053,539.8948347480934,75669.9226929884,0.11761489728149628,0.015085277370330327,0.2096235712386316,0.16632512388653026,|NEE| >30
71,0.5015426648073438,0.004861207568504694,0.00028796505192437756,0.004352937519434437,0.0006545007878695217,0.00513404227918514,0.03799403115798262,335.5587560393116,29.924684144134364,345.6479580965091,132.72266993081763,0.21151883155132437,333.04439916407426,43.71843335901809,989.9852621417145,744.0670970163784,1412.6383502002648,3993.836644780519,489.10407843046784,100489.15256465338,0.0075580735119010894,0.1824634417703085,0.08897880945973329,0.21945701045071336,|NEE| >30
72,0.39228179772754235,0.0021184538348029192,0.0006565708889364479,0.008835093321243461,0.0007324351485567524,0.0019945995368654125,0.043971794282754995,34.61929280302466,22.436061072207906,238.4212509514521,132.33955556971492,0.9415610831400175,192.8334847312029,89.46517802424626,1735.1151523390586,1056.575554374629,376.12850282557395,75637.93903189227,58.50445565375731,70577.25719683342,0.06658620647736951,0.1536398280361378,0.03767940195942909,0.34981276579952114,|NEE| >30
74,0.3190761458881489,0.0031793860622698965,0.0007556051739098517,0.0053437036947884,0.0008634459424583243,0.008584936000056411,0.0756123449510925,342.3161808498222,81.34910080511808,210.45154909465197,128.34074020263165,0.7283417475367184,104.17595359963664,51.3910616607989,146.2598538893111,987.5677066680241,236.4977303440461,21719.653990298368,1452.8717767316023,85249.51467770706,0.1904780227620305,0.18091762039871437,0.18550884120574973,0.12401936974535645,|NEE| >30
75,0.654382211261577,0.0030583139900924802,0.0009410127487302791,0.0033357022112642555,0.000486626613589488,0.003511680526284464,0.07277315002414804,255.92549147560206,24.069852113559836,26.71369107997959,44.25365509172873,0.548375645417934,203.62143553297796,88.1339512429825,1169.3511931774706,123.95830779212092,1992.9379374725381,98740.66994294182,574.9627403655784,84995.60267498059,0.26411837417930134,0.0029693932329318677,0.07046460829242067,0.008065413033769156,|NEE| >30
77,0.5397092223714681,0.004737489888017922,0.00010240951611456259,0.0008849635009214665,0.0006418545942167377,0.009420171911750411,0.021171333261901033,155.1513629115773,37.7588312542036,20.60354115785033,59.03000495003564,0.35588464217602667,94.51155441538435,67.49525906101582,145.2030668616119,592.7304694442917,760.5855169501843,33127.82050566627,1747.5762510824122,162853.27974093746,0.052307539705691505,0.019322628750024586,0.32981075715755004,0.05884985201526573,|NEE| >30
78,0.42703910358349184,0.0057959899129833665,0.00041087882643158413,0.005711797833843868,0.0003236297266402742,0.005139221922486685,0.03528825936990628,99.4149798015604,39.05079968733209,142.29778335948043,129.9834179366449,0.2109088999120096,31.15391571536228,53.12611084509323,1870.1674021509095,773.955056187283,720.6358836961924,94045.44072419619,237.98204616401858,114035.81672430076,0.14886266077577404,0.1482395064360363,0.01478642559380299,0.26107230361089484,|NEE| >30
79,0.47554885349717224,0.005094826991412476,0.00090364983568971,0.002905113317367708,0.0005190531721004355,0.004515870004839297,0.05806725479056579,27.180657411913476,92.81729403311154,119.56919786547928,42.008625364227285,0.2155472382055506,87.9600388602925,49.663955352625706,835.9069877520421,1605.945578462722,167.3091476624425,58894.520261245285,933.967896199716,145748.16038945556,0.17748025571551015,0.07695571323654155,0.11945664628541165,0.15055853126536442,|NEE| >30
80,0.43160129924625273,0.007214660658303238,0.0001219674504243427,0.008435006223766965,0.0007346716879648685,0.009476409895591916,0.0696499055330814,95.15063001324201,27.241956410765784,227.19706172311444,126.15935732764397,0.8229656468515513,172.08186075018446,22.843253155650107,1492.1654678827515,1051.663733989975,1032.092779029309,21709.303698809046,901.5246243829107,71145.9671041388,0.10119769712490478,0.27900639358800566,0.136807818800946,0.05138679123989084,|NEE| >30
81,0.44129678114390575,0.009739004333464136,0.0004909537365410429,0.0032112362749996187,0.0009152877743526104,0.0020998079415830108,0.05604422991507624,244.93146845629192,41.52405174082436,215.1205083045477,82.69295060750042,0.6377637462856286,14.421110574045297,30.77497854051622,1936.179040426335,1189.4433885688873,202.59824383158244,56399.52330775818,944.5446995149731,114427.78345605722,0.20323496591355922,0.2411351674960267,0.06683004123301867,0.04750304421348974,|NEE| >30
82,0.3136624090063301,0.005002572276468105,0.0009916927448132007,0.009696285282678668,0.00017803463076072063,0.0038662939503787213,0.04798282203112819,322.0745668210452,23.827642390701676,85.99200249962063,82.56547605263768,0.69174131293003,94.83552379253621,14.569779077441796,1983.120257426018,1869.3221679772216,1435.080855993471,25727.64454399312,1123.9673192572932,158754.09110037386,0.32902257323211626,0.11681928515861277,0.20649597421773805,0.03399975838520307,|NEE| >30
83,0.3759696786939831,0.00822279746648398,5.052132743282528e-05,0.007416905169279475,0.0002878574790732764,0.007448966487179031,0.024818757035190844,1.4248310336351135,65.65532076351937,21.572682576943762,33.11109284452451,0.20947769911791814,175.80152509586202,33.93820253545816,1412.161418811548,322.81390975507765,424.0475546474975,30562.046482476668,517.5303960058826,123577.911666775,0.1790959164677123,0.17793017169627495,0.1750895587448101,0.09191467439721969,|NEE| >30
84,0.6601271291313778,0.0062315661921657035,0.00014802939044622346,0.0015469096493986973,0.0008597287777263687,0.009270772075216758,0.06040854629771486,349.5914411969678,20.64832924395892,362.3401164770415,23.3610556281928,0.9398621666586688,196.74651406921848,94.71887155227422,562.366855551616,695.8502349629008,642.690556674946,90193.94413957428,1580.2438047674732,88559.0862279772,0.03163109147967473,0.07941509097403784,0.08183145827341001,0.14699523014149954,|NEE| >30
85,0.436285915363604,0.0025538492638418693,0.0008333932551601844,0.0036774823331145495,0.00019652678077182586,0.006337236467419358,0.043993473166492714,66.00803576286839,11.555589035131236,269.2560439256375,56.908670250267875,0.1963210082514541,357.86802179786486,40.765154958530275,1075.50931608797,903.7618811718779,1336.096846563028,56290.61000933786,1007.1535417494648,172494.97658580693,0.07821966646319112,0.09371121449238073,0.21211294710556464,0.17967025657525942,|NEE| >30
87,0.6844728516010702,0.0031245076583935228,0.00011326920302239554,0.0014832631484783638,0.0002279495002635217,0.0015725658458286083,0.03188855018442709,356.43789559264843,64.25778642567249,51.5496195899868,70.6800109405292,0.8203236619241332,182.4554230990852,95.04095472134482,942.2761406225802,1705.75394965922,1744.5647990918148,21396.3748480577,817.2686569917962,141143.27138463882,0.05225963094315137,0.011509346829491746,0.11515751951942137,0.1366006511068653,|NEE| >30
88,0.42424733089909566,0.006483245510269453,0.0009776249084339707,0.005186909518765495,0.00027850440938012686,0.00500201980772531,0.05978018908489002,42.13337427874095,18.131514853992698,315.626295185202,116.86678597354069,0.2558270005345419,95.67524487007213,99.39217520161816,1475.911941009441,733.0033088464583,119.267047596197,15289.852606103208,1207.9713202407509,36482.88559255959,0.06364539110994065,0.3770380303339637,0.09068953339022336,0.04437971426677661,|NEE| >30
89,0.39723067950178576,0.005261421391433307,0.00046942720900090763,0.00895552843251625,0.0008693763428927195,0.00829568578865016,0.07318287793276476,299.3978420398092,24.004666311396292,229.81284755696808,139.050190902231,0.8163605994407316,389.7085371711834,31.775242453161063,1212.0331376614706,1055.3431603467923,1270.7098929630183,80675.51315173203,784.5995617711098,94950.6108437737,0.08885461933514294,0.4636348274261271,0.03081423569508571,0.019465638041858486,|NEE| >30
92,0.3879823659864794,0.0023684171464861945,0.00034621032034236766,0.0018233996281593941,0.0009600162959401014,0.009578804463360386,0.030036210720693263,341.5801287731489,48.95243659688468,288.4657872994396,28.1972306083436,0.8274813579695237,322.20880573554643,12.126156029344113,1789.516162807924,491.44637172596236,292.30579152763994,6586.3741727586685,261.16028212123035,156421.88519165537,0.13162458570967234,0.23112817492559468,0.03587512192743121,0.21338975145082237,|NEE| >30
93,0.4356483400836184,0.0055300687229040794,0.0008321163072061432,0.005782821748639014,0.0001955087056192788,0.009378679718639189,0.048803265938486405,319.6879208751061,11.876552086474657,331.3316578963034,56.989153241819416,0.9169364082323486,363.75258531650553,79.606698994072,374.38213331264825,856.9370767109024,1958.4599693234416,47413.42364918526,1487.3295727414188,170264.6453091657,0.06594830066165451,0.11690954087702529,0.2873348288502924,0.09415898952740952,|NEE| >30
94,0.337758889098146,0.006572852561140452,0.00023710406751380268,0.008409123075854258,0.0009141261334214185,0.00019667480270855526,0.05475232456020898,132.54679874387554,77.22692265936705,344.45081199315206,95.65890024444306,0.1562365980706033,301.9384955775674,18.747429747812486,380.9117158908665,847.3541287970073,1860.3691082861098,2184.8717889893737,1758.0285188880573,177092.75623942472,0.15148452480103197,0.28971917001366154,0.08157981101510417,0.13945760507205626,|NEE| >30
95,0.42682008146793704,0.0024205643956826256,0.00010100429755000317,0.0028772334843211646,0.00045444058025774015,0.0072107260154771055,0.06166905656324022,49.932348416550205,77.34430225171383,360.514874910799,41.85693075925043,0.7940854831237177,295.5021350292968,39.81186979609569,1366.5592267308862,1041.635622689788,115.82873520877233,60524.67029710945,1164.4243220474382,135994.0948049466,0.09859680205124859,0.08225044716985526,0.15142915295002146,0.24090351636093763,|NEE| >30
96,0.6064259056874483,0.0033429348922955856,0.0004798805601849233,0.009365859048601124,0.0006575400132339324,0.009343542994280103,0.03049519975125011,180.3190552276152,25.313304433979397,304.23321498491265,29.107255892385083,0.3036090660130999,206.50641634856544,66.39509594006692,1959.358273482968,869.1793196912589,1420.458246498983,10370.732812724382,1219.2935099074077,138075.2820596491,0.22239124234838326,0.05172522275985519,0.0031346601344873423,0.11632296906982599,|NEE| >30
97,0.39367991853127804,0.008917959372377405,0.0008059269155675143,0.0015853079806627712,0.00012820774020970852,0.0024674941199574548,0.07804793166994115,256.5507867147459,56.23052149680116,328.00109679037564,103.73909127390476,0.26582280064763636,186.86161044974654,38.77909612483555,1965.0584285895561,1091.2371783851102,615.3239528149437,20870.569806653188,1946.0864981869813,52707.1841786356,0.43276169738507975,0.09512801930343122,0.031382178796989034,0.04704818598322198,|NEE| >30
99,0.5925220324718501,0.003997802263645748,0.0006678098505096731,0.0014475221303397636,0.0004582163081481608,0.003815930758806089,0.06809100778012396,216.9708404705396,80.3952772955125,128.7813882623886,93.59253405161638,0.8085485392861057,76.55749995278454,35.67621019506118,1320.5452522357652,1008.7476452486678,1125.2034615832729,23536.798828228202,1559.6703032270445,166552.04597725545,0.06896813104446899,0.004847686438721553,0.1835365706221613,0.15012557942279808,|NEE| >30
100,0.3410164318164608,0.0060645023361855874,0.0004830895892477799,0.007368085187033815,0.0003631683184072317,0.009687223845083349,0.07303173024158365,250.44613009293798,20.652051270710707,45.54495590683159,125.70603477703477,0.8194649201837858,229.4501246820349,57.7544036957294,1017.444420141501,686.2116656991376,1188.8618747292933,25290.978361917285,59.404769079476594,42353.668862014594,0.24326523836748204,0.27917943123509953,0.02407151690205742,0.11246738167890019,|NEE| >30
101,0.5392031462668311,0.0028846215841266264,0.0005062741694419481,0.0014441332457536058,0.0003184068393584206,0.0004096223052179862,0.06714559397063088,140.9766534624344,67.70760973672216,56.18712736838,43.53493729112813,0.24292761817395653,102.65010012791805,17.116025597241112,220.58741612973512,258.23424771339825,1169.713230179973,3739.163164401438,1023.3263167805861,67555.24922711495,0.054289175805793836,0.0005434047642277069,0.38527735011775777,0.020686923045389608,|NEE| >30
102,0.6833262708960639,0.008866215614537635,0.00028076526079424843,0.005912796265835175,0.00025714924661843024,0.003537766462414443,0.05729849895959779,48.84818096680761,99.77895747789881,42.450068501719,66.3477276842282,0.41400694015137585,143.3267142232495,39.72457793575917,724.6680407274808,1845.7240594176844,302.0137408350513,34137.45366708743,822.8995064883081,27113.887824070567,0.03860869299640036,0.16646913883021439,0.09510109636065321,0.01649480091666817,|NEE| >30
103,0.4352071064535634,0.00965006338875942,0.00033670188447430544,0.008775056209878564,0.0002993130789840236,0.0048578295590848775,0.07383483727894333,47.68539121266758,94.71906692757797,246.0014622674253,118.99707303789327,0.7361505178851683,201.41615723535898,81.01461792799934,931.6758723950976,1801.5747081611946,1496.0613089404053,46646.32503504288,1528.9359477161372,19066.20530131648,0.20598289185545515,0.16979409490364503,0.11300038222503934,0.07601552456229717,|NEE| >30
104,0.6090267548803919,0.004377216716831786,7.299384131369401e-05,0.0010632045614144064,0.0004099607322990075,0.0015997197425051375,0.05938888922403904,68.32441432944314,17.13570677324057,216.42012641014202,79.11999960228226,0.5064803201422048,124.35680912179302,24.410588490719764,1396.5744565593286,1595.478650714034,935.7582545354992,55008.72395883822,1378.9056342268143,182862.2263026559,0.14241361803613642,0.1576445829727642,0.08822684206463433,0.002688202046073057,|NEE| >30
105,0.41048519615522827,0.004986672982090196,0.0007381974835466493,0.008638417565958378,0.0004057472828983466,0.001784731185093008,0.07164679098861582,156.39994861388752,99.04354255547878,272.4240866063263,107.04227658950548,0.7935941823928246,88.80966820085935,68.81845692554184,828.5399393717852,763.8091195534292,1450.041147497944,58647.08123497687,407.5461061784938,11586.880731771966,0.05993083800551159,0.03508215569929299,0.0979744809047681,0.3965273292351991,|NEE| >30
106,0.6090667450689475,0.00947065987377064,0.0002591720013669161,0.009521966239650233,0.0009530094151628123,0.009045721658163733,0.030070218206880647,326.038468883964,43.725709356789956,327.4560583297997,97.38997146888998,0.854849126606695,58.915885472516614,97.18695339114282,834.3775563929897,1099.921767172476,1059.7568969080608,8301.64181129227,405.55640656486315,77393.37519234451,0.07093847062162857,0.159984097170019,0.01096757724792724,0.1490431098914777,|NEE| >30
107,0.663698296941018,0.0009580657402031067,0.0009438690133237225,0.0066660625634642175,0.0005675954316606259,0.00295759267859216,0.03533583987870094,225.703925832342,52.9951867402835,318.5087612533775,126.35226013663691,0.5434935763807562,304.12991424267346,48.21810751024868,280.60462661387413,1274.6564257089367,893.1888233013643,75035.7567244756,1838.0957559300243,94018.25671306816,0.13189437994673336,0.033317238018103684,0.016609531054766168,0.15448055403937877,|NEE| >30
108,0.5208470942452004,0.0030508581154621893,0.0009338358056271955,0.005683247558248923,0.0007011313550656427,0.0042487721786118714,0.04954004382136522,256.3601205617319,46.700498901036134,319.4793216226226,104.91851680618751,0.49662033612246614,59.02940847174603,38.143973724259766,587.5667660091344,940.1646546201642,573.092247122199,87082.10081210089,1156.9904406335354,22219.62634041781,0.0999995260526591,0.1348505560861306,0.1315480066559325,0.11275481696007733,|NEE| >30
109,0.3787818926380677,0.005354845914430324,0.0008475210878861405,0.0067794838957039244,0.00044005669005906894,0.0017937668305662237,0.03351397031511949,178.0458476365323,54.49323012933947,176.97019098043864,88.92016244734596,0.7238600826690665,255.41332329670487,76.27641366129336,639.5676711884047,1353.3213932889707,155.82322177308677,59758.82726896886,1714.9125336794955,55814.66343702641,0.011683445456731063,0.00542023939821479,0.11621255782486745,0.48790186468211894,|NEE| >30
110,0.6399355777033677,0.00735350461473454,0.0004095360345930658,0.0033323416951164747,0.000515989175767975,0.007954350935672596,0.036119742426260655,357.92982031950737,10.717799560684453,325.35335063445257,133.7991810922951,0.4471068106636962,278.5670780076409,26.313284008159926,1415.2533929010526,1377.1901217404518,1655.3923235707284,18483.70633869044,118.93159755335226,64072.5769504654,0.16900204176023856,0.11206424064486196,0.027988896528312338,0.051009243363219416,|NEE| >30
111,0.6638316553132088,0.005832692565684712,0.0001778580570430951,0.00434094889301875,0.0005942879711295834,0.000394595335235468,0.021162957351087076,219.7686797461583,25.747955567144118,140.85760948506268,29.246957281362313,0.9870701993110774,385.0697811045625,38.798300232637125,1331.1891831009807,872.9273514405901,932.1463041307852,51870.60535579581,198.82267741037703,86345.93554439255,0.18316237079034536,0.041925314267640706,0.030988272795209854,0.08009238683359528,|NEE| >30
112,0.4258945196398367,0.0068413158934331275,0.000794606148258289,0.004920727780366738,0.0007655188884760199,0.0003859924852105858,0.02648699932103746,345.32804513809685,18.844726920851038,360.85475891619745,54.817822222324565,0.8413679625003673,243.76582432988943,86.69571390928452,197.48891653776778,1615.2616721416282,1570.020128207183,17185.000790210706,1754.4798484798978,105844.2131786863,0.02375547355918632,0.29776781228593985,0.0718427252395578,0.18073946927547938,|NEE| >30
113,0.44996144646429964,0.006394937705976619,0.0007879157834668926,0.005494710506862917,0.00018367566326477546,0.007830977967917527,0.05490795080538216,177.79179465680505,49.05502046096935,118.66294882256584,132.14432763862652,0.4503900284935009,348.3119544552391,54.14482815481886,271.6702783204653,437.4589961936189,1316.8035709627557,44488.042209376705,1669.8710693008875,165810.43262683836,0.1631049528697853,0.17367162985373844,0.12131059242138167,0.09195137839079506,|NEE| >30
114,0.346327241439383,0.007627206091405573,0.0007617777310747306,0.0017333126724516192,0.00038502348765066645,0.008999531913994406,0.07282974507737663,292.750592907449,29.85075531408931,238.16512803579812,105.10204328917632,0.9617097872660739,359.83547258149076,55.447208668570404,1681.2494711619809,768.7337043566994,1516.011945220699,46923.71000250321,279.5876751826717,129051.45680731718,0.10373777986869939,0.06435924937241225,0.4629443014430726,0.02263142787643285,|NEE| >30
116,0.6966580390456641,0.0055979587171388475,0.0007184187515906144,0.005045934728606565,0.00011715500334037511,0.009811582704122107,0.03194568680515231,169.29775710113523,15.081513298548519,285.6932610754707,127.30130855093023,0.36682211392379943,305.32849623107063,11.972577214038056,992.4069380185696,213.14053546676968,497.6773402968442,15685.75737922861,1591.8928828857352,154350.39262931797,0.17204713668698524,0.06612398153070687,0.02822643065162863,0.03694441208501513,|NEE| >30
117,0.6842237659463746,0.0021670323963730582,0.0009189534242813087,0.0049665623591548655,0.0006192800593954311,0.0015487631784026708,0.025543125521588012,163.88274482338323,18.96686621806722,313.7921498082371,61.26185365981142,0.4612591517630984,205.29767506820306,52.16838716896083,1383.0379152352014,370.44155510286805,993.5619039096996,15912.332559870874,616.8900071624286,43250.35390869762,0.05259446594288561,0.18532029886947535,0.06908566226971156,0.00877580697155293,|NEE| >30
119,0.5842095570103611,0.0058433822237163105,0.0008115359480822855,0.0010179834808585074,0.0004971440716289182,0.007693963805722943,0.06077176789031878,325.93337639478204,55.756346949173285,243.62603288735508,49.23189850104193,0.23555215242316196,394.11826778021816,19.859474989617738,1598.6752920440795,1283.9147483374811,336.8672874005745,77114.56903226188,1476.1013275830721,58836.75045466075,0.10257084862849275,0.04200704572221006,0.006855878853949509,0.26435666978498656,|NEE| >30
120,0.3032011033185127,0.007466812124227655,0.0008816071079904511,0.00688019304769061,0.0008467504960827716,0.004668870970213369,0.06025031131669949,135.34508225738594,85.89791489644107,314.4617726458089,147.35199103503328,0.14669285130675663,256.60409041822766,56.32611284472047,222.71165673656998,473.49174028869226,946.7555425565693,91348.85695022081,995.5296214540282,40218.95121880978,0.38670916185510856,0.05862722014504178,0.2013697314538014,0.050092783227535555,|NEE| >30
121,0.5378073803053931,0.005665704110030369,0.0008334502075331197,0.006880917684953917,0.0008151464064549775,0.008694216551268506,0.06856852944336732,292.08229554272975,10.020483524856754,281.5398007328411,106.32004550752981,0.16173016952837665,134.14178873274534,27.3797245535767,1711.829788503951,1799.1253369213628,1177.767337239181,62743.77977351016,781.9337328948388,59490.88883064428,0.1756674885103691,0.013513884152062177,0.1957036688349385,0.077307578197237,|NEE| >30
123,0.39166514305673095,0.0037356755630007493,0.0007339970669960746,0.0005798884454662612,0.000594571715896602,6.526664950573852e-05,0.07207825434867797,230.5390515632136,82.97944441479925,44.0205394001082,136.05240753648678,0.17047859038422886,183.67130373863742,72.81486108165618,285.9890616507538,130.87541029355702,1090.6656413179762,27755.696791114657,1177.7162519860972,75557.64737735443,0.3216802860126491,0.045224993969563324,0.1134015963518868,0.12802798060916984,|NEE| >30
124,0.33033006708377816,0.0023167993593228523,0.00026143190609679315,0.002386530273529095,0.0007747815744028217,0.002900121741809198,0.06870642485507523,74.36800081415915,93.75124377830163,279.743395745069,140.7915676411463,0.9493817743801518,75.11323334212302,32.22540275201553,1718.7535910875745,1992.6405424884435,643.7010498129565,35625.49938853468,331.7637255713945,131980.9757199646,0.05850901293709167,0.09065618355775201,0.3718024546094413,0.148702281811937,|NEE| >30
125,0.37715194893019777,0.0014217481984613975,0.0008134375538036249,0.005703868053864101,0.00030277218825043535,0.009876962813401799,0.025726862810446068,142.31026919264008,63.75954719140805,226.52863344025172,72.63468392973633,0.4319018207349595,108.88287255378205,10.566815812481,941.6736231738269,1082.9258739921577,1414.592850510151,83804.55807492534,1085.4640593996603,82287.3957803184,0.13281746492012309,0.1538584926633793,0.027233070743521118,0.3089390227427787,|NEE| >30
126,0.6689244094576019,0.009648580349780795,0.0008910253591196724,0.00716672887482844,0.0005313582492491266,0.0030685070316275567,0.05965889191045394,116.93230211520829,72.91459849465872,117.93396800238516,58.27622591577983,0.5828045422072341,206.8919842030604,87.9685069589169,650.4988411948196,543.3114839675168,1941.1855737551416,69760.26706263726,1683.7227849281705,3551.549050455612,0.0332377384373272,0.1655920382610857,0.005485723161998227,0.12676009068198701,|NEE| >30
127,0.5818690024956638,0.005015950203424986,0.0008804109369555881,0.0040055001660866795,0.0002478500926822149,0.007330173871882104,0.040121692086897934,200.5740960416594,53.132228216642936,150.03859044474882,81.16056493301038,0.797596325225769,289.1078996415978,90.77304397575668,1213.7591838725411,1219.530772942748,1961.355342388727,23272.178967915643,1798.5467143095884,128687.60189275115,0.11978132399722718,0.08913431565837492,0.1813107532737332,0.027904604575000914,|NEE| >30
128,0.6887222165305507,0.0042269888661133495,0.0006247302973819256,0.0037212838728117813,0.0009338838479452113,0.003954190511006885,0.03692040637811956,237.5999047639432,68.98640642890992,300.99791619418346,100.38122461487114,0.7714168116251807,48.278594601015435,71.7663192724818,1830.5782868013177,1754.3055852243933,353.3428904837672,48619.090295444075,1023.7309691184367,75145.8056014823,0.0020230721722035066,0.016922462227298873,0.11891269053704409,0.17341955853290283,|NEE| >30
129,0.4931260495774333,0.003979151333691671,0.00020270330927981315,0.008694818218810582,0.0005712579201591351,0.008170336955582797,0.022916699431139234,284.852180517378,28.58598207252036,281.2195282618312,141.7268873647488,0.17959660940830077,219.6118861904589,29.701235265944245,815.9163467849922,695.5310571908362,1108.6342756512847,61991.45151975116,352.38608581187464,185044.04715907853,0.10917367821828862,0.02821660928673626,0.12737858987340295,0.242105073044139,|NEE| >30
130,0.4027538472018174,0.0016277843717046202,0.00028499372360223606,0.008191012707365433,0.0004805038857836384,0.005057131637504034,0.07747740382295239,300.46077409135813,64.07261666273789,82.6781730849604,49.65035273076419,0.566115140860212,148.42818793086457,55.86648744597361,1820.502317908073,1287.4687949978777,751.1441147366896,30481.41764774888,360.28211132068986,128634.1982222652,0.07747694005696555,0.12961550508652767,0.24239577113054134,0.14775793652414806,|NEE| >30
131,0.6531691480859712,0.005553058781507124,0.0002892905630507017,0.003008200226337115,0.0008951365489434974,0.0009079257963765961,0.07949359708217835,221.20872265430458,41.60006908580749,291.90249629066716,148.98717560835772,0.3589623347415101,113.14217433726006,80.80089806642515,333.031722829662,1308.5499691344262,308.9662374938456,60845.569875098816,278.188369663539,22877.586707503768,0.13792177629468777,0.15115713450682933,0.024846133108379784,0.03290580800413197,|NEE| >30
132,0.4542290372463032,0.0021499131138912045,0.0007240671097806178,0.0008709512090522448,0.000379868978656749,0.003308451754304577,0.059337508278974785,264.5762324515341,99.76223699726816,150.81290916216147,132.31955682550554,0.6369414740510598,346.2090754430051,62.91420258690707,1415.353077915761,1193.0412578543323,78.12650297571753,49293.2963371838,960.6586225721181,191958.2533943943,0.27810295403573454,0.0740096772247389,0.15130942954277415,0.04234890195044924,|NEE| >30
133,0.5548011773949119,0.00831005990793557,0.00046068054654841323,0.0013025632810679426,0.0008368233171119067,0.003803425671498403,0.07220061011610351,244.7152265522152,39.312623909167016,205.11874314648247,31.818928842006155,0.533584527487808,60.73122062025851,14.114079056380405,173.19285469787314,191.3464809377271,543.592341978784,33081.75978429044,394.0441072747853,129798.18328412621,0.1919646764487903,0.06725872686688807,0.058067178096298244,0.12790824119311156,|NEE| >30
134,0.5338998238171228,0.007776302662586364,0.0002871268222461551,0.008192287030441827,0.000707232481706343,0.002089705938151304,0.03707469816522893,209.96682478165914,69.92078176776562,158.5630310284502,95.38390491697591,0.6201712293274664,271.7812888967427,64.7667256199839,1851.0026132994,1348.6898269022556,1540.537265510237,43930.658225702275,464.21773772663227,178676.46777902285,0.23673234178692545,0.047095654575382326,0.01306895479358093,0.1692032250269886,|NEE| >30
135,0.6304579872853251,0.0035798908009426014,0.00036402629863482915,0.008053227300279046,0.00035907726815192316,0.005796414246912891,0.07249418764508696,336.9202574611826,82.32970502692379,123.63816353273855,27.638219139631865,0.35854107052517237,380.4379911790394,68.80345725829413,1320.146681665361,365.76991157555153,1830.4269429898263,18652.398309610526,243.173666864343,75935.29789003854,0.15199359797836204,0.02762244523759223,0.08431394807074472,0.10561202142797597,|NEE| >30
136,0.3961840999698383,0.004680528162763766,0.0003274368744620677,0.0012200102586439581,0.0009643140154118024,0.0010717079370970639,0.0721628814544553,226.10401640426414,41.648467538535485,235.56663172885132,115.72909368394993,0.37016631003592815,193.77174399159387,85.94259115313439,966.5754787079819,52.398010147072256,1680.1661812316845,16746.290122097907,1480.1888812333673,43005.26902453374,0.13881590750836997,0.31211839024813653,0.12928883552183454,0.023592766751820662,|NEE| >30
138,0.5857512495614416,0.0004851546020730383,0.0008575903332717247,0.006309461836526633,0.00030662223804204543,0.00323548149872873,0.043862937367504115,290.7903674420338,48.475292065123966,347.1863860442013,33.31817270091025,0.3121628602833713,273.43068319730213,26.64520452889694,1472.1301396689908,522.2512840706496,338.65179981864355,98779.23549594432,1864.1183786919653,110569.93915594395,0.07355786154568192,0.19562072396346863,0.02138104979732715,0.12368911513208067,|NEE| >30
139,0.3254329109513789,0.005781137213644644,6.338650550826831e-05,0.00483535072243931,0.0008517693750866895,0.0034394933919345977,0.0675801194632516,284.6457424570865,98.88798490950593,235.22316250834388,73.70093484214362,0.8500577777431116,311.8598313296724,99.36994999664702,1446.1958955159428,869.4019010257385,928.953071577954,13019.785928584944,1383.431822552052,89262.03746807053,0.07985366066004797,0.020800859130988017,0.20325227463537796,0.37066029462220695,|NEE| >30
140,0.339865414892177,0.007531122074629761,0.0009237893233621473,0.008092738340754604,0.0009229246653676612,0.002502431261816995,0.03368803907900164,308.62561097683886,31.777795058488223,329.68085259104487,46.785433044638,0.6992807339007099,233.14632927438407,43.89808863591278,676.7171981685591,1024.9741994152055,1475.040153890549,52148.18306168882,1324.3949852795286,46280.24801026771,0.12776410231610325,0.3674422127179592,0.12838183550971838,0.03654643456404229,|NEE| >30
141,0.6169678716316649,0.008410066620577581,0.0009366575132777142,0.005991502195350083,0.0002810757260618707,0.008183910835635765,0.034815162276692874,259.5341517418211,66.83426290039178,144.24220389723595,141.34874574687456,0.6617974893152168,63.4115809611168,87.81131841545181,152.16780490367583,361.9061108367013,481.46624917126576,43819.41794480798,445.8763218187366,61746.54137029472,0.08354163519474131,0.296588657280694,0.0006493712728678299,0.002252464620031986,|NEE| >30
142,0.6589876896542821,0.0006271888425742252,0.0007486186944066788,0.009142459540532742,0.0005237251527755067,0.009213760083820072,0.03429775928352766,329.03792241015486,87.65497843447253,331.97723009603357,34.63809964283941,0.9581801383304457,211.0686860668441,43.00994402307197,1256.0415826487463,1255.5509336324183,780.2590652565774,9225.892632710138,1080.6329671585238,170223.84242484518,0.013436321402761206,0.07368934869418807,0.07835973069238969,0.1755269095563789,|NEE| >30
144,0.5429383362490574,0.007385999521303902,0.00022950096149480537,0.003842271622577004,0.000898717091353502,0.001222457295670784,0.03225448578556367,330.0945301123959,31.924655325344013,86.42735599201019,28.46598139839876,0.16722111503898743,133.35394799018917,53.61898813435689,1381.308747775486,1323.8777494373485,842.1820151997762,6639.196451989861,1668.4920543538353,135613.6090543872,0.042394258563501236,0.2892862422894029,0.0012154094244486763,0.12416575347358973,|NEE| >30
145,0.5983541419136822,0.002271634109508147,0.0005446877898661601,0.006329870681232955,0.0005121931646982417,0.00843252340831222,0.018860844778013194,352.5929957969926,96.42066811879772,276.7180694316568,98.13725238622239,0.8783758638169227,371.44731963705976,24.879086433006645,1962.1612519684577,1639.727491021521,75.20279751755238,67826.84877821809,1662.1678781435407,166633.22184455913,0.10800624338452966,0.23029794718905217,0.06179225051481773,0.0015494169979182934,|NEE| >30
146,0.6811815005722277,0.007993898922013206,0.0009400622139926605,0.0054947647161744375,0.0003945175709634638,0.0064254281067402195,0.02654556544074728,109.07059772908221,15.752575366400716,344.31282111700966,54.315347851751895,0.9468180171263838,31.623900060687202,56.30191354779536,1450.8318236888595,1426.3019216529995,523.1724532708012,3517.8063885316783,263.4569141507087,77388.17421247855,0.04565946087620947,0.2180349418991809,0.02916001700283104,0.02596407964955081,|NEE| >30
148,0.6678381750066753,0.004894179041579583,0.00014489908083279275,0.006952039393704687,0.00026748428965939805,0.0035139577481492204,0.04801829097414965,332.22869602944826,49.795903542971146,312.4954658481887,83.60548961795148,0.7994440448914134,164.7874705834475,92.184092509578,712.2288223934888,233.63050897945504,1050.716139834691,98589.89366236824,1570.7769298438225,145058.72090398238,0.017202497479618762,0.08108185487478836,0.04281469110822337,0.1910627815306942,|NEE| >30
149,0.6677453367608208,0.004502974327413925,0.000830888322204586,0.008632859267635077,0.0007606906214715197,0.007539135936826854,0.07774529575350073,225.4280512306783,44.48788233224136,342.58335741565315,80.61829083582059,0.5014165690565167,168.88625012790516,41.64666119786283,799.8821700279332,578.9351528232943,1464.0503296910229,80540.41917434179,1333.9751855751704,152945.6834007837,0.007932946367265992,0.1216232591910089,0.17352970682624405,0.02916875085466021,|NEE| >30
150,0.39034681646147706,0.0001247700399112597,0.0008975558014951491,0.00729433419848529,0.0005871483306122027,0.0017518205525440835,0.025235361092948556,98.56409395799544,41.59607190460684,167.60443809210253,74.44976506146767,0.28847562913654134,77.42179141325857,59.994742646938946,1824.3491028271908,1537.949240137995,1321.9274480773122,10767.362210757994,803.6189520988598,59102.704352795205,0.16779790725051433,0.030646064875929725,0.28928624470216385,0.121922966709915,|NEE| >30
151,0.3074743493967332,0.007002336075997919,0.00076787215919339,0.004260822945379878,0.0009469454749722132,0.007857030147413851,0.06947809448668152,29.06235389251824,82.97718202550455,140.04394601122294,113.2382114993293,0.4571831116278734,385.94581195443,31.0698013147766,437.95306519775346,546.2459966590707,1179.9051606021194,97075.34125112469,648.4381829700209,176284.92971799348,0.22701112259418504,0.13354704986307722,0.19355868601832435,0.13840879212768015,|NEE| >30
152,0.5485955912174683,0.007056087179146616,0.0008539127401264792,0.0023688293484505738,0.000587405908290067,0.0004501758265872581,0.04746261808983429,5.260650084896556,90.07511276534673,246.19932071411296,131.35142330037053,0.48980728700814363,314.69807635302175,33.2191874752984,1859.3690270583506,472.5640264153758,1372.318417261811,82113.85915839997,1990.5209107647106,11903.95321531192,0.00011905745476003336,0.28224278401882263,0.1504511390801418,0.018591428228807234,|NEE| >30
153,0.32062729204380525,0.006829807949176373,0.00017155848683371433,0.00017113723660209162,0.0005213622810703958,0.0007534242926606796,0.045742965999483395,98.99663222570773,46.34858515584998,22.948625611616407,78.07527348962296,0.825193510199624,102.99346889132738,80.52947341127701,1316.6475150592578,266.934009128478,1310.2692569693656,75695.7968544226,1540.244943345348,196147.10252640967,0.003048722031016828,0.028523342732080084,0.029536953536269034,0.6182636896568289,|NEE| >30
155,0.38958110380733496,0.00964720117783908,0.00047012525078697105,0.003769365893882463,0.0002639899655073384,0.006654449613308085,0.043074236250553136,117.5996662418375,62.4995871865465,127.31485923779532,76.9116015851084,0.22224590457704918,364.37000995159326,41.04539189596343,1311.9790736643567,1853.5129566267167,258.22327342489547,22622.281945488347,1085.3080183150178,64045.747166995294,0.13958015794462497,0.09059141846226552,0.37414501231995806,0.0061023074658165056,|NEE| >30
156,0.37581251309361374,0.0029120131799848796,0.00016301100631359967,0.00039188071022445124,0.0009823062783020388,0.007728534088404496,0.043779853460338636,194.47393577604643,58.67407727782734,146.11537809402938,20.519608182154844,0.6485627400178378,318.97891871174767,43.78960153330274,360.9003776351501,86.56242078507852,113.27144331006818,83356.98668300155,1214.9249003270295,102036.17986937443,0.11275959773397864,0.18162753960812295,0.26217500141981276,0.06762534814447194,|NEE| >30
157,0.4074985529783608,0.005707256091770574,0.0007707346276432573,0.003355507741630689,0.0005837541381139277,0.002132626799092995,0.06104244008610028,100.46544883806799,44.14053624871159,67.75485426960516,146.8041708461613,0.1878115425085245,110.69078035923215,10.0388730775555,476.25086733832325,199.83810732584718,310.31672443387384,98677.23384618183,383.5639527046563,151311.2415600358,0.15031665334132177,0.11210332942751022,0.02741044816892337,0.30267101608388386,|NEE| >30
158,0.5146107758903784,0.00023679328987636549,0.00041657753997452257,0.002298556272124795,0.0003013822023331267,0.0005621528848677187,0.0670166407750279,265.0995991142359,22.423826082148107,224.96597689307316,94.04819107067101,0.17187184118007237,104.5262367866581,77.11994543470924,443.38983875553834,1580.117635287731,1675.3670708255167,81771.70789670941,1688.3857748377395,111202.0388881308,0.02124774577234802,0.21107543150406524,0.1530799027388537,0.09998614409435462,|NEE| >30
159,0.50856852191348,0.0024979969387317266,0.0009532913306075771,0.0018618075680682093,0.0005610293858634773,0.0011230046508239272,0.03403351629757302,50.59669671642007,71.3154837326128,126.44785512969908,50.728170601948094,0.2106064599432363,313.39963452871854,99.84692941011454,739.2164251384676,935.4320314995646,782.2149956273322,23842.19494136569,1320.639512698811,90508.37144395438,0.23859314071587845,0.1264384720299266,0.0786009359738259,0.047798929366888974,|NEE| >30
160,0.3870202744352962,0.0025843447757715908,0.0001909699912112479,0.009241565621292,0.0008621247627331627,0.006353997321676764,0.03598211375244285,267.7463203498397,74.65056499105808,166.42102434331002,59.4977011308336,0.9472461706769558,391.92869734800036,39.308721016196316,986.3178141076864,1832.2563869793878,1864.101839870822,5224.091021030709,1613.5844060730017,75765.92340651262,0.38943217009080394,0.013622932325919915,0.126608746469505,0.08331587667847493,|NEE| >30
161,0.4575965015592658,0.009690873652580308,0.00032365475432131693,0.007867198850007247,0.000906904186296476,0.006086478856356387,0.052611035489764355,87.87154713458794,81.31676326184039,316.6483851913496,126.4159596521581,0.5286108462849909,369.0033051841896,91.74408893258342,1725.309672900805,272.98507206119484,1479.1731767113256,28427.701922042485,689.6791651590216,199771.99659425736,0.038137910891799666,0.22340060314299337,0.1135180137505605,0.1673469706553807,|NEE| >30
162,0.5411043071202704,0.004052440973986318,0.0008225174266529772,0.0018944023372676423,0.0006629948484326305,0.0011729929036059044,0.04240803744176541,312.6659816858804,32.942584102036385,151.4239606376705,76.56773881475009,0.8451621506353132,49.57392457966677,64.13702832502796,942.9404074882422,1134.6976926794255,1263.940781887645,94340.02436995025,657.8429961614679,39957.890627429835,0.2357587880984432,0.030414456381803852,0.12049688437059275,0.07222556402888981,|NEE| >30
163,0.5326629186840058,0.007451936824041595,0.0003785660006634514,0.0009044863938321364,0.00033618745071875664,0.009018983168810165,0.040284035828060935,297.0112031363178,98.55632631556848,17.516390384791347,94.1464140113148,0.6022990467263811,24.768027556488136,91.38981599575031,189.14132952415156,108.99348466433062,884.642548176613,47626.6156516574,819.1129441448643,147416.4151683203,0.33283214537686384,0.040741000839234744,0.07788845921582956,0.015875475884065984,|NEE| >30
164,0.3408538894965865,0.0026887785845599267,0.000690667719737054,0.007680302184162691,0.00025278138218647533,0.008775409164930621,0.07031803306992286,121.9509695497027,34.49998506760656,65.67579423394913,67.0804455604486,0.8014349803318219,170.02790382184085,86.17681832176241,1880.388433406407,1444.7985287270358,476.55051451004084,77874.86498121289,1078.2355653560398,39153.39254105752,0.05159898294902906,0.0565254809779599,0.4357476802466186,0.115273966329806,|NEE| >30
165,0.5768613311054656,0.002342805912964775,0.0007929718430459609,0.004166528693633129,0.000648355449829147,0.001401181838656674,0.03770692016547171,125.81753907658559,31.244138854821884,198.6096608077936,115.7818615766228,0.516467217752266,383.7439349858339,66.38175569889061,100.83592019513986,1223.9621587914141,851.0417499665564,14728.564313977791,1054.3682428533336,176360.82418369496,0.11104054284018672,0.2137199189043693,0.0071589933832570726,0.09121921376672135,|NEE| >30
166,0.4631136202976477,0.004474048433570229,0.0006053940839572758,0.002466262920057323,0.0007428037941812535,0.002352342824831481,0.024931195670708353,232.9341540711237,36.78164166623267,251.70155689711362,120.38220408666979,0.9432571202712255,220.84160528773822,90.92193821498412,1069.1338858853492,1549.3333997464026,595.8713260537347,88964.3411695495,242.2056494748254,175352.21623054403,0.15109873878198118,0.12109057867879194,0.23324295412737417,0.03145410811420507,|NEE| >30
167,0.32379212292350323,0.0018160162094761198,0.0007645472762976053,0.005448234752057307,0.00040107769789358386,0.00997137157845307,0.06841701291852156,225.58176509891902,49.1059571087213,164.09988246440642,20.49587755695188,0.9938210826931994,222.03162285985022,66.95573240925776,1036.308914946714,1076.8968256617093,481.3081782169355,98490.65759595086,1962.7559264092547,115180.57931014907,0.03651888580098678,0.3993250751596975,0.22565174004176378,0.014712176074048738,|NEE| >30
169,0.3819351338633405,0.002652088623920617,0.00013213147940164223,0.009449377279629327,0.0006122314339953476,0.002398685067200084,0.05382297540741997,232.0092404110807,64.44082625574444,33.26702722027518,117.65041471345477,0.8556034960246709,104.67286626090014,84.65576963355961,1715.1330313282892,402.8947601783679,711.0653523107424,6716.457650939179,613.0103430658264,71074.73425340604,0.19092434537038583,0.14969801613399653,0.20081987320849667,0.07662263142378034,|NEE| >30
170,0.3957934288868409,0.0020850941925221185,0.0004566205911130446,0.007550018174486289,0.00042974628995251453,0.00011840847672966647,0.024972252202174083,359.3051110251442,26.815583296788517,305.0351379820215,53.927486131690365,0.16870193883681234,299.44809529679065,21.974225301370687,1003.7707474970522,1316.264487909952,875.1191164650777,22478.48406468053,1874.878922585868,170650.59689569726,0.5218979843169425,0.031242211127509092,0.03446879986826193,0.016597575800445685,|NEE| >30
171,0.3629387596716747,0.0006852469141416545,0.0002207842712343308,0.004959233826977827,0.0005216420222232464,0.00020053783582561364,0.028303940747926026,199.27125718802714,92.54149409618634,155.71263370293156,47.1359631886356,0.5446018022484427,53.433534499839794,36.1123547760824,1901.3201562932506,913.203823150086,135.15309147648352,24146.51005391294,91.64421320704291,58433.85991533391,0.02952757877908503,0.41677957420218315,0.07777335152590663,0.11298073582115058,|NEE| >30
174,0.5796290647932218,0.0008731599633346216,8.527818597642196e-05,0.0003755441600879677,0.0008742921915851587,0.007006445577556448,0.07764218355016578,84.8758418578513,54.52466078260548,205.870532514308,94.18610060922539,0.45292952245074397,325.13986727483865,71.39783836153366,1805.788570544934,460.9084009643069,1473.1663118749652,58443.72705263628,251.45423504750255,127505.76282751354,0.17735884959435672,0.1378708799578833,0.046723868937200236,0.05841733671733785,|NEE| >30
175,0.4293019954696588,0.008563210217921592,0.0008801966084492071,0.006966325146190555,0.0002440511365093056,0.005095924807936226,0.05193110245005185,163.5504597160053,69.85889087739906,119.41953425577132,115.52933231923687,0.9262800411782547,383.60433011690884,27.722562906302173,1319.7134412717933,415.9057253891806,626.2689886969576,3314.0224675704635,240.82594978628916,167965.83366347666,0.03263036406397974,0.38026807060706214,0.13250154572591555,0.025298024133383612,|NEE| >30
176,0.3787672566906791,0.006872027146935401,0.0009872265319973482,0.006878463236057278,0.0008836744659876557,0.0014284254288139285,0.03247839376919874,247.86060683519716,70.03385803700579,256.7331070492658,146.56071042403136,0.5354941139678315,281.16787683047016,24.104607104898125,690.0771416244175,1165.6361114132226,741.8898794124583,68573.12887134762,1979.709583169171,27333.798713594795,0.23212825913735713,0.017423752251315202,0.08690754995752405,0.28477318196312446,|NEE| >30
177,0.5972759963840009,0.006807777284638697,0.00023082093416910426,0.007210754614224475,0.00032474956140625627,0.008023761765545106,0.07669551919641011,142.7921174247341,48.47204939937616,148.71060659052458,113.52231090397528,0.40386517324992005,338.35999780594284,79.44020529133401,1300.6115551556554,1502.3008950581977,1388.906319255043,48263.87236735722,480.0154905348372,136974.70381939271,0.09717512920760864,0.11380557906181372,0.08773419061041775,0.10400910473615904,|NEE| >30
178,0.4783632835443362,0.003929222993017424,5.080032175568562e-05,0.00759324149115138,0.0008866999163357802,0.0028537489934625203,0.04889055682857632,296.93852020921537,62.54545044997697,303.45615164897515,94.20381300954789,0.8557463131583144,338.3798146472294,71.81516784982841,1234.9787834632161,1238.6288829480059,1689.6007286254298,83036.22097233421,1220.540554304409,184597.93643763007,0.19469341218846434,0.0989770549529085,0.11243057095864155,0.1155356783556494,|NEE| >30
179,0.6144609998398902,0.004605997419177831,0.0008370222651420547,0.008559521528136127,0.0008491293398446057,0.00819116930455225,0.020928011017081107,116.48558057377791,84.24775445374236,359.3851401987434,105.69222160218818,0.3751470126261382,271.1184694525387,61.1548184715893,270.9075967448439,656.3590802359226,974.3211002882279,47159.569481848004,1353.2567072448212,187652.43636559483,0.1349960029771223,0.027241506680756318,0.004650561054016278,0.21865092944821488,|NEE| >30
180,0.41210384013627,0.0029664705724255897,0.0002265142581188874,0.0032853178353689475,0.0004783159281916904,0.008273128740101688,0.03376395276304947,58.1978900242071,17.493318264318248,308.5002799271636,32.875351431095304,0.18191265416674668,341.3556798569166,90.38108070065746,1734.9552704248686,1190.8108072580337,1092.2442813388184,74068.64630504338,378.82560926037485,196108.13871613232,0.012518978254479876,0.09031016942123282,0.12734549144123414,0.3577215207467831,|NEE| >30
181,0.49854220926624415,0.005191615487088328,0.0006304021426099514,0.009841983814974862,0.0008504870928555142,0.0032134396321732476,0.040981165728924886,291.9759357397904,41.22692768221735,329.5292714237628,28.697516090187452,0.3684986769736027,69.55662142849927,21.719273814229705,253.47813463963018,546.7552917891388,439.0088675707724,96313.66804013871,168.47553794108174,58225.88413172973,0.2600448655496478,0.12655572783364388,0.03165834971913349,0.08319884763133067,|NEE| >30
182,0.3907783235090659,0.005145607005203752,0.0009870158551024348,0.004803305772246384,0.000903589113757092,0.005272195665913362,0.019191448381102382,203.53653233870747,69.51754140814587,105.90128079666518,125.7707255014971,0.952377285118264,84.29749659967894,39.2031311037874,906.7345244196623,980.0530703011631,1126.5666496114172,57095.717010364686,521.8912247302676,52707.92164091739,0.1079693278823341,0.10859475076621086,0.37415393840200395,0.018503659440385394,|NEE| >30
183,0.4831183352840044,0.008416936641674762,0.0006569373308425497,0.006149053323622827,0.0007801928798159312,0.006559408982816223,0.03575054230571593,20.603973312506785,72.53146080564383,246.0173235014633,117.2882649816086,0.9297948249753591,76.12932003604102,94.45315796227649,300.64815921402004,1825.7928850306826,1631.9939138191435,28195.404814331392,1789.0189826097521,41248.18149462739,0.11341334395044202,0.03760052194904423,0.3111547342601646,0.05471306455634478,|NEE| >30
185,0.3587765416371988,0.004842759488251839,0.00010186002436036849,0.0017968660279378337,0.0004261827567219942,0.009069022441063506,0.05224717321635228,33.67393382639657,52.11851182984976,233.7089567389217,71.94080377000293,0.36143332733931577,152.30650365526367,35.73124322395587,302.98406653308297,1927.6903104751036,643.3022998479938,96875.31001405051,900.1768909263533,125188.98503258286,0.16204981927360806,0.3061209629590171,0.040405450108585914,0.13264722602159024,|NEE| >30
186,0.4495545631561984,0.0035920078597029234,0.0004276325855217392,0.000650699360554503,0.0007183394307040546,0.006794448376988199,0.06694628191214128,332.2968154209091,57.831147257858746,299.91797502079453,140.04218532225195,0.7835032764666087,45.12736691938439,62.86566260487233,212.51880436527742,1957.2908931224881,1643.6086123419627,17139.309995572905,1585.0391485674575,174895.8940750309,0.2128773525129521,0.07994484841585467,0.14078839237867652,0.11683484353631836,|NEE| >30
188,0.6825306999855288,0.004583264324173085,0.00031366141401784216,0.006267804055328101,0.000570285210931327,0.0027312564335123164,0.023405981214339965,258.5464701082821,34.10639143040771,247.39787805872095,50.93050626691479,0.25282033000229653,230.27859727533436,21.99949745853857,1337.8379177164484,753.3355802205347,35.97941855064665,64129.76450137803,1978.677562052749,108391.96837153273,0.22148418817325508,0.06615407982999448,0.013725004931209777,0.016106027080011857,|NEE| >30
189,0.5009974121501866,0.007234505172264331,0.0001576132359100545,0.009605656887230732,0.0008962297465020462,0.0055036842331864545,0.01956735146293979,83.74764799215936,66.38965165131717,194.94305859186946,118.63691313881195,0.9546255569210176,147.34025883827562,88.92392561929127,335.0747069603188,981.0388116863278,1397.829633607423,36771.89113102779,1038.1541486278288,167785.14827331842,0.008032155236733653,0.20017537421875722,0.008776361681940384,0.28201869671238217,|NEE| >30
190,0.37316541969436295,0.0014828584561566607,0.0002650368681530368,0.0031453463011927273,0.0005181993197039485,0.003716419626554349,0.03050920026792107,222.31385878611258,53.58298468931592,356.951503534163,114.74570852183044,0.18474153033386975,273.6914958933494,96.53845867336216,1825.8729917165292,848.9208612494956,291.1630082140209,38485.38342406233,1240.8942260143347,43222.455257576155,0.42295210800275973,0.06898822299510146,0.09855807413285482,0.03633617517492092,|NEE| >30
191,0.6580386677083776,0.003967807591678572,7.469125080285654e-05,0.0065345894433647645,0.0007895866079031612,0.006902741844434126,0.0785763022826173,293.7835785395479,48.77230736601378,354.82231298777907,57.17782266148813,0.8016036837925598,394.515943766323,45.56168409249883,1142.3754356143986,1608.2239355280033,182.59574858830732,16238.267915709777,1891.868738606242,195441.84893464108,0.08476925993447161,0.16344214269038798,0.07182067404174697,0.02192925562501579,|NEE| >30
192,0.48841592970494163,0.0022065399179851506,0.0004912881037554219,0.008800407371252617,9.959304006396218e-05,0.005501541705417587,0.07206896813288886,77.35998347788781,90.54613386141496,102.87909438571177,101.98313130891808,0.2608779610041798,205.3427604062124,90.66151027755873,274.86494460079916,1576.9861083172161,1023.6329238592272,6814.518979140843,1022.683469318521,62828.212727118254,0.11579654354735042,0.16978946694220887,0.22069646891216527,0.005301590893333898,|NEE| >30
193,0.4360830119099708,0.0012942914688536104,6.993888366693938e-05,0.002007010221277552,0.0005189077563871169,0.007388540991593644,0.020408520386828766,364.5500141261584,26.78332281875093,239.46259423091462,22.535379095254477,0.7600703682673303,50.12216414158976,93.92432281787754,386.3683046682094,1150.9135480485188,785.7655250654724,55122.300580560215,475.7783794239883,176560.94021430716,0.00378876106411031,0.04085662379027851,0.4933450092197562,0.02592659401588421,|NEE| >30
194,0.5911455830889981,0.0039071698713072575,0.0006652575105357353,0.005329144514773125,0.0003403319067612303,0.002848684947668602,0.036360313099260924,147.30402634563177,39.13571693631765,60.333001834406694,96.53371574311743,0.26989630149817784,44.82753102982567,63.24392296556067,780.6906776803811,1334.0774626918496,157.09041562620092,39042.11524207614,740.4429429442578,154587.3879209951,0.11094480893228309,0.06446018282329631,0.03387260261610317,0.19957682253931933,|NEE| >30
196,0.5933324047473749,0.009914903710293136,0.0005782211150674361,0.001148205708218734,0.0006386137239570609,0.009857990829934321,0.06996848460023225,176.25533339346762,24.508442527761048,312.8920090260602,102.54267318977756,0.8346921940097337,158.4026464941835,48.644928800139986,1098.6577098196008,1060.2466342149262,1476.078912775286,11464.351440488046,485.3402009296932,111349.2312554597,0.17935654644175023,0.18356365241434502,0.02409541140960998,0.01965198498691992,|NEE| >30
197,0.3459869335645557,0.00916219764673648,0.0006209279749909273,0.009070260864229783,0.0003281632957295457,0.0077158737199067556,0.06223092809630565,85.44452516428218,61.8436373690558,193.9789374884289,54.25235861512903,0.6400817665897157,107.67012565418072,40.790814386063076,768.0974194500999,1024.488245438268,1530.9046916296727,24026.31531213945,138.2236848979928,40592.200949277845,0.11827318916258618,0.07807606864962567,0.4172435326096767,0.04042027601355585,|NEE| >30
198,0.5897283513849152,0.0003824525361699106,0.0004001812164747407,0.0013372797144167452,0.0008650466298009375,0.005646198279570328,0.02635076010845523,322.901058779289,15.004111867030417,227.57284712842983,25.549807827365246,0.9360183401359106,111.77669656536402,38.9271891537917,1335.05599856582,1777.5092618867207,1593.7092884437855,46007.431852868045,25.286633223025014,128523.67262340414,0.2686163792039905,0.010008488655490696,0.07246947770633952,0.059177303049264045,|NEE| >30
200,0.5632304244507376,0.004874528116102137,0.0005294980807226823,0.0022203879540742535,0.0006511284938448907,0.0012892918373983281,0.05023563597898416,351.8321853113401,10.653633467193542,329.733726528708,102.08204278740232,0.2621669286793854,238.5170398385209,60.605131839425304,1271.3437549749806,1241.4269671242064,631.7326674148308,73751.08482035376,1245.3062663768367,69544.52711381341,0.07067480183268975,0.16319218805889177,0.015189599627448667,0.1877129860302323,|NEE| >30
201,0.564891968226235,0.007408347984913046,0.0009256792963533049,0.007474808107504527,0.0006213424185699623,0.0008434103300305279,0.05214022222933282,250.98331917107112,88.6088369186373,80.50994145100363,49.45501505441923,0.7774124037197373,296.2712317743073,45.028099081523344,1510.5278781976324,1318.728815674838,927.1902495143936,94404.32261916377,766.5014410257842,96953.41851915538,0.08484410305576665,0.12716824265966425,0.10034136977780564,0.12275431628052845,|NEE| >30
202,0.47162768518658416,0.005174109808621572,0.0005887718885558207,0.002489028358910679,0.0008600064872946036,0.0042924333043603945,0.06225613557852454,325.10723893215487,21.95976013852455,275.80041384157596,146.33645977156038,0.4147087474734876,246.6097062873857,97.70636553253958,1123.5449283907285,1093.585436083398,1731.8110929366017,68714.90714132288,595.4038591282346,42201.76916406974,0.16893188602038062,0.25647767595421544,0.023657914833497492,0.07930483800532233,|NEE| >30
203,0.49053429880375876,0.004922653549626638,0.0005050430783121071,0.004983775844945406,0.0009427234109036027,0.007880148935096802,0.018788892046437654,78.58136330852916,23.27915604475519,146.17009349625621,26.938500365066993,0.2356539022650886,258.62453930552306,14.514623112782239,190.4131268763725,492.57610725966225,1383.5416596785963,66666.00080206194,1119.659432213609,82436.23462113147,0.021762314426760337,0.11079977526532456,0.30623777171347905,0.07066583979067734,|NEE| >30
204,0.6933174710916549,0.0020895568863505565,0.00044422767523498083,0.0031518024103573956,5.855262594970699e-05,0.007995771331871028,0.07951835839007088,49.50538375735303,48.463961159716234,65.2691290712391,87.77607285810117,0.43799824090204936,396.290002611422,17.791459894695677,1653.9501531691737,1966.7800588155053,1096.9544277383095,92378.5874677478,462.2096709312337,148155.19174933445,0.1992927894846454,0.026728943761799382,0.004698239141540369,0.07596255652035998,|NEE| >30
205,0.3472818562305334,0.0016703442136244524,0.0006822502443718789,0.0008698780116022833,0.0005851562447175263,0.007362586701957161,0.07486948859796393,59.52530276073221,67.61129715797696,276.03524624829316,123.22521056581574,0.36967002300611906,370.29318775547296,81.35321435055691,589.8542743116576,778.1936853259273,1703.2335316659808,68265.51881296048,1871.200228437946,100481.03114318916,0.0014135012353057382,0.32152934480243256,0.17620237471699976,0.15357292301472852,|NEE| >30
206,0.6538910433829971,0.002737437215721871,0.0005578630028926656,0.003154588817811238,0.0008590452735202952,0.005593072442651259,0.031686933277631654,149.09739923941936,12.723771442511785,124.79874841081528,134.242053145488,0.9352490175218574,89.15141875718035,62.8998284538041,377.32317172325963,1973.8944167634627,682.391651962607,83942.7061727852,1221.7375163896063,155529.5864628334,0.2264775446882837,0.07513817426727855,0.03900125659106715,0.005491981070373554,|NEE| >30
208,0.5679716772021604,0.009091976682546427,0.00016853050723165678,0.008948632068949238,0.0006507855177684512,0.007078503539816875,0.05317700568231709,20.257377204116413,33.83002725232882,312.058211849769,117.62842622504719,0.3878467745474765,90.13037764307835,67.9321444811126,1586.0479020069795,294.3225594413987,1721.2723062194561,41095.72040723325,50.03914334270773,48998.66345493277,0.009646365209599819,0.24568981245420005,0.09777453509327554,0.07891761004076424,|NEE| >30
209,0.48648244430634036,0.0004178677376839456,6.477369183762138e-05,0.0009721454138795285,0.0008442264385530034,0.007783496432999296,0.062219728306636204,134.92742673709486,69.12662365091742,240.95602992027847,69.67554658617328,0.861323301683686,383.7428642533013,11.73424630021816,533.5400130059493,117.40261742139901,151.92208365618743,84110.89931106419,1730.4349590165555,102933.83767608149,0.025178833442986204,0.0005910098736477383,0.07744134829156583,0.41030636408545984,|NEE| >30
211,0.6273779146008094,0.005544066561967494,0.0006407316740927021,0.0005735447312848328,0.0007854471441385833,0.0034384839829231196,0.07653047358602864,83.25492227840533,88.44939284572268,319.6711281276758,73.8358391138629,0.7101255621970181,335.3683935221663,75.28613977478715,1385.4953044917456,1858.3061985477575,687.9870464720286,83192.956169335,804.4391566220944,81913.70824397562,0.1439243434211549,0.05276533800663591,0.013445415570874579,0.16248698840052522,|NEE| >30
212,0.6474223255779598,0.009846613386755475,0.0005675102114225256,0.004355885797805943,0.0007350588771774509,0.0018170815013344873,0.05158343869102547,106.81525281633893,36.74683707913385,92.14311622133683,105.1020128359109,0.3256114960851757,387.77018988078356,96.48046212445226,1445.234432155383,198.37823978103705,1570.0963383130331,61098.98126469522,1933.3393725008846,84073.2441986635,0.09259744106628832,0.05984037934951868,0.0060470575026860375,0.19409279650354722,|NEE| >30
213,0.6856788051644727,0.008967893979285522,0.0009658197653292934,0.006654234329341083,0.0002586754333823991,0.005203043621282284,0.05052549829142727,288.66713769762407,37.17366001491453,41.465450147151145,98.7081644960889,0.8009016013906103,187.37692173153212,55.28248543873646,364.49161253570895,1484.9995517018901,1404.7051288565153,97947.9136582359,207.2112296894536,160157.8819634204,0.06317314610096969,0.13414017305866813,0.030094996314045434,0.08691287936184404,|NEE| >30
214,0.6923986457471317,0.006996556350757368,0.0006385969481734379,0.006955557048136859,0.0009572413269878755,0.002059699697684575,0.03189568297393912,27.417501187715626,35.84118037659994,244.74682167334143,124.75573621086875,0.13286225276303054,236.96157104172212,26.226347361389877,126.06266319477095,1390.102742185754,1897.1823189050651,98113.2131019396,1994.8682929579788,83688.30102125196,0.20851468119305547,0.03206114119589939,0.03214486969294953,0.03488066217096389,|NEE| >30
215,0.3526223291312434,0.005400013493717648,0.0007286830742869181,0.006107655372862589,0.0006675076384076249,0.009131100390459852,0.055454533252488086,222.3299218332075,90.80394236975326,54.17323332343392,130.9798657784501,0.8292426885262832,396.59487870234653,11.911474587606193,967.9345766573078,874.2043336068227,929.2441263114393,78592.57894411731,568.9743570293671,80796.53381635288,0.01874029755745287,0.3678550316560816,0.028858961101163094,0.23192338055405914,|NEE| >30
216,0.5021103602997206,0.0037371676187874805,0.0007170081900798159,0.0023695650401005693,0.00048394008130088023,0.003119956581086034,0.03465269289195538,60.446055293840146,87.57621965439725,223.81218458251476,60.47944291499848,0.7173749922545023,303.958898062794,52.76012327650727,625.2173336666252,341.67355795479693,713.9697568776982,53957.93522401373,956.5047116932366,188104.33438191024,0.06701952215893418,0.17827511282024913,0.20640003488729264,0.04619496983380346,|NEE| >30
217,0.5270701806676056,0.005243306078645786,0.00028992999757528726,0.005415115587347473,0.00017266044899152895,0.0026452677747363347,0.06778032676977878,59.94825629234281,34.94687614866277,326.1555207843387,44.31552619628469,0.9288178107086863,56.92159557943905,69.07187781431449,539.6988194602216,353.00024481805104,599.4466960268147,82628.81854997396,713.1726991302503,159371.15425305575,0.10685968370835107,0.09454752341288587,0.14733492858614705,0.12418768362501045,|NEE| >30
218,0.6865346464601285,0.0013014264192287603,0.0004433881046240339,0.0011329483255559211,0.0004049849304506501,0.0007704190078059579,0.06868705350752015,223.05522537447595,77.1012868111595,238.86737069907045,135.35262742242503,0.2917379567337961,25.84959698207387,49.58209200296036,1391.4065181691071,1640.6600838344327,1051.7715427087744,49158.23053192447,277.9334178745588,194635.94053865154,0.03488023230732916,0.15700550139317543,0.10899829510874368,0.012581324730623211,|NEE| >30
219,0.44339045018318546,0.004424143452103074,0.0007539336683169834,0.008055009296523977,0.000500129037709139,0.008362755393069903,0.04796077231609124,33.53452647041978,94.91980688399975,236.7787667724651,27.838200141369654,0.6281869028233094,141.9273289124086,29.988018957043195,192.37847397793337,326.94648047280936,851.9756535620055,83785.74614155774,223.31837055544477,8281.68893815912,0.33953495439643827,0.013013408765076078,0.08390982872093922,0.12015135793436099,|NEE| >30
220,0.3455400400026939,0.006959548653903231,0.00023338783550985747,0.009353240708057254,0.0009536907319257343,0.0015731762777158845,0.05656989610467067,233.8302359096984,13.384818285720321,40.824557802526684,27.774593894164493,0.523608277484163,241.4082422325788,36.356085750376536,1656.0997080716236,1098.057887115401,194.81701620052067,63050.48607634299,1586.5785913031689,123218.84662033504,0.2948430275037063,0.1874764078815362,0.14610928485635075,0.026031239755712896,|NEE| >30
222,0.5454877845885966,0.0027502615630430193,0.0004114613901979174,0.0009093481892804709,0.0005691483810661917,0.0026098623009406774,0.06343082713678264,21.066199486075597,75.03288199765677,347.1217033292445,147.03300260486645,0.26970956906527443,193.4345240067517,21.157467800930725,296.740819231147,1132.5864495033882,1367.591243459005,38156.69172462702,37.03010064300233,141571.1271177093,0.11927951684311118,0.1881237786577241,0.11767800614056748,0.029430913770000677,|NEE| >30
224,0.6720666374162803,0.007258207077834292,0.0002500592909877837,0.004200301466282646,0.0008632638376631134,0.005915685793381739,0.07660420775695795,324.9963956626709,38.36202026706843,262.3767203723822,65.80190647575566,0.9869134865192073,197.6958094095825,36.3567309226157,1331.371275219469,1163.3557323175035,495.9422393392564,80029.75969510042,183.55109350691657,96034.88479620218,0.20188628482570486,0.02163049177087802,0.046304568784658905,0.05811201720247793,|NEE| >30
225,0.6478298608876212,0.003745600189146549,0.00034840020520914504,0.000881276129279452,0.0002644454235866598,0.005561642262880923,0.06275196080079037,77.89338063783515,98.47688357780018,161.0719842607989,80.81975079291924,0.4052518491767551,30.328724561939772,61.789490091160744,347.16190727936015,1590.6339914843434,589.1421206852804,35441.896428265834,118.55024363633243,51276.915831725484,0.07250940176892101,0.03297348922026021,0.16581977580457316,0.08086747231862441,|NEE| >30
226,0.35907018033261173,0.006047041173200063,0.0009645065253380865,0.0021863152021626303,0.0009222885609820716,0.0039813516615420045,0.04175483244708991,294.3676188188165,44.01635696315007,90.88179558600116,32.17802132834377,0.36309232196381763,25.92344350700248,47.11519278525536,1622.878986953273,51.33341729446326,868.3137340281453,77271.3305280154,136.95141042766147,53260.89457526424,0.015046290381229175,0.1787086773514076,0.03856598143630374,0.4086088704984478,|NEE| >30
227,0.3466809922447724,0.00762029480116274,0.0003785444577926438,0.009654867352252575,0.0003410677923145879,0.006800511266518693,0.06487804041041487,208.31390236749849,61.52391818727171,232.14621789208064,139.6408709981102,0.44920748187949294,372.2463806344099,17.482177641326096,1754.8273136096004,966.9815541944255,1911.2835229512914,34668.16880413855,559.545594052552,50910.921085555216,0.039483745367553995,0.2742186411309433,0.2250883490344239,0.11452827222230627,|NEE| >30
228,0.39064511731441875,0.002436480660813983,0.0005038096156142409,0.0017592883344477272,0.0003805740190243646,0.0011829220260879641,0.07425784906960092,296.95507298400304,88.2878938376509,162.20516871842352,104.75091496191375,0.8824482371369905,378.15590062962974,49.083201173988556,791.7115188283219,408.1297662148395,1148.2956878062594,4592.115114067361,508.10841492443325,127108.61788906991,0.04933715821730915,0.171955938989193,0.27354748103007176,0.11451430444900733,|NEE| >30
229,0.6019297046760521,0.0012181409218544807,0.0009123956436703191,0.003552674801598297,0.00026211572667530705,0.00961143512906779,0.049729850964372116,221.4768684944193,87.6938276486018,247.08628642295434,145.1951646924029,0.739711142489891,118.45327443790099,26.08945478750601,1370.2090702669952,774.9694153437634,845.2927375032374,55115.42768458185,144.560956373969,166710.10363342837,0.005664326911757718,0.06221001142093394,0.08069882573494176,0.24949713125631443,|NEE| >30
230,0.4758259757944511,0.008820399825836805,0.0008350909273001431,0.00854626050333991,0.00026373794549830394,0.006824127840458907,0.049235343923595215,274.4996975984751,65.41648312127424,199.2568627420598,93.55026486372161,0.5393269061531891,87.17640327004239,19.44892089880071,1776.1672630541377,938.362786877767,660.3858425639821,90507.16745011783,439.25380993864945,169764.29178224804,0.13101867614320364,0.11247401774977306,0.2044737712461632,0.076207559066409,|NEE| >30
231,0.4461418933576562,0.006852162884712106,0.0007999056556740652,0.0005390382941295284,0.00019982973482536245,0.006776159389714148,0.053008017277249755,89.23858748899059,68.18112195031449,292.3005856628232,115.86475671404271,0.8331493642692059,398.1335673461588,99.93504779300841,749.4282847586488,1189.7827688775203,685.3156407809074,89055.20923107915,424.45206850106024,107856.01701715906,0.1367400547401916,0.12744855886439188,0.08619962023346127,0.20346987280429912,|NEE| >30
233,0.31703226985015537,0.0022887009836997175,0.0009432021460863262,0.009288892068546425,0.0007998964558021603,0.004421098796991438,0.054276633108016364,20.0829761746941,98.72324165267462,279.03034748264,55.185259273579625,0.2531356319525926,181.70527571245995,55.80867826791579,1234.4360014226647,210.0565997816405,649.1883753849143,77881.07899084216,681.5572192752147,134799.9833859955,0.14838217914268992,0.37415329865565866,0.02827655225018004,0.1321557001013161,|NEE| >30
234,0.4516486134344832,0.00040400178267564925,8.820182479098526e-05,0.005286956196842475,0.0007669840487948749,0.0015092255618726733,0.05273648576893464,135.39880700877882,65.25077156667946,103.52672212891358,62.47681408704244,0.5933574318239261,306.5380444906496,76.37356820332867,954.6572986586181,1490.8193916657076,1944.7630800507281,34999.485731221605,1260.8307857304148,46823.571595322996,0.11768589002866944,0.27041394629608917,0.1150083542430878,0.04524319599767035,|NEE| >30
235,0.6462979576512803,0.0003405227018473464,0.0008190798064866494,0.003669654730947467,0.0008821816693210531,0.002621905594088515,0.051693084897731334,300.92636058351894,74.25560976093726,43.659190241713844,103.06834006363746,0.5259090777115863,16.21631208888679,73.33376059706617,596.3905989079475,1204.715256232879,246.45057434138275,72176.64724945885,529.4179924104317,25055.755016272822,0.08740105324606325,0.17595699305019613,0.019995451872283184,0.0703485441801772,|NEE| >30
236,0.6928943192965669,0.002227513581737076,0.0007376237697639349,0.0065914483401174374,0.0009548006838005288,0.0009602439365300502,0.05078503241235077,25.563726660409696,79.49512314178612,102.32020004709163,99.28943397321838,0.9707802922108799,399.7095380988212,85.85881611959938,940.5577606380615,1285.7395557985874,1588.3744223444942,16938.14102255954,1500.1532136544279,136805.07973780166,0.047333186414572424,0.04989612412180953,0.0927693701250305,0.1171070000420207,|NEE| >30
237,0.3756926186827381,0.005528913934764052,0.00012160000128138674,0.005373410608612475,5.501829338568118e-05,0.004633724998597654,0.05583657615458243,107.74439446227672,87.20742918196623,268.446300221358,116.30547355984481,0.983592787032637,233.9006479432473,41.74215949368201,1391.5613893356565,1129.5777299337165,484.02684729394934,96857.2427963327,671.0443924327661,82637.93976973431,0.007525910992157178,0.03156787511741995,0.12097299963664225,0.4642405955710426,|NEE| >30
238,0.3992771802139078,0.00021407813007557418,0.00046696987317053243,0.005370279940488045,0.0001138890949487232,0.009086581354115653,0.05010871881662296,54.05705786282631,54.68645065554855,129.48378012106406,66.45786336748769,0.7922725439366269,200.57780814827814,29.48595036198177,377.0882011260897,1902.849801501189,1288.5569125546149,88883.770260325,486.89342948789255,173657.0615905006,0.3882163202837225,0.14457098002918148,0.021513696750334377,0.04642182272285387,|NEE| >30
239,0.43827741527163233,0.00585212252750803,0.0008324028672763251,0.0062183929586740105,0.0002586190869599235,0.005331570542697486,0.04273241544891919,102.6366201549415,66.01131948126434,197.6415968197366,91.07780034277985,0.3995562120423261,197.23507582065585,31.19300196072852,1754.7493068851206,101.85042304165134,1243.664443255239,67616.9218115798,1000.9610074063812,81345.48187721705,0.004079183386566366,0.2774478910146353,0.22584521978543037,0.054350290541735576,|NEE| >30
241,0.365378769503769,0.007901741331423023,5.751554033312958e-05,0.007028501509066015,0.0006848416656696605,0.0035095477893574128,0.05291618071943255,201.20779883092382,81.72812124449739,256.76917309299733,26.343299799691504,0.3062418332157131,237.87218290151503,42.60007153808962,1125.6275944974993,416.78323007540166,1327.8507901458265,21158.956773386813,1206.9153487362103,98368.05102961288,0.09257373913222043,0.4409107418774708,0.060027378180006676,0.041109371306533096,|NEE| >30
243,0.6574140955425227,0.0001590656026355926,0.00044964301140695134,0.0096133447479138,0.0009511820548771872,0.0007195450785289709,0.058584118049339204,14.395245933668203,30.393152469624802,190.72579176591034,135.97011963063835,0.907046678444346,147.8314570137493,50.48739027059017,1615.359475480021,1154.7129740729226,665.520248663316,3172.3256181764937,985.2859178558703,120528.18831388133,0.0010146247057558446,0.05253366606169827,0.16178239824297688,0.12725521544704627,|NEE| >30
244,0.37108544943147526,0.003771213292714111,0.0009743376765930078,0.005878027817895713,0.00010144127108523256,0.0043539011477926924,0.06290656122547322,25.518600746919226,87.17000503493936,292.6703343892945,55.75493105409038,0.34720382009576384,112.79112378441856,99.10207918657058,1738.4739231953556,634.3435158800484,974.0108841771867,69816.30120845938,555.6060667932508,55182.03254277884,0.26810555258047825,0.20010924151212872,0.003631976608569757,0.157067779867348,|NEE| >30
245,0.3754257618213648,0.009414782186007921,0.0001547442016547736,0.00698704610701227,0.0009356590720751874,0.007432268999891805,0.023659656196546777,154.00389199883872,27.069430588833292,48.677576681467386,108.19906107197247,0.6374806871781832,320.8955050048771,97.96203385102459,568.2632839641822,104.15565249904569,605.8866380948683,82830.86863365698,1376.9984015982188,47310.16302475232,0.14648600209334184,0.38768107098648985,0.08730340149308673,0.0031037636057168255,|NEE| >30
246,0.6369487642144338,0.00013697914617396718,0.0007021755412976207,0.000447457214999677,0.0008336623653852117,0.004009785188376025,0.025142495644738673,128.68654234637933,12.569697188310467,326.5518753498605,141.01704792969906,0.4974558156840039,278.29919808316515,48.96434594537448,1699.682539332613,1564.0008811483415,1784.4720545267926,65778.44348722316,1249.9929806463995,151916.57305241746,0.05579871045792322,0.002034143287417439,0.027749480695832378,0.27746890134439317,|NEE| >30
248,0.3010037563795439,0.002561286435099109,0.0005039718727545681,0.007323873736190511,7.413208681973035e-05,0.009599355550562837,0.05542226484604193,63.156784392023006,75.48885472757979,263.68515896202064,128.76019674907621,0.24883800937172712,361.7778819224284,50.65209678835736,1395.1323817112388,812.5853409682973,433.9030962138827,87274.3323784775,1843.6973817974467,125485.53222526924,0.14342364818109873,0.16705458462672834,0.38454115178423365,0.0039768590283954545,|NEE| >30
251,0.6314681110673923,0.0062599567164446515,0.0005990909072496319,0.005905685916554833,0.000534923713692556,0.008198506237838006,0.028512285710769518,336.7312738329671,82.29035813166291,242.1825615933293,90.27101295022318,0.3790625868984434,254.2127331433938,31.82610720558695,605.2533028891222,1399.0006487758294,975.037253514966,93118.39005145508,575.5735143715218,123255.10460730601,0.055638340103587154,0.03444206713590734,0.07691379628992444,0.20153768540318875,|NEE| >30
252,0.5186523893848943,0.003896279599106327,0.00022471424411389966,0.00422689316070106,0.0002055708465193578,0.003601998388023342,0.07023634407313084,45.20043219256271,31.61452726472678,168.598446442666,111.48300266451749,0.5550137146632194,332.49083500658895,91.21857554019782,250.34105202085937,275.1560643437914,105.45124900274952,54984.83247962725,679.4405938722266,67483.59077722754,0.23416071625293136,0.05903491390135186,0.07466136296716853,0.11349061749365387,|NEE| >30
253,0.6750709919469573,0.007156262573201287,0.0007790289054705623,0.007810986261219608,0.0003721006419852295,0.0045122532050213505,0.027064389336257128,273.06942975842895,29.35597206936698,65.00919655497395,93.28273797381252,0.7736700379522288,269.30253030853044,22.785586704979544,668.566493896022,213.85309175715986,795.470124780568,24794.515226777676,1843.018158955946,133945.34033492237,0.0796518903704524,0.02285488626095315,0.09569182503424883,0.12673040638738833,|NEE| >30
254,0.4340032329306802,0.0032848681007315956,0.0005959531971118687,0.0014801555972075427,0.0008789953625153881,0.008717291171727433,0.018340238155523027,61.53247245457904,73.08175561915812,213.16060894443942,80.6477438058431,0.20558245151063131,272.15874681315495,93.96346559083159,460.65235196112866,1806.5661348277547,1274.8700711486813,40246.814475906525,933.1467683200733,71976.26365389882,0.16532346008523258,0.31627563156574395,0.023601007916134533,0.060796667502208704,|NEE| >30
255,0.5076014775934155,0.005573916617234166,0.0008637343080793601,0.0026270328761922347,0.0008454083728840638,0.00928740320775901,0.056980016733671215,145.38530823607437,37.36235233618578,107.42221394341712,88.02681722544901,0.9641075490761835,94.66801138086107,13.743729406456904,1821.2054603226825,481.896239974096,394.3055628244977,65823.08701892146,836.6992927970947,94502.82057429776,0.2788434733877772,0.11820987454650075,0.03588303479611409,0.05946213967619245,|NEE| >30
256,0.6608531490469707,0.005576307715724145,0.0007749361089611004,0.007449301316977406,0.0009263198516676416,0.0006169394099549046,0.0586501461712757,271.93478455822816,18.120317346912614,299.69796746632534,141.76991618449992,0.253502445657328,146.903329482184,24.008157510427903,1770.3423605649361,1026.3544344081756,724.1367669439941,49030.06098074027,223.01230716139963,61338.08900214078,0.019823955603365903,0.07084233537359946,0.045175622384549516,0.20330493759151447,|NEE| >30
257,0.6866032057640283,0.004864559911333081,0.0002792260584103791,0.0037723726607646526,0.0005285725098511366,0.006689366414569524,0.030025526553542015,161.7074128964677,14.881575642106673,86.38475887650499,31.187226722838773,0.8228662837282379,211.36502858571018,59.539887290984446,127.76139305873251,1985.1586010705382,53.969850976993925,2262.283650800852,934.3140890932845,163638.95836637085,0.0036357823380211065,0.0377423032741225,0.2142927985045765,0.05772591011925158,|NEE| >30
258,0.3601685754723726,0.009036746795607809,0.0009403254560030201,0.004602952450357405,0.00043017682250060413,0.0012236653803248394,0.0695944586229126,326.84518449697396,20.431407517748546,190.8789124750317,26.76089739077623,0.1830144231598847,316.6488050661425,93.49741635861895,575.2825065998431,138.95403006301152,638.4200721717275,98353.91318571307,378.2836700408392,187659.41626636003,0.15475703787401845,0.08704779987491326,0.035364813695440415,0.3626617730832552,|NEE| >30
260,0.3171907662390686,0.008980363263284982,0.00019773188319048297,0.00583497336818717,0.00015393473302312226,0.007672218660191348,0.0659531582599895,30.157846088945316,90.45206803961666,138.71332025393292,41.29191491237703,0.6091191144636477,394.812133058145,10.213333116210332,32.865668241805295,724.9336304075631,420.29262852701316,27270.274871953305,300.14666237590234,75489.10731278837,0.22381513553165566,0.07010459438602593,0.22011548927570876,0.16877401456754104,|NEE| >30
261,0.6550486423593044,0.002996938093627808,0.000765781011283317,0.0016393832357802713,0.0006429062899549491,0.006446753564620039,0.05429373025313504,293.2492322198891,95.86008598019752,57.088058306818404,144.78882024151972,0.39603699843117635,163.58241920978622,67.24658416136273,315.3727953960592,598.7378145747412,987.0749042711411,20788.310631248853,543.4113384437492,51833.89083512308,0.00678721331165886,0.17375043155443032,0.018357546667259687,0.14605616610734676,|NEE| >30
262,0.6974058559262664,0.006894532368077779,0.0008822953580521295,0.008474569395506958,0.00043053211999521235,0.007002914548401857,0.07927446009155317,106.39151488361836,65.86931598793174,305.24228184316314,127.0582662459189,0.377286301644731,72.81048324004342,12.971958196343529,1783.5104048843002,1857.5753282926398,1917.1151172794678,88521.72827587456,1250.233639238865,97157.38128031442,0.05686791512638911,0.030730278705560957,0.18067576739784214,0.03432018284394143,|NEE| >30
263,0.4390302244391705,0.0076530114769580125,0.0005285476278133906,0.0012497998689372266,0.00042027369158067617,0.004274403233427222,0.032522712115077825,148.39742304067244,80.2667502644894,218.7715353729398,105.50467924590019,0.16020635445912046,363.22620907916473,74.53477661966828,1619.1598185525,382.2342932676153,1296.5504509338105,87339.90387876071,253.54457922341047,111824.98246219459,0.01163838417302849,0.005809536081542278,0.29962517793843657,0.24389667736782217,|NEE| >30
264,0.3871197076914675,0.008001488625706392,0.0005404237634208204,0.009631871907479671,0.0006431228859031069,0.003993303664947403,0.06027125699317068,286.5833141061531,39.136273870672625,13.043889987047251,148.45485212534834,0.6581304009120381,318.42037630867645,65.69634074189474,872.5487972330536,1934.3110843907814,1295.8867384636656,13618.970924753627,1996.4285925681038,27229.835210760863,0.2614929519579348,0.017905824274666877,0.04228128461715373,0.29120023145877716,|NEE| >30
265,0.516875699438778,0.00969915810447373,0.00018061053010382362,0.007421119647656522,0.00016764366921989473,0.002688746051008271,0.044479200094582436,244.4636246678092,60.785862079863506,75.55115176435845,142.02920741527663,0.4784173506027349,144.3423638105814,83.4907639305864,1119.9234922559033,1154.7263662948073,718.9286149437102,25730.609049287432,1411.5704697935287,164786.42601532556,0.17293833203500236,0.11624492632700761,0.09524958963779567,0.09869145256141634,|NEE| >30
266,0.5003736727699081,0.009303902653509822,0.0002538562524881627,0.008117383376173945,0.0009949290747556941,0.0056214646209447,0.0609894151863585,172.8886677838274,41.51091196296193,66.1214594496522,118.90289801325962,0.8533618370852704,175.02547692300573,29.587623064197157,1801.8283278337128,884.0425331834059,382.3269952196345,74517.24698608783,891.5209434730108,73547.38892040527,0.19989396124167505,0.1075270544374907,0.17094323613870724,0.021262075412218962,|NEE| >30
268,0.34498245175140013,0.009566627694362492,0.0002527055934865212,0.0005000659009716805,0.00038932737010866775,0.009580853674936423,0.02202268886378847,318.2555647229403,45.03682661420021,359.81641636094815,52.68481781439286,0.4488462027847828,363.1564333296997,27.242263230193668,901.6845450426356,649.0677481739264,1984.158419504821,77150.5287570626,643.0741357846962,195118.95034630518,0.22515224121514513,0.27580835944929144,0.020028838782780157,0.13402810880138302,|NEE| >30
270,0.6128875419066682,0.0033238737085103825,0.0007194730607745878,0.008203685102242848,0.0002140104553153223,0.007554464732822911,0.053096391085205946,340.95051794933227,57.35586633376113,6.875005241311749,53.47991136901495,0.8852058968289236,33.83512637038727,84.1307818951097,168.0161849356774,512.6298946821769,1954.752374701039,9596.723345063188,1701.562449117151,45146.18855699174,0.06181503822791067,0.180311236174866,0.053493957286198636,0.09149222640435653,|NEE| >30
271,0.5714077221385135,0.006622378315577153,0.0005315755006650625,0.0021950460670116306,0.0003680775100841988,0.005843075012138268,0.050205640103477944,163.61013557848645,84.64533436843354,299.3961024138859,32.38836667835176,0.18573897704423714,202.84337253002693,22.515962620866034,515.1983131901877,80.375841248087,143.77679341396612,24320.423728183425,350.48232223789654,60334.28072102757,0.20967009660406077,0.03967619060707726,0.13940862812798638,0.03983736252236209,|NEE| >30
272,0.5035269258411332,0.007869342473019954,8.416465603905502e-05,0.004153557679609024,0.0008043030081190699,0.0006158015725485122,0.058836165791381526,100.53158610385948,87.16602835931492,360.63955456443966,142.3512047088758,0.5095129671113552,300.11057356700326,32.44051050867151,478.2408606314673,199.03695178183364,594.9884381225844,25479.059805367935,1281.5762388491282,156163.7911639392,0.054518631506274486,0.06509032818524536,0.3272212588167659,0.049642855650581075,|NEE| >30
273,0.43447160191362855,0.00519554997194588,0.0009624865499677798,0.0010161690386786557,0.000560897821385958,0.004200835286740136,0.018260073131980383,332.53949605563037,17.12669203054068,295.4386412719253,74.55409980976013,0.8666567429652607,146.31281219020724,67.53197835763433,1518.3607582174022,1257.795433221664,976.3594388198571,61775.917295885425,1931.4578230764243,178056.53853344853,0.006411071295088418,0.24615866394901942,0.2724019808411725,0.04055668200109115,|NEE| >30
274,0.4345295651827501,0.0004968366696428407,0.0003769696418424164,0.00365614655161004,0.000935814120150251,0.007851346933646083,0.04852159486499931,279.5167790885174,15.476782069783747,321.02802672687244,79.20717407055376,0.7065154488411312,106.89496937031244,44.07077384817354,900.927080903967,1091.0025646335464,1929.6288662819313,15861.133059568063,78.34677685360052,134850.98980299247,0.14201388098835963,0.2672523107674041,0.08996125727449802,0.06624298578698815,|NEE| >30
275,0.6446997114380225,0.00159140096913866,0.0006056896677310582,0.007807865767396586,0.00010707917635073104,0.002346998100587394,0.07487184847009243,73.38652304910472,95.83157960571407,7.369654588331748,114.25109418674272,0.7662314509594262,136.51077211209943,85.3722618203447,1889.3197361277944,300.4140210137575,1419.957399092725,96312.83142985833,1624.4029379890135,183877.29171961965,0.10204968975273637,0.05294976135816819,0.034873524993670024,0.16542731245740286,|NEE| >30
276,0.695685760300409,0.006660208508726778,0.000599940659872754,0.007214432881341715,0.0003666740764272044,0.0013984001689425947,0.06420426210197487,333.4549908586991,13.577973199631256,81.43007917705272,31.577774518251516,0.6783845186768798,93.11673429522911,75.84721699965172,1905.1847394100641,1629.320407477524,1063.6370921147243,37822.25082078923,427.1082599608376,129173.78413833863,0.06448468830254807,0.16237490617696443,0.03492621368190211,0.042528431538176426,|NEE| >30
277,0.38814454261619985,0.009270273173236573,0.000356656689049083,0.003452086765613307,0.0008511944809993857,0.008319841765942736,0.07676629014648642,217.85360052157372,32.17599529368492,49.937839467986066,141.84676017884087,0.2889869573812586,307.778723880257,86.30081310523587,433.11663586396355,1566.8891242408838,1242.7463241679989,63075.957663104695,565.4260568800903,54851.30653521696,0.01909106968172176,0.27705979033894806,0.10599737652790801,0.20970722083522234,|NEE| >30
278,0.4869769734070445,0.0006480187902601283,0.0009358104632566434,0.005195572406975456,0.000854741745404481,0.009614102371392076,0.03242007686169822,156.76208947875463,74.00223546021302,140.15063137079335,135.16585502325154,0.16867102762364888,378.71676676426006,34.83838275570912,1044.6138105317427,971.3370821220057,1618.8770283302326,99891.13692779341,1058.405246182926,43138.970972961266,0.07560800093951296,0.23183597290549807,0.1476827333045415,0.05789631944340297,|NEE| >30
279,0.4626833573250897,0.00880915227232418,0.0005289292426262345,0.008749990050349097,0.00018995389057384316,0.0036922819723712893,0.06452894972545954,136.22305184983412,92.11847856855486,159.39392788287682,121.80710828830794,0.24341699198958638,199.74206366727392,36.22193892669951,548.8514734993712,83.45683008550196,524.8946228278854,34788.53003909673,144.91853796253332,74862.25165545636,0.21349114122755752,0.3054681137342713,0.013379230936385619,0.004978156776695921,|NEE| >30
281,0.4231966899656257,0.003712174057451817,0.0006083588572917268,0.004224435116661836,0.0005131298848420927,0.003185380189094627,0.0372764971896248,250.36938786545528,80.08927370341608,358.7980281308973,133.11898586902075,0.2294318442916407,89.95032330684172,37.84785242838602,1371.8306279356789,112.45443762385729,986.2462422311703,25702.159796407264,1276.2591833319736,137732.9216656318,0.1804446138089013,0.20665700711955912,0.15089751945065702,0.0388041696552569,|NEE| >30
282,0.3219496760840589,0.007050267637109133,0.00039785671128144177,0.005720455790227354,0.00038971527290978896,0.0005786266160441455,0.06613062183068182,89.25860512447746,22.222996705207002,359.2921372868526,23.321823980280847,0.5072878576076723,151.41106990519822,13.953802207055372,321.27545713056304,1067.0032075674596,195.11898923710817,8357.466017621937,864.1095479161902,176877.2456860326,0.44275371512338424,0.11187447967669774,0.05090321819758229,0.07251891091827682,|NEE| >30
283,0.41712323936994605,0.0037707800593137675,0.000442531619119473,0.00606309343042146,0.00013455327660779408,0.008315135610764838,0.044002608822314423,243.46624651220864,37.35140996266246,179.9559500786739,123.6129513617879,0.8924635427924832,243.12568162373424,49.70729923597629,388.2060666463118,1299.8984759331588,964.7996415779334,37549.972189458385,59.62639314610935,120462.73248163937,0.14700330489464108,0.29205345699485524,0.09871183673824337,0.0451081620023144,|NEE| >30
285,0.4380007253850181,0.00390716180130483,0.0005706965588274456,0.000994499184154149,0.0008193679000942734,0.0003359268484636674,0.07114343989660454,104.13761434707656,54.053940031680746,154.21316314984063,142.7399715740916,0.32280303930502635,368.0340099539597,31.41894910969631,1198.3794698161462,1189.5134617631552,541.370306185874,11535.791893414458,1478.2109559562489,101803.1041163623,0.014788947795486888,0.08076364381365053,0.27534889852487476,0.1910977844809697,|NEE| >30
287,0.4494553323735701,0.002514006671374039,0.0006580537986963488,0.007425818359284904,9.468360900474904e-05,0.00875824562669103,0.06216851294618812,263.5032148860068,15.922080350453928,326.4426374541664,127.64884955944339,0.31447046429039627,347.2622467592544,17.643212864415016,333.15448170347554,596.2522433259936,1566.4223325907851,70679.43576333106,1183.1401970720754,75129.25630794546,0.021064389334993005,0.010666140914931033,0.16626882670788684,0.352545310668619,|NEE| >30
288,0.3257803675260887,0.0028766163921129647,0.00019070736136388971,0.00544191147232998,0.0008324784034830034,3.4929081889480945e-05,0.043402015506838164,280.38681695635586,94.17854148700974,114.0731804894265,46.39463184833993,0.8020326062604668,255.31767072237724,64.45949300299418,335.76058341106085,464.8674653567539,802.5336687479181,59673.82851919507,948.0311044667109,85122.99627353462,0.023338868261035022,0.062179102752843544,0.5596929678741112,0.02900869358592163,|NEE| >30
289,0.4738887010850746,0.0024416223182398764,0.0005161087710116161,0.008594779181972432,0.0004461106332496813,0.0032515365048671834,0.04263736406733531,117.29279031444534,18.82418084072662,278.4379566687799,86.23091921633554,0.20557257690256828,11.88204369525015,28.427897430106274,321.06896724813856,1980.0104182185894,1304.28393523679,55709.431230768416,1743.8856816008695,32626.85561410077,0.23575617373229096,0.0538129482051288,0.19466227729594787,0.04187989968155774,|NEE| >30
290,0.4881692135065562,0.0030425826545556678,0.0008794345746134415,0.005282435256406909,0.0008762790696682556,0.005148486565592183,0.05036415636720022,243.18144480151236,83.80469688117248,56.322893381880064,124.29400766690884,0.680325682428629,264.18938266084956,62.83791560041973,1276.3739638462184,1572.3983295327282,396.743278885267,87090.29279493792,788.865498615755,167017.07013099926,0.12477154067763582,0.058481120170421834,0.13552442005987933,0.19305370558550683,|NEE| >30
291,0.6626317666585544,0.005099680648625628,0.0001233858548740788,0.00015226636236607564,0.0003680809724919306,0.009594815311123349,0.06421350535364112,32.988766787354805,72.61534200556707,217.50891915280354,47.36909745841536,0.28055136893376403,328.0424222797947,22.495859461195295,556.8113659249435,476.9945140371123,1037.4586547649903,60886.72064016513,150.77853090495887,169941.84953519198,0.10716038811409363,0.180413710051343,0.019432883736416905,0.030361251439592132,|NEE| >30
292,0.5928977263857635,0.0034473971100860198,0.0008456527931432361,0.0008600879609971535,0.00042983063618152773,0.0056284557173787554,0.05988457343740236,141.8264901345305,38.55479330095078,303.4907263973176,77.69094756378819,0.44943678256717123,113.15579119635433,59.70802415545511,1448.0866222450172,1013.7085199416057,1598.109174964567,63189.63733775998,1531.7239665591917,102344.41471970803,0.17945363522226218,0.0693961518539569,0.015571629460527737,0.14268085707748965,|NEE| >30
293,0.5611599226229528,0.008355081349044642,0.00023379419980220045,0.005099232144083601,0.0008061789138794239,0.009069518722460736,0.03243913977605655,165.2141015425191,92.58864364404047,232.89685465658593,105.58973432077494,0.1742985034834591,143.1280050561812,99.22092650406486,1964.3110081189795,1898.8782882774349,1915.0467992712292,37173.815648304095,341.28815224251906,187296.26881950948,0.021531431493211264,0.003144960521523648,0.06262633320226557,0.3515373521600467,|NEE| >30
294,0.6632744948732852,0.004153011687309916,0.000334049358970485,0.006326936739608934,0.0009500259966164392,0.0017074230946885456,0.03556788406335004,197.33767472087885,58.732916151294376,335.332471272909,106.75777845754142,0.7470491120502845,170.48655956531678,19.77890698999042,1504.1940693677038,1589.0202656911292,1653.920353124553,85750.26599052707,1600.051810917721,79462.93728721162,0.01843547980304837,0.2356612741849877,0.0090386312889736,0.0735901198497052,|NEE| >30
295,0.3624899536430017,0.004612357246206571,0.00011521567406387954,0.007314290338887007,0.0009909881054798308,0.0006971818396510654,0.06988561226702894,290.66798069769806,48.763891710941174,87.3937781951872,79.22099817790846,0.8604993550495766,336.3228647647619,10.606857967300519,361.3374511719318,1287.6900700447961,383.8347448022624,7332.658987814833,1550.008850401841,65779.85136139406,0.05827710648907017,0.4685739347762607,0.10664843433015476,0.004010570761512565,|NEE| >30
296,0.6610958621107602,0.005598626346744666,0.0007407750410310597,0.005624505713056014,0.000484007581917995,0.0011250055582850127,0.037834446061479114,288.7965409742783,45.17975347689288,128.2681999225498,61.1036992335048,0.7800593664132488,277.46238958209113,64.99211893600025,1029.05264544188,1568.4653239016639,965.8674810536086,19348.184183486526,1713.9206830282687,159490.94599976193,0.03698688867076337,0.013750029856219429,0.06725672912909592,0.2209104902331611,|NEE| >30
297,0.3060492698092883,0.005495174712421385,0.0009143519486913778,0.0045430036628756176,0.0006531590330094371,0.00042011921760409213,0.03030729847138241,314.57638273026913,86.03077600716986,45.79570517870734,36.98365869007692,0.4614405609414596,48.30388542783949,94.77767335286863,1559.1510685119601,940.6702528814658,765.95403137882,27598.608756487793,157.05716076973508,197834.23934202766,0.08186295363265791,0.005362564674468548,0.20660646961348156,0.40011874227010363,|NEE| >30
298,0.6061590637591228,0.009271229512791237,0.000956829498743065,0.00799357935669309,0.000924931139200257,0.00887830240071521,0.04239168618919928,247.57906212286807,89.33719081102696,285.3168266523853,117.72800351280338,0.15746301674286822,389.61216109277296,46.618815784178004,1229.6943959618588,1619.2932821152897,844.227506269812,6633.146899099759,908.5906127898037,102827.06908815168,0.0006948234287763882,0.35190766335000284,0.031027887859881483,0.010210561602216502,|NEE| >30
299,0.6625432351357012,0.005847485332200453,0.0003255695649944369,0.0010077623595364342,0.00020417613646110934,0.0098670888365513,0.07312830479503034,236.36112706293687,53.61796543878168,285.40427878883054,109.14200739282526,0.9258021084210949,144.7136894203256,29.11552988504086,1424.6012271104257,244.4606700874858,1123.2609266922104,73745.62133265598,677.1182528813648,184024.24548708156,0.06645889922094236,0.029115880352096446,0.2054121153174385,0.03646986997382142,|NEE| >30
300,0.607908162573439,0.005369120087238343,0.00015579740245059645,0.008296605795615001,0.0006147384327898802,0.002533012017964327,0.07076092897992069,135.6953853464745,24.62355441935439,332.97533331149674,106.97533562353362,0.8896759035968753,61.096689515956115,95.73459391895155,150.75040259572688,514.2129787983815,1203.0414678650684,99035.66616565904,1572.5763726920375,167259.60385925486,0.20259750402408708,0.09334915548140289,0.07499203683780302,0.021153141083268,|NEE| >30
301,0.5076645080665958,0.005681794224217716,0.0004269050430328594,0.0031190280151875195,0.0002397174961049844,0.0031398366275220474,0.041299911904322945,27.469453061055066,13.916820556798873,256.9787814004381,30.207875651149664,0.2866485882893606,213.22518960311237,57.58171434186129,1328.4493045678535,975.6221354975813,848.4017107981609,91878.2034668239,585.9248795261195,73577.56378122677,0.0030270967804093426,0.2881786070886161,0.18292033297122445,0.018209455093154327,|NEE| >30
302,0.6102204132764313,0.002731636701583919,0.0007057810736800595,0.009718812608222849,0.00045502134626106974,0.0017806386671404622,0.07224391220993412,3.218382131496077,77.1419907113165,358.8724724197482,137.49786262177184,0.7617412950317803,242.9318198726864,33.00217900532253,1526.381905953107,1610.4363963654555,1984.7572668553498,28095.09342063956,258.97726810490644,70017.25742534045,0.01199804227788343,0.22566589364211345,0.12260989756150215,0.029505753242069745,|NEE| >30
303,0.3288687592870556,0.009185079136285116,0.00035997216542192845,0.005122652076997594,0.0008519458991662718,0.008488735537845179,0.05409243371012647,177.73903615303436,25.92689431725106,57.67458322260519,32.14682688237691,0.14058937288656448,71.23309538598832,16.379603322007036,1614.721800268516,704.8841858916343,875.2152672667477,87074.88677058749,679.8906259966662,39899.9804676063,0.13759326991575285,0.4191887664196813,0.106195166005652,0.008154038371858243,|NEE| >30
304,0.31647462289080097,0.0035277585437576094,0.0006268894661501693,0.007279247148279763,0.0009287200283448578,0.0006854862848740555,0.06309920471556232,120.38401431693677,88.63903288164386,113.31991412885984,63.47537259999381,0.8291507453930946,95.01595583627734,11.813368271477051,757.9213327623853,1622.5996672355643,1418.5875447057936,43083.16682831596,353.9121363379952,82428.86321459856,0.15569731116064578,0.14477429843189416,0.052975070624366224,0.33007869689229297,|NEE| >30
305,0.32180821401064685,0.009199768927722955,3.4368710472584844e-05,0.0021511971208178463,0.000753868208932492,0.006567036447753493,0.06118166744102721,23.59314556548363,75.32846061681367,289.5158590033365,35.45193030114574,0.5386875823405004,103.82305104664766,36.551085967396176,1704.8004378655874,211.92021649178804,49.976390556911284,71646.3648194875,568.5517110849798,188110.76002882142,0.07661278773698914,0.33286977607936263,0.014137318297685423,0.254571903875316,|NEE| >30
306,0.31415824403400255,0.0028306714749907636,0.0006483305034614059,0.0006845019805807312,0.0008833989725899749,0.006919177662503515,0.04602158750655733,346.76933238175315,99.12665296623379,246.64547224652267,94.56940038361515,0.5281715513177809,40.10042665556038,13.5657374651018,107.17180090632877,913.8974271835693,1351.2768554419713,19130.416274314863,1491.4829838705955,195850.75573190761,0.2909380116094987,0.09640144956521556,0.13495705651995482,0.1635452382713284,|NEE| >30
307,0.5446599139446822,0.008917775413588866,0.0007715037716916944,0.002779873547133206,0.0005713200245557136,0.0033748594228667213,0.02609800922924911,248.31520631369332,53.31944725531502,220.88877433612765,103.99092879123552,0.209563989329837,143.16719790215672,39.3359033632488,1886.258981003985,1621.0012273251034,1904.9063671571053,97566.03331420428,1076.3387393673265,181366.59916919042,0.0373299933414562,0.2864689242335559,0.04259713434290346,0.08894403413740229,|NEE| >30
308,0.5516762471151968,0.007229170741961908,0.000361377915388163,0.0008654214274674466,0.0007061338370611183,0.008816629899064767,0.060324950453677556,293.0100545186969,65.78806065337048,322.1677192432362,99.00213191333036,0.1312237356071193,145.9887903425393,37.46015980310203,575.894088882498,1279.8789285334622,1155.6827159085653,77388.0598245139,140.28878630514032,163713.00397353224,0.04366557388994366,0.10082554408997307,0.036440376513908135,0.26739225839097835,|NEE| >30
309,0.471059727235165,0.001959515494850793,0.00046646021437793015,0.008769273652038197,0.00041090552554887464,0.0012841307739934415,0.05963117209942005,92.10907173970355,79.62718645645316,98.90194844236271,78.13122721520577,0.35018410189354215,39.14090839246589,26.525753736747973,340.78183482725797,1126.476116972377,523.4823554943441,69240.10302148841,406.992513062079,166256.04577062832,0.09332291394953376,0.0674892500713095,0.15759001476587486,0.21053809397811687,|NEE| >30
310,0.6448367756293125,0.0020424641479861406,0.0002582107886512404,0.007920367351249801,0.000594877067894278,0.0030951375906535673,0.021965205663002585,297.7610740516353,51.12110140344535,281.3463601083573,98.09182207131099,0.18824178425933813,362.8527138397739,97.27926144897161,1745.8708143987162,1750.1784888126535,320.5374910791476,79381.54341933984,619.9201970197711,66352.79331889932,0.014728529619976534,0.038606588593138466,0.15411348944527584,0.14771461671229666,|NEE| >30
313,0.5821830107693251,0.003208373019601873,0.0009950648314709732,0.0011829004422595254,0.0003695074620627941,0.0019749851077319695,0.01862002232324277,364.31418697321476,25.561091785581652,185.1307183412806,88.17258747457213,0.17478261502605785,18.71715608998581,39.33024777264306,1948.7928552549947,198.83188690332335,1869.963629081116,83491.29249509846,182.1297829566328,144617.25722000637,0.033406445506114414,0.12738211996411947,0.15665462772292824,0.10037379603751283,|NEE| >30
316,0.5461058758432736,0.004175311177596106,3.501625507161802e-05,0.0024692411434676033,0.0008819757283609935,0.007153196578584212,0.04392748427447375,351.40476806821977,72.82448494289619,266.0077370571228,54.685998197837435,0.33743980487773345,398.2346450917862,53.18639411451686,1655.8131343215011,488.7821005516241,610.4383653940201,60842.649435293424,1061.2702047340651,141544.11415341814,0.003621767542013265,0.3770712168663195,0.06217135248661482,0.01102978726177879,|NEE| >30
317,0.6030149814587249,0.0062664467327074435,0.00047020148308460786,0.0077957912260480456,0.00013221937222459147,0.006618234898478204,0.06703620669243478,217.937085354294,24.640069843793505,231.38132322123445,51.420197814489825,0.994974301270278,152.55126499854447,67.7826590844946,708.1689507683751,272.5134808518263,105.21870677867628,77073.83199356741,928.9488133793521,52325.507330139546,0.18060656220598584,0.03787844500045475,0.12116518013399402,0.057334831200840486,|NEE| >30
318,0.6931519124038658,0.002205363430375772,0.0002391222799008303,0.008227904376053835,0.0008289945421791188,0.00038378527522559263,0.05261981266681327,124.54465848363503,94.94518309887884,49.559132176345166,145.91916597386296,0.7497858151201455,95.46154087070563,87.89961386243745,922.9004211427178,1233.697222226755,58.74529572452094,67249.099987671,565.4736410839197,131521.6556564847,0.07762827755844066,0.0929232104936913,0.03947031712436872,0.09682628241963356,|NEE| >30
319,0.4814619055910093,0.0038579507016329546,0.0008695987550665463,0.005984638828367426,0.0009004500415768208,0.009345258364070711,0.07367164498561397,313.90373450940893,51.18124257936316,121.43374332567635,128.33666761216574,0.35997910351286816,164.867713341072,16.78143662587256,1754.8978203698362,1090.063210339674,1482.4109164493348,15682.474101609023,1709.0429829583604,25644.35852179718,0.03543598301327231,0.15312481123723548,0.2703545449653918,0.05962275519309108,|NEE| >30
321,0.6416857493011914,0.005963750327049276,0.0009272192000128588,0.0021517747251459485,0.0009655311330585103,0.00701184752701295,0.06858203942501342,237.3947379746812,44.31860804141521,99.8070342839145,36.5801409287416,0.5195133776180522,315.1592087823804,60.897319918466124,1650.2803943212168,347.29278706668896,1373.2709215734285,85407.57944285206,1381.6394748317873,163123.67886010933,0.052784710211360296,0.0071392302424024634,0.08156024927139888,0.21683006097364704,|NEE| >30
322,0.47248906339163377,0.002434455988890781,0.0002507561525864969,0.00765897318140631,0.0005423386096800755,1.9773845676016853e-05,0.07691041448754618,106.7291777759276,51.74753774007535,54.221196276642125,125.59665966074307,0.7165723373265148,376.8009119112543,72.46555849301672,580.0246205325775,575.9449132589478,857.085426731803,43634.446151549106,931.4286370868447,68129.77546933792,0.0025520862905810786,0.15939800525189265,0.035970068983778206,0.3295907760821143,|NEE| >30
324,0.6771186852665294,0.004571842181457289,0.0009481294502266011,0.008354718760419742,0.00038289031784823665,0.00705487335793377,0.042087429626141974,343.3095652496807,60.946453809943435,154.70892338140678,143.9157420900649,0.9624501628624446,319.45122316682466,97.68120567626927,471.2366792069087,1621.3401300725375,1031.470051350438,11615.13447328252,1339.316823673131,32963.4603479841,0.1472560039768634,0.07826374122331597,0.03293060106020421,0.064430968473087,|NEE| >30
325,0.6296704375299089,0.008440947792550018,0.0002470457536866673,0.004906529324534389,0.0003408938040182326,0.005386295921821773,0.04121683297145198,172.32237368953244,93.54746526043422,261.4114500385266,97.90024387061277,0.843308894641772,110.16559534324696,93.84395193701236,139.40663299061737,1997.2537695665642,1184.3661260982165,33761.37296272239,1421.5338092568647,47265.66302888508,0.018218618621684775,0.19696154070777913,0.04340359671938603,0.1117458064212412,|NEE| >30
326,0.3758501961434151,0.0062023864754259615,0.0009862592726095425,0.007746387284873585,8.040045928340035e-05,0.0029727657911617173,0.07246636407013697,163.27615881058583,10.91292571871795,159.24197843881328,122.2176898279571,0.2645642532175483,87.63380852421672,52.38883332443747,1316.9979395126309,1846.6032707186198,1435.1496670631159,31621.9342627238,952.8290371086077,83915.7427085352,0.08699347962387927,0.02493999766733512,0.16071276531889075,0.35150356124647986,|NEE| >30
329,0.3242261743409496,0.008659635377188592,0.000764900107143463,0.004506310800152303,0.00012144708301174962,0.0005797590043735042,0.03866812849654494,180.31057323758412,76.11118972359273,102.27904723324437,146.83435243886507,0.8596938096469207,96.62944539917102,53.961087313176414,1301.6476400696158,1597.173004164697,1020.8534115415611,66929.23816012967,1170.284402911812,141439.57156046922,0.34277776643139785,0.18064209522064967,0.13494363403034723,0.01741032997665564,|NEE| >30
331,0.6573806212316545,0.006449751398100974,0.0009169589038540989,0.0040929490996445845,0.00039169410151167314,0.006450683695498207,0.0359181458474558,210.67418323428288,22.957026583413313,227.64827322740297,29.3286153622454,0.19650705266582277,16.520140434882492,83.57253030426074,638.3503925990444,1339.252348833319,1106.3929302598185,4620.94023292249,1085.6896501948142,112761.57171884272,0.15937332942634805,0.03428782540040311,0.07042210004799714,0.07853612389359715,|NEE| >30
332,0.3650282888214127,0.00820598058500427,0.0003894703861644647,0.00411210152708518,0.0009279005269645262,0.005962430638118394,0.0792487867275784,195.65231157191272,19.460956987081325,10.191325604026966,49.245422114892065,0.7105259958029124,306.18073493817235,90.09573332016501,105.01163559509126,234.45322551768533,916.5220656208288,62479.89257457997,347.2883464240258,71428.03804007098,0.055069933340918094,0.0036673007947719146,0.26029538792748425,0.31593908911541313,|NEE| >30
333,0.34387805193746945,0.004465338925639804,0.0006418481436372115,0.003883949325557473,0.00018925378718849596,0.00825983978507195,0.06947468649703711,29.766049757661758,44.09244543110868,100.77938874837878,33.9642936107026,0.3594341772064351,284.6054231465282,15.667991770943425,1696.2328992828632,300.5851068190157,191.18423876694766,33955.78262420558,1480.2516924122608,75296.73548655635,0.04943697159304659,0.2575229271668083,0.1427977146289807,0.206364334673695,|NEE| >30
334,0.3274168385358312,0.007788241707612539,0.0007225693041831025,0.005728224091759364,0.00027609286130007496,0.00048151808065363753,0.020140111395998722,271.9882030568792,59.35486812670319,140.15168540670268,86.70906379554904,0.21654521648719574,132.6299395095112,12.832611281835668,1688.5109445795256,741.8984827121272,1837.1522612874594,42692.68075085655,1540.543191742715,194297.6365662837,0.2780170137064342,0.15569309666414474,0.1817846833412265,0.057088367752363464,|NEE| >30
335,0.3802353155773242,0.0033209640370987525,0.00014829497364404884,0.002487523688329399,0.00022213511282151506,0.00044038260424791647,0.04784317765262798,278.39434037680854,72.43120597676564,204.81910518821186,147.13102449365067,0.28062234658059937,214.2917145575257,31.656099156691663,577.680430784123,1165.4617196316879,673.5970118855766,75397.05909700572,1847.1976375940426,177847.67684757872,0.264509845109829,0.23184553139149444,0.011169115491906148,0.11224019242944618,|NEE| >30
336,0.4188625108159959,0.0014420659613246743,0.000849534672205564,0.0032906077139660418,0.0006954100239889636,0.0001968802262743129,0.07915949647942222,7.079673751329684,61.08855780764786,52.744570574072185,114.1013972701927,0.8778612879344755,145.82379110083394,73.6412157634647,1236.1604098644702,1260.6608610575902,1778.9096947839068,22346.370497374883,592.8119180546856,22518.410169377024,0.08005680117786934,0.02949964440185526,0.32420112920821587,0.14737991439606365,|NEE| >30
337,0.5697093210667927,0.006656715480428387,0.0007673507037587382,0.0025777786015679953,0.0005703217950900425,0.0074518490949607614,0.07023170055119232,210.4242831676167,85.67386218916974,44.442538858512386,144.46311506007135,0.994919105899965,122.17215062947717,31.891802346373527,245.96020518394496,656.6187674448166,628.1820607608253,33609.3078501224,1865.1277908890534,112598.30051051469,0.0647908855593661,0.004224842430377872,0.009605834554601345,0.35166911638886195,|NEE| >30
339,0.37090405999249587,0.0024982728451578835,0.0006146721465667092,0.009741116889397017,0.0003638216478657096,0.0025772128588522738,0.06417931604201271,9.212304502127184,53.81566090782081,214.34380919667902,75.5598546723619,0.9340928310732712,76.40781873878795,35.79926223939391,1963.307306657972,1718.9059125176982,341.3728615838439,21447.532872197822,1525.2151947364791,103459.47310632541,0.08688104271037266,0.010710968919850471,0.5196980366123413,0.011805891764939718,|NEE| >30
341,0.4332098351350204,0.00669586904048052,0.0008046651665868397,0.004441523228569642,0.0008102252013822423,0.0059257184935581795,0.04752064315445027,160.565561576948,50.57007972639759,287.2922028110272,117.86155439607208,0.5426150458021288,54.64812669148942,31.516645504753907,1756.5062285172924,138.86391417664512,1606.2981133019152,20790.88367635744,647.1549109171754,78384.4914241997,0.06260555118544639,0.16092800789142417,0.20427072657942458,0.1389858792086844,|NEE| >30
343,0.4623503596199917,0.0029442626983818597,0.00012868026789016277,0.004927733495475498,0.0005077079967628584,0.004710723230217401,0.03590899070644869,305.4322649951343,30.466548591688632,19.304217745348662,80.97811811813992,0.5466652901940076,375.7482055221154,72.053542838645,458.94003919487864,1212.19238677358,700.9968621347505,42481.506400767896,1214.8917922482606,170131.04966563775,0.2687707252772653,0.06302168935047806,0.09718769717796186,0.10866952857430308,|NEE| >30
344,0.6051314205329835,0.007028584758693499,0.0005205952350450465,0.004818882604365906,0.000600461586744197,0.006740185577973822,0.0670501398954627,121.36599130799652,85.8885574174933,215.1146181532831,40.96846330535149,0.8069375708838011,108.09567618534712,19.551837411376063,1878.3253641422393,119.84666049980534,22.04206065259963,14192.17351207333,321.9701092599365,158953.65991360229,0.09310650696589708,0.16921897749029696,0.07057686447367346,0.061966230537148996,|NEE| >30
345,0.357198051751618,0.006733497609574189,0.0004681080086352462,0.002220326275813986,0.0007144040348645509,0.005277244458319442,0.018495949453815462,98.07460021111099,15.814383597785795,229.7535928480079,45.052871981631824,0.49486719760595843,229.96524463933267,63.05916759454291,1123.5125890807283,1165.7362077431762,102.46784253517558,96339.48938920912,960.843970348163,97783.79660899076,0.22489897635300782,0.20513017566917371,0.20200336667459448,0.010769429551605945,|NEE| >30
346,0.5206283938360838,0.009335723222360455,0.000994663490157771,0.0037419873351324548,0.00013859718526490714,0.00990635220085628,0.062434783317902726,304.2094714081815,11.837536007229406,36.48325016802346,28.548022322231994,0.5738328298428791,335.6471859772313,73.48566949561669,1459.3136536230625,955.5637637097315,1810.0970293902383,81295.69322836274,1946.2274689709745,100650.07984428537,0.03707118965945836,0.03091624889354492,0.1650038658170605,0.24638030179385242,|NEE| >30
347,0.39466854346727376,0.008568660005458991,0.0002115088853917482,0.004188953458130622,0.0009629761262649205,0.00410522299366943,0.06176656865389203,353.4742484022621,26.634687658420685,337.2809151199296,75.90576413376917,0.43553295294605,65.79889483752214,48.20635146626263,1888.4438813295508,718.3859554593695,1787.5743132971413,85286.85825598327,1308.8126639906425,175239.3232374714,0.10125323358224038,0.06815309119882687,0.16303520951908956,0.2728899222325694,|NEE| >30
348,0.31348630696277024,0.0023104676919521775,0.0006469870480933972,0.0019432364075911168,0.0008725592139888815,0.002320232223424827,0.03389692476055516,294.7639712627206,59.59384365088274,261.22487006596873,80.20160796678778,0.17682959696208245,53.57793593411256,71.8013615290053,691.2433238420988,1793.1088101162836,335.901616005351,18890.320883990567,588.0150325720432,53903.46780527524,0.04018702884811175,0.1062458764020123,0.5256216912637175,0.014459096523388252,|NEE| >30
349,0.3451972126587607,0.009172056949555316,0.00033697474295284657,0.007033335714995209,0.0005045779600366825,0.0016739860105888676,0.07142408450574689,358.9805194789154,48.84223564424133,87.25651716101189,91.91546613830782,0.24687891444297183,282.07036072127556,54.32870780348971,1459.4797017302374,713.1186225732891,1726.910604823469,39030.71207485657,994.7994287063808,166017.5617485653,0.0737921448664075,0.13832681097220656,0.1573667857659689,0.28531704573665634,|NEE| >30
350,0.36089580045709163,0.007834302799122245,0.0008304537457856074,0.008660022551160319,0.0004727371611391994,0.0007600519792942257,0.031392615283533,278.43644778355207,38.71164690335877,353.0219438214136,67.17209762645331,0.8534637413664959,102.17045965433886,43.846981697969355,1662.7691107300388,1903.3051768029043,1852.225264548945,10868.816019264355,120.9842049252546,118624.29912599108,0.029383022250912483,0.3138363168193586,0.0715455898275206,0.2243392706451166,|NEE| >30
351,0.47851328204579435,0.0010186915191611019,0.0008561279775720442,0.0006604176903761256,0.0008390864299858454,0.0028312529608109024,0.04121501325181046,266.5346749412319,21.46937187362547,303.81549772491513,43.74330811280559,0.23029860277218972,117.67992629689942,98.02293216237955,1187.9617829101692,739.9894488653754,1176.922399029064,671.5925447901011,1708.1220042656244,27754.08575113198,0.32114176326237454,0.046955106439595794,0.09999587352714642,0.05339397472508893,|NEE| >30
352,0.5643125829845477,0.0014204392751679432,0.0008532453688393986,0.006907085266077128,0.000569236463426212,0.006784436244548432,0.027140473877990123,294.75912586311296,24.854481664836527,248.1606067518044,43.77831794335673,0.9783918632381979,172.04291650583997,55.95137138174066,259.6399874485657,1884.9503576552304,546.9971183997937,20336.222230907217,980.728240566661,90612.31583045017,0.03863905073976353,0.21332144932874714,0.18286614153671915,0.0008607754102225795,|NEE| >30
353,0.5014901282631187,0.00010015179879902073,0.0009038215371229089,0.007813285027725268,0.00027713743418826065,0.009512178910225795,0.07436306770846142,310.91230516480624,94.04005878967152,188.9879563059576,83.61376665238947,0.6342650135116149,98.4969402186865,77.36183605091117,1887.371368839303,741.0156924461403,1995.2678503753252,35284.22195061427,1430.6444726268505,116052.21008723244,0.06778891740727763,0.09910776831395969,0.11593205817230089,0.21568112784334312,|NEE| >30
354,0.5641352561384247,0.005394076080943397,0.00014236482254820264,0.002447039631698466,0.00025165730963928667,0.0038330367152337114,0.04488948204086051,246.62182808328845,49.80600585888167,318.7932962979235,51.399888110082,0.22786694896237158,212.54321115122616,62.289581131991795,311.607432473129,370.4452076391835,522.8805623832754,684.3793564041983,990.3979610097746,195756.28124316916,0.19733453961035824,0.055333145831007194,0.13131426532210747,0.051882793098102294,|NEE| >30
355,0.5194549516206822,0.00215100674127342,0.00036307306367107384,0.0012733680131107722,0.0003937086427669927,0.00161691454027397,0.05938847835221102,149.2518031700496,62.19286131147308,317.4045784612609,58.7087345526698,0.8561351470958735,81.45028833816549,18.02164867939412,608.2645008724344,384.42959628458766,951.7338157771943,4943.420873935065,105.06354628269808,107583.8790504378,0.11091976209359514,0.05787838073833955,0.1577102247018933,0.15403668084548983,|NEE| >30
356,0.538321250986054,0.001546232977515731,0.00042285202107227114,0.0014734474334532218,0.00026902726860038214,0.0001723958924467542,0.036446353165460424,5.122040098034894,66.31583469335445,100.16939933118098,132.86383338162346,0.5206213186704445,136.53637876647994,84.81754544360075,412.85372059926505,468.8778160841036,1713.400869763841,72251.26078696846,488.2126528639737,65856.24303634255,0.3191023392444427,0.0022422284142954723,0.04663928769119637,0.09369489366401146,|NEE| >30
357,0.5347593231686857,0.004025887164985827,7.9892911927007e-05,0.007121398042936133,0.0003195409393638294,0.0011089956575538239,0.04840945832316493,39.966239828597935,37.416585962238415,358.32183156187523,94.59076034885935,0.41862076525847547,198.84775978514452,58.09609662387626,33.0796481884312,240.1258174611335,1300.6637978041565,31769.45792194452,1608.1435852625016,133483.04337402753,0.04064830246764964,0.011549063071671131,0.3584668306731844,0.054576480618809146,|NEE| >30
359,0.5981481853894564,0.004541539477551716,0.0009794470642991012,0.005415012408383532,0.000762215519595025,0.004848277527614712,0.06294706163839503,359.8755995247522,99.88351151783915,72.78763219771483,74.6811413729865,0.8678415571480131,88.94407296373514,77.57666535148029,1071.3253932072985,874.9121238779982,1468.767196607171,48819.61643289332,1086.4965072384466,133232.5240203044,0.08523515854753048,0.08180317211030172,0.019174629994328063,0.2156388539583834,|NEE| >30
360,0.34842407583571045,0.007251202136962175,0.00045259536027601104,0.004817413697642788,0.00043108814740241616,0.003434405898319579,0.04961740049805213,45.88281349724314,68.21967524889682,350.53437665956363,113.98592978837213,0.17302413923448906,219.24369178610095,70.52986325387045,240.20628448826452,1416.9944639334128,557.6581718703967,61020.08227594057,1619.3681663024802,180855.04929811097,0.12021044334387469,0.25854711421491966,0.049006914170740073,0.22381145243475511,|NEE| >30
361,0.5926385447651017,0.009328049799291416,0.00033494824141084797,0.006365958924903381,0.0007130817042517674,0.006241742111502344,0.05797153424344936,139.91194629075878,60.638837705428976,269.37437536934465,38.516991998354804,0.5969856951760322,293.9530816948231,19.751094343039192,1194.6459849810624,544.6141953062613,1806.5567224507752,81522.98456814111,1009.0677240286752,38388.960971703105,0.046882570873853065,0.0154788524739523,0.16110876445283367,0.1838912674342593,|NEE| >30
362,0.5030712398714285,0.0034866215680109387,0.0004258596024906378,0.002333436089617588,0.0007578130621245479,0.007739701870248852,0.032415217438511015,153.68846338852407,53.099627281463796,317.52008613795874,131.72850688395846,0.6410813558203582,56.45489253749926,51.566602339008234,665.7351114611803,1802.8915700778653,1965.124746488025,86979.60010559535,1820.5504188075927,80150.78424522946,0.19666303113623498,0.15176906392581888,0.012560938575352714,0.1359357264911649,|NEE| >30
363,0.5172388688234538,0.0054728364369987115,0.0006556253759981746,0.0010452161353699137,0.0007938716965971659,0.0056888488929124625,0.021116126275587184,36.23239389239339,63.01594845184194,69.31248614803663,66.26440419662734,0.5058806748428927,192.9672434575973,29.079165995348017,1144.37118540361,869.4906887043782,158.82525107634248,81461.99511920981,520.9934918245972,91391.44059691433,0.09783658402326097,0.3147421896714305,0.06333565099746138,0.006846706484393451,|NEE| >30
364,0.5202080810227825,0.006106082291491215,0.0009400976505020078,0.0020889456184860784,0.00010343976575381501,0.00668311528805086,0.06607648919968084,360.57611486463065,38.68067316735303,11.038024239865168,61.61774425517937,0.8402117887060696,260.54837683213134,50.75008470000411,1989.2442503849384,1348.11792612193,1838.8471320568983,70217.69462209666,1976.0113860070264,100269.60358323899,0.1258446284471378,0.0905062919949876,0.061584899138524156,0.201856099396568,|NEE| >30
365,0.4205103114883447,0.00012037861149890532,0.00045205658133982046,0.00920760276460826,0.00025740351027281816,0.008709457038847224,0.05991043462419596,292.08818712094757,30.039327180191915,96.05661034663765,92.19757110077832,0.18364775651893855,342.6793806405096,51.811718843961394,1200.5155895627813,277.17344958006345,476.29769982373057,625.6984672214661,418.5320665133605,148354.1887709747,0.1361023724768822,0.34316557267331144,0.052793924551583334,0.047427818809878335,|NEE| >30
366,0.5327538873505147,0.005518055000200265,0.0004670846884872112,0.007823466003539885,0.0003225887498278585,0.007822611224817788,0.07020131824836122,206.8652978060879,93.8336270586882,211.07132959979143,89.37349977652771,0.6189513480062663,171.2389823851614,36.36962551081381,1229.7133515631745,1208.40493044902,565.7308846551315,87361.9711083835,738.1768358984307,184821.67628611642,0.17604048345421808,0.058152570231970714,0.12370701346546495,0.10934604549783161,|NEE| >30
367,0.5794060757199342,0.007717950650885668,0.00014433584673750568,0.003938533795849443,0.0004457153586589301,0.0020712311328423224,0.06878071280570276,162.19720021936567,41.227631249704764,236.04006284409417,59.98042707017512,0.7764005155371697,202.79943424591855,61.782134224554255,1267.7991212552854,1842.4980452654604,1501.772899425623,44356.57689141323,530.7119294696904,42998.54606047475,0.12853323240766135,0.2725917456161995,0.013776604841058809,0.0056923414151461155,|NEE| >30
368,0.47470553431141915,0.007113020558417531,5.933498295384962e-05,0.00984022890250958,0.00037954918828507787,0.007758930790321362,0.029075851504054208,132.6372427884045,84.21169572618287,141.41036576980898,32.88433526186083,0.2581326506654425,387.6714960977181,64.97407935623116,1774.556003256924,786.5562429921321,1691.9742524524686,10459.267120203815,968.0015978648617,59716.8991135561,0.24836617597255514,0.04148040751582816,0.16746976587124263,0.0679781163289549,|NEE| >30
370,0.3820184574450623,0.0075061530065843925,0.0009901050912031952,0.0018131757617321333,0.00045954140430489934,0.0011637930203924037,0.07690163106698052,170.18287049273266,37.80093918177823,1.5124687555359149,117.37392383858845,0.49581667307248056,286.0303374051691,69.3589458240429,822.8450885895043,1893.0709439042055,772.6777133471096,39033.18780683011,1135.7046877312312,166777.8549288659,0.4820731922553643,0.016803160723619762,0.062052951093778466,0.05705223848217521,|NEE| >30
371,0.6416627102711641,0.004081079018231818,0.0007138967008091453,0.004497155738301011,0.0004438227087793399,0.0030992232087159103,0.07878192825370268,56.788110210394095,83.58949639069439,32.86635283777105,78.97882575198658,0.2016618445346655,297.52543606148333,19.5524135883444,1633.623960525455,396.40168145259764,145.67730298574497,19375.610259428853,1566.3840158664725,138921.54003058342,0.0032501904383182576,0.136612413612606,0.12259673262643062,0.09587795305148106,|NEE| >30
372,0.4155974257472351,0.0006686362973005125,0.000551033457721792,0.0023299740393734844,0.0007326471831127009,0.0005560529197842476,0.025049337280469514,132.73770904236008,20.48690607278822,259.3074781800294,110.31982470738554,0.9555198027777219,77.42865320744293,48.96557135831609,1397.9854646938857,254.87650751956204,1741.7978082343145,56697.91783558872,471.47601875966353,163209.34777849694,0.08431941384205212,0.2606997574284835,0.0732650217708061,0.16611838121142317,|NEE| >30
373,0.5003817623515341,0.0014759897093597285,0.0008504021549157388,0.0013029764539989825,0.00021502343831478202,0.002527878861421214,0.06163204998817437,7.25940606400052,55.47263277673877,348.0810507450234,81.13155684550745,0.36621342017999314,218.93372487083306,15.016889796992235,560.0644293263533,1709.331000890322,1693.6661287376362,65917.79271070725,1478.5591512892029,60490.41999126923,0.29999778352599715,0.12305558875035394,0.0031018782629795363,0.07346298710913533,|NEE| >30
374,0.6918328492400307,0.000793221408445955,0.00022998359650485038,0.006378314421329705,0.00018416329514682917,0.0075376346275826634,0.04071523287544621,142.356889521758,43.06103173715552,24.820083516230483,58.04320852581008,0.7206535893053296,30.387182237219562,31.82957097008741,1021.9589791186404,187.8704144275967,1229.7862096190731,47887.083367346204,1556.6026135129239,142557.75084361725,0.0278783423940622,0.08354370558191239,0.16768092607601393,0.029064176707980737,|NEE| >30
375,0.4246067952921875,0.004096298657737949,0.00020996577659019688,0.009986938136980844,0.000610269965348554,0.006790612239336617,0.035578041256675096,116.8942604429789,42.42983537659678,167.3534683694061,131.63643168624168,0.13883629738685238,55.36358213339592,37.28978018054907,907.0942502887847,770.8399469115681,1871.3456205724672,40053.3223555007,1194.6879646260786,122075.97962621028,0.146298164305538,0.220891064881624,0.1338345543775374,0.07436942114311318,|NEE| >30
376,0.6327864125544744,0.009204091179793403,0.0008659805788072025,0.00835578190178383,9.857434418196697e-05,0.0056872734971216655,0.06886957636591974,188.6330983188624,36.41428153051819,345.5401725239727,97.58474017622063,0.8326043637185319,114.79218320161849,61.45140034784762,312.5219795355837,1120.3852187068733,917.5990662083649,3981.402077857544,1349.8403747542857,138123.02334843593,0.04448586358466498,0.1570727421964353,0.06732934013744499,0.09832564152698027,|NEE| >30
378,0.31832299702796324,0.006452757589734358,0.0005204715369160015,0.007101149869725039,0.0007279687364939718,0.008694407901113628,0.028798964167985847,204.1510974851901,87.37112854716496,348.9829136046092,56.02788380392604,0.7295535032801123,182.51582988903849,50.92234871371159,229.04201613312898,840.9294804345452,803.9151217578444,66600.78559480244,41.01755684186345,95536.55367157015,0.38425039652201276,0.20217815008271717,0.07581839212741047,0.019430064239896287,|NEE| >30
379,0.5344982496498056,0.0020239022393714542,0.000662629140914764,0.0012441981495378285,0.0008305286563089717,0.008121648653527961,0.04095007317349665,141.3836515042133,82.3409479925357,321.66414043121256,64.05749770720034,0.8767911435618788,399.28415179148266,36.11768862258298,831.9673352439519,1119.0833378532823,1878.7423497719542,88380.75107902002,1201.8321379417835,69145.2440309243,0.10948457252556808,0.07520024005703248,0.13734893198871612,0.1434680057788777,|NEE| >30
380,0.636828564744058,0.005474493703065373,0.0005486686934048099,0.001635842631841918,0.0005335519939073435,0.0001308837078891371,0.027137764604869028,306.87204331305924,41.29868668185542,172.146332551138,143.13626035633513,0.9076393154323188,316.6854648482697,52.10941072524552,1395.6547432628868,1530.8183515349342,154.46966669323814,44521.514748689755,972.0833238213334,193337.4296364504,0.07768681176511912,0.0025580328560095363,0.18341235827125021,0.09951423236356309,|NEE| >30
381,0.630925315673579,0.00211975380870879,0.00027448823375649634,0.0036392114173411714,0.0006455993968247457,0.007161077607775273,0.041822574353528014,184.54851119249534,10.800438092710783,52.92493305181919,111.89028743906661,0.584312648115958,317.9186663122245,89.08418787301454,442.7604269639644,1897.8755770927341,976.6981108497993,55576.32584187067,1871.238430624779,171596.54360995186,0.03943884221284079,0.19311269446632148,0.0720266131784431,0.06449653446881562,|NEE| >30
382,0.4749612515290913,0.008045800031581157,0.0006125136005068214,0.006523667363416097,0.0007230935158565869,0.004298884557960074,0.051100174571165155,342.17229514315505,90.73246641857713,211.01796583634376,132.3755628718261,0.9873063302987246,76.81124039547096,68.27033067031735,295.41324557426225,318.91322673956927,1955.2155379260612,32006.00632170669,1001.9919689767746,123006.8763581954,0.1898735201782215,0.23396756218726533,0.09310035859450869,0.00809730751091317,|NEE| >30
383,0.4079338124058314,0.009736584009344906,0.00037862672656376896,0.005086331977667963,0.0001891066723334412,0.003010086532439582,0.04945079901659967,121.33538581166185,10.435108416952009,279.697261174783,106.81712618205853,0.5182012253081622,354.6057050009825,98.45594423144324,1161.8200013548646,1175.2955798118994,612.0180097846276,53135.58563128841,161.06905087604696,88136.69726323441,0.23529175750900583,0.2532957080140912,0.031130723992053,0.07234799807901858,|NEE| >30
384,0.390229881967174,0.004430116545434466,0.00017036503092553968,0.005640181537175025,0.0006781057736895465,0.006200482635459139,0.07975842429923256,176.77174219082647,25.617474751283307,152.7362312963129,40.33351486566761,0.4220053705273524,325.51355770836534,13.588299113894998,1838.8596148450783,1409.7833424780595,738.1414096910422,32166.14246935929,923.7460912490195,44851.17001528472,0.11652907930177574,0.2868516820857948,0.05146559883215123,0.1549237578131042,|NEE| >30
385,0.6473698358134105,0.008191139753345872,0.00048286975788143597,0.0010357720766938237,3.613481079293084e-05,0.006083012714630524,0.07895084129577429,97.75444105772233,46.80361756794694,170.1428936268945,80.60648150914002,0.6754483481527237,123.68754613249303,44.46490021191444,797.4858564974285,1520.100979539957,50.843043358022555,77796.02166418596,263.1796070024628,107662.85116940216,0.0021444954892737298,0.20419254536562265,0.06910395599480981,0.07718916733688339,|NEE| >30
386,0.525880108902405,0.0049005197466643,0.0008824484901138933,0.003976246419482388,0.00040748215613616,0.009829643698829743,0.07742619599973721,238.0621938558719,61.21914545147995,245.03865954551387,25.47217088935806,0.5867681628728856,376.81784433766757,55.257441778927834,604.1165690580881,1415.0058454331538,1421.313910100049,66293.63928425332,547.3957496099035,171574.21935291405,0.16783268907026666,0.12476776796563631,0.01780771465497791,0.16371171940671414,|NEE| >30
387,0.3227410232298486,0.0010893414303173718,7.678027628622057e-05,0.00019857612238352923,0.0007711767207828161,0.004715973440476301,0.050768250189912864,326.985727676172,78.8273673053752,95.19681191226515,36.595005501992986,0.295947812053944,258.825704608967,71.93778454608702,919.3272694937355,1895.1992031315463,1095.3680835113544,41605.55333772084,648.9309324585134,41980.62237832367,0.1801327835823034,0.13455876734031985,0.2945173497963613,0.06805007605116684,|NEE| >30
388,0.40296962021678967,0.001404742013954659,0.0009918655183346605,0.003409402174607756,0.0002883853292634899,0.008820840639036558,0.07132943241298914,11.197161951028377,68.405881579247,225.1122837667315,109.30569830848182,0.5876443138574661,182.5360096287325,75.39448128153516,1811.3034727500544,769.8844756649138,860.7757289014438,90587.0699171959,640.5660516490495,1234.5449870861735,0.02365901336328194,0.044866374168812,0.42143620460055337,0.10706878765056298,|NEE| >30
389,0.39037166043274085,0.0018730579608585167,0.0005673532872484739,0.008793627844222525,0.0006394824763487442,0.0013845425660422603,0.058565454680754844,347.121734371555,86.13754175812836,231.94905149065926,139.0857033808618,0.4240439371345356,343.7270757660449,77.37320168013397,637.4771326381514,1052.660595257402,895.4725727876513,58437.843601984234,1636.3717001698942,28687.99499174824,0.22110071614830587,0.10112946970081624,0.24760258723110462,0.03979556648703249,|NEE| >30
390,0.41345881568415055,0.0036443502324249866,0.0004988475187476735,0.0031450751814066764,0.0006522285355857364,0.006287991027902965,0.055212724651944725,189.13852031668884,94.55539286415821,83.25004076292308,98.75823447822182,0.13545226711777586,132.64780690984213,90.76039616009344,1398.3127884522796,202.77096766856423,1674.991109657985,41867.695606487745,692.1229649083464,106877.96147617999,0.00877724238824405,0.4296447082414576,0.09586916734741793,0.05225006633872985,|NEE| >30
391,0.3566476207035183,0.00960192305213642,0.0007725139455327253,0.006380574131921262,0.0002792098705750672,0.001047563383409715,0.04669703584337346,347.6742097104231,92.05597662346626,167.3070317295672,35.38259332486213,0.31791782790013484,50.56691541757292,45.863030928416805,1865.3420851385542,1582.9671712107827,1889.7181623376578,59475.75366777291,236.5855887641455,40652.61721267982,0.14252749987396587,0.1097466084253165,0.019236064372763678,0.37184220662443557,|NEE| >30
392,0.6924259322050763,0.008238143039717366,0.0003496191076229872,0.007178125205853728,0.0009329062713244134,0.009231122705902395,0.07764749159537626,171.9946927464203,76.75986425438467,277.1321421494025,111.25839220668571,0.5905658485725991,376.5072601160863,27.054170255635793,781.8155204827159,452.3233159932791,525.6476670956309,46358.69607547119,405.31808444531805,56339.04827712907,0.09272550827072654,0.06577067698803363,0.06047936837693031,0.08859851415923321,|NEE| >30
393,0.5292036023180103,0.0022919270480520767,0.0009599674333742909,0.009166899832522455,0.00027676016704842964,0.003598820483340723,0.02869651072729513,117.02824725923526,28.62534612665718,243.7270875414067,117.52821460115712,0.39957827270723034,350.1532154801177,74.13827001885907,1743.3773868830963,843.5535401326545,1477.184492462604,15277.653191200336,996.5276319476624,128296.35771067593,0.24222435441063436,0.002009777582583355,0.031496591802043686,0.19506567388672819,|NEE| >30
395,0.562282169572039,0.003453770102646249,0.0008079076372492996,0.0037016325612190724,0.00018529869600738874,0.0021063415933278242,0.04307450756412466,334.8304410839777,93.10106889221454,129.07465072103474,149.08627064224632,0.3629202014904559,129.0992090454493,27.341782201682022,900.5430959239923,1230.723737575839,1456.0888095194239,41580.13423994609,1234.2841089239175,189719.30403428362,0.18773823830456493,0.035145072207127405,0.07365259740788872,0.14118192250837988,|NEE| >30
396,0.529779164005264,0.002217758266441988,0.0006773184784860199,0.009652546099561425,0.000857954840779926,0.008115906517490503,0.0710059892057821,334.56346714088085,21.34739476748226,177.4748101038123,117.97861304395201,0.26952961303690004,247.09205350565662,47.941519842283256,1269.6301693490486,1375.9653670632283,1584.7769539317535,1286.2924699430737,451.02536726865065,111520.16789086044,0.08573116478935941,0.24650183084163768,0.0699491154932824,0.06803872487045647,|NEE| >30
399,0.5891037414327722,0.006176011951110415,0.0008431380502579092,0.005035391906504424,0.00018795821208909732,0.0065864228675202655,0.04790336867120873,57.996988211473614,77.3586286511467,84.08992927062297,83.61256764513148,0.2660233357983637,109.65444885903334,89.12255051037417,1885.90286941998,1531.5277651444314,1836.0167145287544,92373.09265525718,673.8555835325068,27761.64642971023,0.13738890145916013,0.027154126322130812,0.0971377270867403,0.1492155036991965,|NEE| >30
400,0.48728212262977677,0.008640382807349077,0.0005556534618991432,0.0034002726955951693,0.0002688290618130941,0.009149747607064426,0.06425039693839775,100.4991749454145,19.692777402665357,85.9586005854817,128.25233462137078,0.149948095870744,207.2464832612033,59.89204737445945,1462.785284755787,989.0386759723411,1492.9464195263593,87450.28037326435,39.029882360889935,114835.46435513566,0.0009778505585855337,0.12456448744017831,0.3637612316253024,0.02341430774615695,|NEE| >30
401,0.4458060022776409,0.009174495419259913,0.00032019408527765835,0.00996976130587271,0.00029996234315538537,0.005368205137513184,0.03633420681109305,203.38021892961416,45.416643136615725,191.7000983530596,105.03359553394816,0.8174271915642115,362.88393068820193,35.27308582765434,244.64164491546043,491.8635403702645,1942.9287814500487,51086.30818422669,1120.4236199797367,91249.64395106942,0.17563531704576366,0.28524520840698897,0.022321307912402447,0.07099216435720403,|NEE| >30
402,0.404739650080205,0.0030711342252290014,0.0006308582977958095,0.0015571870181770172,0.0003414813585917131,0.009136573782523702,0.020179524363326377,138.33898059353876,54.21037172818682,54.397762041104066,32.91068961493866,0.21814624404735075,247.2471894653838,81.912526717966,1695.0734685269458,216.07224941079878,1829.946523497298,95674.29570195306,827.3758052710442,54697.19562407344,0.13186906889404468,0.17201399579330545,0.019070466478662614,0.27230681875378226,|NEE| >30
403,0.6244216237972994,0.0012101203001038635,0.000821999447222699,0.007479007550906504,0.0005913462801233244,0.0047046089918884254,0.07257401767030025,222.16106576985683,97.31257773654748,312.8366075546859,101.35678499038053,0.9505163617756187,171.143403642418,93.06999372760863,823.6783670998462,1075.271960890012,608.151584744308,53180.53963330402,1983.7845962188906,132548.8346467621,0.07301140561697782,0.014786729567287313,0.0954389870387886,0.1923412539796469,|NEE| >30
404,0.358795855170257,0.00107263999732274,8.89676275996793e-05,0.005805080833216261,0.0004223924897303598,0.0014709197104592266,0.02726587083839578,208.31737331398983,76.40874458340843,161.4902050158814,111.43733626478671,0.7134200903573651,78.97357737360603,89.92269329627364,1946.0654749964185,1433.0604370440255,624.5632983401032,58366.16792025142,1475.8975221283358,163255.15562383793,0.11511084918039967,0.07751448170220819,0.2893204685283237,0.15925834541881143,|NEE| >30
405,0.4124263085205991,0.004300624429580284,0.0009720116208280258,0.008625431561077852,0.0005412028370574432,0.007047049629647716,0.025051296312632844,27.90621469511598,35.668458343211874,172.68388574193315,92.80042613406637,0.273698505116754,227.0680057659498,90.71999721142235,1666.2932409102575,1645.8334074302309,364.8825085850113,85960.98169062441,1298.3610911043907,43345.1807581016,0.030295624243927052,0.2954035468362164,0.07372425535733175,0.1881502650419258,|NEE| >30
406,0.3715289920008247,0.003383205870914344,0.00016111606748828554,0.006893013775309764,0.0008668870464384103,0.001383979235487001,0.07697967035584358,250.43501013705216,15.63858770925171,245.20476102676196,34.33154055093534,0.41406511470918683,113.61207821822455,15.38001158749021,669.6382740437164,1738.087873534447,1236.9622730532888,42860.71032768377,1053.8968058344153,59212.05870421466,0.02780242293278068,0.0935959572487537,0.004729010876494383,0.5023436169411466,|NEE| >30
407,0.4417218207542006,0.008476438368737762,0.0005608274663380526,0.004502585273619075,0.0008044733351269612,0.0005447361808050459,0.05730302221681495,197.92158332428062,79.61937563689693,329.7594276682758,56.67406885096835,0.40818632990866044,202.96092648715526,84.99618041731853,427.13284771297157,1197.1719422993233,318.9629882892087,42049.282000350395,1763.4575758445587,61723.28898673268,0.15529568491784781,0.14171433386157212,0.2183926951050183,0.04287546536136107,|NEE| >30
408,0.6783219454110991,0.009657740408410399,0.0009238136377886099,0.004004689249674031,0.0006518689691844448,0.0005067365903220188,0.03825360991869324,204.93353020238203,87.03678126801535,325.4409029826978,148.35216098322275,0.7420564833150592,191.64210251320466,93.3806415975099,1012.9057641136604,1834.8501534057586,220.43240653175118,40361.61292195761,1817.2923388066574,136440.5179181393,0.028912190244893648,0.1550966057122602,0.07801980808672011,0.05964945054502688,|NEE| >30
409,0.6296839130687539,0.008462021554781794,0.0002025406361734864,0.006691327568935029,0.0006844170703592153,0.00921668981669998,0.07014849104766178,50.48071596745457,83.94623757685395,158.06719223604932,54.29489409821747,0.9634534330758928,58.64477349534324,48.49715591002391,1441.4303655672313,1594.757433007811,382.64204135368607,58100.47630740614,202.80358518174285,112440.02736241926,0.24091230746692696,0.014417567623480855,0.08518119989141744,0.029805011949420812,|NEE| >30
410,0.5747414870542709,0.005611923574594099,0.0009611772615484506,0.009169458015572831,0.0006010712852359624,0.0016221010497498869,0.024388052522421183,149.4392774425616,91.55148355304041,15.82879112110351,81.33680508920224,0.6109652142682029,129.55545924242176,20.09328584885549,336.91520200019727,1401.4970862685034,1484.1728252007777,59196.505633113404,801.7131970200019,33134.38273606056,0.2861230002186419,0.002024173435621865,0.12022312128977534,0.016888218001690034,|NEE| >30
411,0.666862393329042,0.0086924884563024,0.0007092626730539103,0.006294072765820009,0.0007369012034815472,0.0025884530366687016,0.07194966536744105,16.266111395080213,84.21942969791986,127.00923782975116,30.511089520543862,0.6130983560409786,206.1781556075808,95.25745066819883,1436.5116254210513,121.44910303335753,1585.502874004061,33865.904095222184,985.4269270219685,36200.9639558975,0.11636651223668475,0.11428293640785839,0.04098446601288996,0.0615036920135249,|NEE| >30
412,0.6843493374294739,0.0089459004613973,0.00030849935660002284,0.005160056313790991,0.000741826970740747,0.0015748313083503642,0.05650867413828503,312.45528140064823,23.718543502569702,46.19854966153318,75.00740785116717,0.634162935050203,375.60109457714157,10.04365930744717,1707.4612682422273,1404.862497780116,1543.6561693331541,84070.77022758652,1421.5627524057936,184737.23848061392,0.14258098182900514,0.013293350985902399,0.05467078461834134,0.10510554513727724,|NEE| >30
413,0.6042013792353471,0.009788581408933359,0.0009320874833871588,0.002463116353254238,0.00011895208388030869,0.0048539536904061735,0.07316640714188685,9.310599982881964,80.78913698026388,43.93860258914417,125.41512694904577,0.7711506708409246,73.4820658730169,18.52140371531223,929.9094194027791,728.1255879456138,686.4141717010209,89020.71274108185,1876.1692879022498,67237.21589190845,0.02150859830825141,0.013156785961082447,0.34817918210715015,0.012954054388168905,|NEE| >30
414,0.32925222105814334,0.009156551137910588,0.00034725676331611805,0.0006747163291622567,0.000686081933090029,0.005093013214133158,0.05706540896441137,87.68162855006558,65.26288818132542,358.6194422369981,74.42983842264786,0.6490829230433979,57.86000600715653,97.23634973167307,1330.0311259220152,257.82236990251084,1996.740346219128,79645.04041263131,531.3777774804344,42087.2659125775,0.10511424681831842,0.2883169889123175,0.041762260623701156,0.23555428258751956,|NEE| >30
415,0.4457042868312481,0.0005913109551793595,0.00035176469025454137,0.004068670285102994,0.0005649042608336177,0.009609423887161362,0.0321678900979901,183.84346058853544,95.32893554775939,68.06471372066531,58.054105839046,0.5355376383480657,118.29152060213191,45.64037634174145,1198.548583335735,210.38396116772265,1486.6494270729002,93788.4939734661,677.5731965813274,122086.0721834095,0.19593174603278316,0.19422696945119916,0.07508841858005451,0.0890485791047151,|NEE| >30
416,0.3840901122530777,0.002419553591084389,0.0003324955646036608,0.0005425909459445324,0.0004265349004434272,0.007785313834435076,0.03866713268808995,47.644203428820965,40.54040434821155,82.52578158338751,55.17937324252505,0.5269212270247503,27.470936145103945,39.434677352503755,311.6067399680989,155.9703016198504,1067.9543404573483,46730.98467831486,1678.2610886559823,107530.95907234887,0.055655604697007005,0.09154189992154152,0.022348519415327246,0.4463638637130465,|NEE| >30
417,0.31582393034294604,0.008494289759445408,0.0006400226110327061,0.00708495674585876,0.0007695880057768924,0.0024096094373252447,0.03286503718643955,88.09767211164996,32.55990595123105,45.33559784797761,24.041210573788906,0.6795961431980215,51.28071682219535,17.43145001997029,502.58995279479717,751.8388935027244,465.6536291378621,24456.37307351604,1797.2477390579866,109459.20349546707,0.030595736362508487,0.2568118082348535,0.3439127031087778,0.052855821950914095,|NEE| >30
418,0.49555000553332806,0.00475998097468533,0.0005105139048990396,0.0001330140491528953,0.000696224960121025,0.002869802280841321,0.049145910880565954,353.61081052512304,91.6229521085967,122.78196641428755,132.0702824468283,0.8711347112614585,240.5904143433181,74.29511719486044,1077.1338684769307,622.7120428611668,931.7831198851909,35214.8991241151,1202.8544112042935,7887.537609592986,0.08129116204348925,0.10032164498668873,0.20766786096750237,0.11516932646899157,|NEE| >30
419,0.4538259355874336,0.004649267831348243,0.00019514971680624038,0.00924377526073579,0.0009052587902641295,0.0018291337051346405,0.06308666533283143,310.1065046973363,75.44394204946111,217.76278615995642,71.28795755503363,0.35382436749575413,86.83878022220759,83.85694627028947,1439.2781269607653,89.76163135929349,1494.7882145279293,47095.73248842654,1482.3111206719889,162881.11023008428,0.12932976539234803,0.035336422505605765,0.18853137202957312,0.1929765044850394,|NEE| >30
420,0.5042111869602106,0.0047247604772115105,0.0008278030013088135,0.0019942326384035348,0.0002700865384468793,0.007485402017582371,0.05327450471048287,267.59369879563616,30.82939865846633,331.3056426880045,43.27260170194917,0.2761973481166913,128.66381297028363,42.40517133074401,1800.4071896717019,904.0838087078428,1165.9998606627573,92240.98312291045,532.7473960229364,113920.08876605096,0.1258809205467086,0.12414420320998037,0.035896732837100216,0.20986695644600015,|NEE| >30
421,0.4719791968198581,0.0018700057309792464,4.1778347802767197e-05,0.0038388599320836685,0.0005237955536916074,0.003605689525340544,0.06690334178136845,271.033543129926,14.081158463671342,284.8633443742402,84.04962963282628,0.37383238955456805,73.4246121620204,26.15467213788761,1244.6942281173983,1747.5904510636947,858.5043531246783,93606.3809127017,160.16775545133646,146937.1649577105,0.13205865568913008,0.1206680095777839,0.03276685672948412,0.2425272811837439,|NEE| >30
422,0.4867012924452576,0.00832231566424803,0.000186798480193578,0.0003430579049784229,0.0006905235681898613,0.006404219673933381,0.05617128959997415,227.0899552964812,24.52261763764669,68.43133285486859,84.6499469931465,0.2811397096596476,78.70338402851785,93.37434720603969,1108.304539973157,1117.345260832578,1495.662522998864,75953.16566509834,1060.626651648234,165382.6938684036,0.08543166599776231,0.31217670639733114,0.004084452972958385,0.1116058821866906,|NEE| >30
424,0.4791632294521605,0.002785021111514866,0.0006327031245464663,0.008167285350485633,0.0007170499962437361,0.002499781737998601,0.059570848345364566,143.53501369464905,76.65810634469815,59.56298885500239,22.44209467082509,0.2351019297679457,153.64631613867948,42.88754582463445,1596.891556221695,594.057550261451,872.868672633685,78472.30627151609,320.4588195415012,132489.37296306042,0.01997526926604784,0.23173264727046838,0.16564039478352516,0.10348845922779806,|NEE| >30
425,0.5644387418111756,0.004235213702261576,0.0009428334830782672,0.006343689180875901,0.0004814201914475766,0.006365124771464837,0.04727506387237913,332.6406150838101,88.28204638532736,188.39933179456966,103.97925270186457,0.3108217614764592,61.35273037296473,82.26735491443007,1536.1043272620652,1760.6574317354527,1181.1071428085477,35825.92024385177,1500.5719627475892,159314.45309817875,0.23421732654208782,0.03801693422770914,0.16035998861547715,0.0029670088035503106,|NEE| >30
426,0.41476088088202084,0.002407490644400589,0.0007076697270586021,0.0004985695319538938,0.0007430920219578638,0.009046281166695482,0.07260527921230538,191.9216412553648,80.26504779766181,145.72546913905543,96.72591411036358,0.666069696577375,254.05420575097966,63.533754804338365,1266.6667982476993,862.4541511119058,566.038145026707,63788.602209084354,1481.8794652565853,174122.80568788998,0.08297400617866406,0.027396264460445817,0.21559591438576384,0.2592729340931055,|NEE| >30
427,0.5914755173629351,0.002168544131474035,8.122252165455547e-05,0.003721365961770581,0.0008579525087616818,0.0010612660078568941,0.02094299821088565,77.49992218839718,63.70045227511465,250.42858509564778,132.0668054914346,0.44548171212191356,181.11048277132792,51.23633739034315,261.47555611059045,420.4914229326808,1199.5482731997913,43138.178340715334,1514.2400814254981,107857.70588684514,0.055123872920817524,0.10867194477959652,0.014266145726773198,0.2304625192098776,|NEE| >30
428,0.5554495495870586,0.009485039773082522,0.00011430697592218233,0.007475784866808027,0.00030313150877212956,0.005828885841974545,0.07918807109121007,324.2102229803455,95.58318018352212,68.49867448364824,136.16838242755608,0.6652140099857231,235.2479973219999,65.42787048338941,448.5812691112809,260.1355734498353,501.63846873290413,55017.531852028704,542.2449370097852,94468.596945207,0.03899750072089564,0.23093571129943025,0.10293597959758125,0.07168125879503424,|NEE| >30
429,0.3831827993590369,0.0020530707575034707,0.000531500485280573,0.0016809493242709475,0.00084878891548785,0.0012675305876265418,0.028872494470211868,361.54742586459605,55.443944042193856,356.02098271062135,120.40686973780143,0.6228127112467292,23.785760013575754,78.38203809048242,889.7912403895989,1275.6186234844133,1802.757270027227,34790.40227656608,595.4921686680979,122339.61850711594,0.34842008139708514,0.023351270513439933,0.01201490861044781,0.2330309401199903,|NEE| >30
430,0.6323957529638156,0.0004190572430748224,0.00019519779096211095,0.0029673126300248467,0.0006385629901749806,0.0058917729001879944,0.025893342040335734,218.6048749721461,15.808242653361853,329.9293004696197,142.41412215132263,0.8355267319879917,289.51252211891347,21.882072710945216,1263.9965051719564,1193.4469528598884,484.46036298611205,2334.8158229697233,927.4429489564349,160243.505903118,0.03647851146519831,0.21233850345745833,0.06680148144326749,0.05198575067026037,|NEE| >30
431,0.46231337456130994,0.009598062957521272,5.005586521263723e-05,0.004982628088813666,0.0006120233479441627,0.0029114466729729636,0.07870093750528721,293.8995238203704,44.67040659942599,112.07576692161967,103.54758279293166,0.2778640627908141,91.1509415776568,24.494442855912183,1567.4074550096343,1132.5425424017415,889.9567437940818,31652.185949218612,528.0242816102075,118206.98149725485,0.05625276741334453,0.2567791276815542,0.09169457576416791,0.13296015457962337,|NEE| >30
432,0.3218144027297556,0.00919628152738257,0.0007313231581804304,0.004604163354006913,0.00048389470908412693,0.0046494617590666105,0.07866034106340243,28.833188998104784,60.61033974544519,328.01165404583014,60.68311418502119,0.7391767780681716,135.10284197868043,41.45958766909594,1490.1718405672643,530.0091171109576,378.60094948716915,2663.373396387643,284.54002345469394,59360.540949194365,0.21584949754182461,0.27085668894084997,0.07623224145820816,0.11524716932936169,|NEE| >30
433,0.41755404264110896,0.006299289905655764,0.0009873440500755117,0.001438660242080835,0.0009885591442374145,0.00707648392546417,0.06263415379879708,285.13044971309046,96.10226732813489,105.81884079662393,42.970111496522385,0.4961800133082203,124.47141267600135,35.47212201359487,1218.5207252670914,827.9803632101427,428.28824707683964,98577.48589936618,1218.6033102377517,122084.31891952596,0.20084664827004767,0.28075768950473473,0.04271661557313729,0.05812500401097142,|NEE| >30
434,0.6884463672509883,0.006848200955681781,0.0009589102689224425,0.004767758410663034,0.0008604628412752628,0.0010936934724420878,0.06053396031264008,25.63461560911048,89.19004387669351,322.90567404427406,39.715741965014274,0.5164256452417955,291.28188257983805,75.40692152741263,1963.977611068285,284.24327600176105,1493.4368956035494,86790.32661140943,325.5494826715601,123569.0255870684,0.14988252147928038,0.13950772225034003,0.00488278898415177,0.01728060003523954,|NEE| >30
435,0.49889700540319304,0.009457500080984069,0.0005595230932537868,0.0032848211132098758,0.0003218808611147631,0.0035997302558278244,0.041109318090068375,195.59457527871984,69.15406628957521,128.46091895084606,29.219654018589715,0.5722707500113047,20.367845994830997,14.773685453645198,370.56725876324253,1653.652049035114,106.41731232602856,33126.837625924265,409.22188620200365,196751.19393396637,0.291139346108767,0.0964154913162253,0.0698913131744833,0.04365684399733125,|NEE| >30
436,0.5902265769019543,0.0039883403868497605,0.00048725722001562394,0.005855695938439967,0.0008218971529347051,0.00023457490292003072,0.05739568974683244,345.87846582020273,82.13124003926308,312.3616140801811,46.97234667256536,0.3954453012541607,284.9446733722583,33.15053678210863,178.14211934173252,1600.079570874516,1691.5062226010027,74813.6051392475,1028.5951564105349,179379.85366999946,0.014090211678350924,0.18120982405374664,0.05059144828683504,0.16388193907911303,|NEE| >30
437,0.5247227818160889,0.005565901696336291,0.00045951709306145047,0.00888664866236108,0.0008879254310612425,0.0098708831945871,0.06142744275135999,137.72122974106765,65.82617271349167,261.05243532701314,97.18997850470947,0.9646407279119348,353.3442474631715,20.459708028018447,1729.1915178258985,151.0722472788697,1554.3529982928376,79934.58023757701,815.3723279762241,168096.77354019048,0.10291296125947867,0.017405521843973974,0.18560485613496236,0.16935387894549606,|NEE| >30
438,0.3095997517243862,0.006812939629971981,8.964621988503481e-05,0.0023288051986362873,0.0001332597380563713,0.001425579618735867,0.060685191440226896,293.6745822604545,17.975697639097948,217.06612478343592,92.67671077904251,0.6740702613597497,320.2968888539982,99.43306196456213,246.02667208549303,690.3322588165979,940.6071945925229,48122.55292007325,552.3755838335575,148625.43411329106,0.13939487712800233,0.4051350822797767,0.07318847836217159,0.07268181050566329,|NEE| >30
439,0.42479462483610925,0.002726528783973439,0.0006815977969863642,0.0009326629557466779,0.0006146865120499485,0.005887552207841859,0.04117652433872296,34.72187666538,13.084287215515552,120.08933312291167,61.48510280389338,0.4031126182042569,350.7508102359168,18.80443017286822,1499.236982126177,116.45287714741833,246.4562309962442,78990.92029304206,1287.173237474109,188699.0895279353,0.05116491586707055,0.16849777776607633,0.12083378624291415,0.23470889528782976,|NEE| >30
440,0.3969673840316732,0.005871587860699778,0.0003160037983733683,0.00047363249850005784,0.0006531953439512064,0.001868283029259571,0.056556895004848534,211.6184784128882,37.75151951239039,203.26479639990117,29.914990329750253,0.41688422550236737,89.14647405984277,28.767955410428495,514.8327085269451,1429.4033893058813,1839.738018459535,32176.762680150056,1362.0702293031256,134255.80099184293,0.04420388294727384,0.25618981559390686,0.05365721154212651,0.24898170588501964,|NEE| >30
441,0.6823103222568074,0.0023373652132081526,0.0009126904246791801,0.007192674888444122,0.00037501098385797843,0.0004482377499040341,0.07859258176631176,110.38924850895187,35.471537515023314,328.07038630736247,73.01382696967173,0.3979362524378451,341.2916653683531,59.03653069981016,196.50022309187983,954.1424298183508,135.26074252426616,18598.6174898557,1271.7915115340588,106980.10351554134,0.06750634122146691,0.13612034336070036,0.10737800956781218,0.006684983593213168,|NEE| >30
443,0.6279018413390501,0.004944186720912047,0.00020299873569367923,0.009014636187006441,0.0009079713428796466,0.0018535448647730897,0.04305180578273533,360.6780445681627,59.926124513336,291.4186818473677,110.05442065065289,0.3532802191932243,392.8206973511802,32.87167391184156,1131.4098124941054,1315.2827589465533,1491.2250174449591,30017.98850974326,312.61008090284895,118823.67575315679,0.07408902322701398,0.08766296887959947,0.07398125779574188,0.1363649087585945,|NEE| >30
444,0.3619256577854786,0.004777379280270413,0.00026103917246114933,0.0007555962488953223,6.198380725905799e-05,0.003034718242414943,0.0737691731251553,191.36676800990867,22.34437891092344,208.47454004968714,37.97042723457559,0.8414192349083923,187.3773124031887,98.23749502673202,547.2222097324437,141.0142693746373,907.3354339706954,67187.2303140448,1498.8700275316128,78191.75379367088,0.11019628895565979,0.16900394286607126,0.21976777843266543,0.1391063319601249,|NEE| >30
445,0.3636295080212548,0.009500238989576217,0.00040742910399625015,0.001456992554617753,0.0006621703418841792,0.0071159702566680905,0.030477517895384457,349.8834618174784,75.49530017620923,186.8138341384665,133.41483144014785,0.3175607533924805,270.0946885812744,80.3297054400317,506.1162220252838,779.998286765863,763.8641995493851,33607.51552520622,1958.0555553057795,104234.98308418649,0.31401922967834733,0.035906638368241324,0.252889479779949,0.03355514415220752,|NEE| >30
446,0.5256370582288308,0.0008810769101687472,0.0005323890663692847,0.007145389301264529,0.0003142305929079747,0.005901976649843799,0.02294829859689121,103.42212985407124,49.73065957838041,325.7797305106739,57.98283301485805,0.8036823428222124,270.97249492653475,45.539167445866894,165.06185792956353,1215.2269228634768,1156.9939843857032,31362.600189683537,1484.8573732980065,153684.7448165137,0.09081438786790055,0.20687721581179466,0.05862527066550206,0.11804606742597196,|NEE| >30
448,0.554379434204531,0.007191161933818543,0.00013548324225819535,0.005320981920655945,0.0008559409994973298,0.0038269115596423495,0.06460240785517628,220.56656163706765,71.5292533862345,23.970709017482193,98.47503743665227,0.5417270068576385,223.9776565155182,77.78043388759335,1688.0854203077913,1626.052964024934,846.4322890086776,73908.98546639085,1809.0529249619271,87357.67948710857,0.025990995804588142,0.12044505564970306,0.2356969715939586,0.06348754274721918,|NEE| >30
449,0.650925683875929,0.006240375172071038,0.000609714990144775,0.005081710883278922,0.0006215737982702247,0.00012465955494130883,0.06218732165434454,15.516379461775019,96.8055573459691,359.87768993438243,91.69927733037953,0.9541997880562664,123.81986733930604,45.69660881676225,1720.2131400347016,1430.6981908206285,1685.891111043168,95244.04251852124,1559.43393138351,168106.45148995952,0.09135618365886607,0.014977910155431219,0.20698275569597324,0.03575746661380048,|NEE| >30
450,0.5407355367624254,0.004198216139844137,0.0008425216734530986,0.00868015762094011,0.0007626627667595665,0.0004008060593798931,0.034572896482927454,251.38267710888493,58.27224100947353,190.9443660924029,61.16580744452853,0.31565970036950963,40.38347823792972,65.66178882995476,1022.3815530505317,857.1034554304753,1244.118102191751,90736.25604207622,203.33755906354017,174993.9273874519,0.00909015722572131,0.09442286775388846,0.048836264350726265,0.30691517390723866,|NEE| >30
453,0.5273236786976956,0.000996620936839138,0.0004380362246176051,0.0037341338546246013,0.0007120355087930372,0.0033427896547943,0.029872737795486277,355.69496222778344,53.818016446973324,188.89034617382313,82.75207419645164,0.1500115287045054,141.12379219171223,95.72548955122872,202.34843359952026,1464.1991964320232,353.6953202797456,57659.39323230156,1552.352970114173,187992.30464822642,0.247818440200132,0.009607861538130617,0.007156704947756736,0.20809331461628502,|NEE| >30
454,0.5564387355115928,0.0014258523773093318,0.0003088492437677618,0.0018174030848650854,0.0007166582556626379,0.005586319845405427,0.043636671782343706,78.39126845722022,99.41689049479307,314.64990675738716,116.24702054923839,0.7172352933998442,373.55360125359925,76.37528567446944,171.83044644877,839.5455307715483,1257.938717782477,23411.747893017444,597.1590726032949,199721.2912784247,0.11946734699899039,0.08035574837405551,0.07853872959744349,0.16519943951791774,|NEE| >30
455,0.558662807318979,0.00590319867177019,9.972114554200572e-05,0.004678645134914658,0.0008917293312552028,0.00588189383094937,0.07159480688033255,185.65928718474987,38.84555345972012,120.09378884747201,108.30277991761436,0.1652243106072539,304.0214073877971,47.1511750412734,1127.6051787328395,1698.5211347237623,338.5436801531353,67863.01057466115,365.6226018684621,175822.1731148476,0.23863643478404814,0.033999027776780766,0.032153270290722666,0.13654845982946937,|NEE| >30
459,0.4296073673402827,0.005488179911978304,0.00048051671176858077,0.0013098449021572637,0.00023195856455038324,0.008813043958001941,0.05706147755374759,75.24227900906024,61.39601827949705,250.86974640001208,87.76853998640466,0.8405802519619898,318.6123403958733,92.35011376281776,1492.4591190186213,753.99887563988,1131.7529683875373,57546.35329061008,541.6495039898484,83915.14031414794,0.12273884896844428,0.2535597645662133,0.17922872535598117,0.01486529376907846,|NEE| >30
460,0.6774262879726504,0.003790846092662356,0.0007360386689179674,0.0024729021954671797,0.0007371330255486193,0.00631782710778331,0.06298402774651063,12.976679033862034,78.29003067555077,312.54474506316086,89.71181279995405,0.844292912220396,344.8475738132094,85.46344157975157,1676.994823806364,1341.3439694125236,1433.338556977888,27141.11697976168,1250.125167475438,29401.80701291427,0.12210994319926294,0.029346337056343534,0.04739665559409809,0.12372077617764504,|NEE| >30
461,0.683264804872841,0.005331411098367917,0.0005685617189963359,0.0035727092991087164,0.0009625845948243974,0.00528291538627381,0.07040203671399245,41.99357566326646,15.201123401741025,313.93253598265966,46.999585242462246,0.8354078473840849,105.72414028389032,72.97886764217631,647.441280230658,1757.510416834246,1025.307026710793,57781.29020981888,553.0320416241756,50268.65948962481,0.06733743080897425,0.012987084959038508,0.0024489678141741775,0.23396171154497203,|NEE| >30
462,0.5756904949756303,0.002647717624326039,0.0003611245641545746,0.0030976558423910045,0.0002609218218033282,0.0018568494152828383,0.07105599593339822,143.5065714873737,11.114265428387922,296.3394734491957,108.86666489363898,0.8233615464576289,343.4588193539597,83.34753993604633,1198.9626568522644,1711.0786429234777,1455.2672301528542,65402.67111329287,1016.4777153887211,18345.143319048497,0.02804222526884302,0.18968478995423294,0.1987259125176024,0.007856577283691251,|NEE| >30
464,0.4707968190813033,0.0036886490089417883,7.076254055418737e-05,0.006427516149225895,0.0008446486328055327,0.00029564839522407626,0.03038602454824449,164.03561959786992,18.800009046434038,186.38245775619535,121.77830215419011,0.5516476344391036,116.27869105445004,98.68282472095622,1691.8168102367908,1073.1847264399164,689.0969625338867,68799.16337631254,1403.09189909027,50436.883507738596,0.24213504367256,0.11992933705120552,0.06622663533405553,0.10091216486087577,|NEE| >30
466,0.6841465482656757,0.005578089917377759,0.0005068880246794724,0.0012294625304310868,0.0006209794760706209,0.009686943107299895,0.06939212647242678,150.74631659885483,19.839487503495043,77.14532989766901,85.17168360976464,0.4182791072147769,135.9157003883683,22.0898080603072,1276.8674238354477,877.8254509740286,1326.9204849622824,67897.6330540529,120.82735060636223,177145.16210275984,0.004304838052393553,0.09503230148128937,0.2060660419761611,0.010450270224480255,|NEE| >30
467,0.3010377547390429,0.006186512161848935,0.0006552039156365976,0.0029065750939665474,0.00024359627575963442,0.008374403655768841,0.0759227120831769,226.16641702177654,85.92446989456421,15.34455761050286,145.8300455290504,0.2488941875061917,329.4116562331248,37.52552584860979,1196.2788594154867,115.87301018430762,190.80648704122592,35949.63698121038,472.29948117430547,75841.47686036192,0.13312703281562327,0.28818204189875674,0.15877283931820205,0.11888033122837512,|NEE| >30
468,0.4734267762040641,0.002643278795630805,6.555526333417385e-05,0.004331067961670177,0.0007183593425646045,0.005423170106084837,0.07942931275220907,240.05678013432237,17.541296014610154,241.61464348481564,76.94242705464427,0.5849479979687677,390.25466696434216,94.26792586534786,1093.6367073908698,417.87705286894374,340.7033225075202,37059.98069163517,57.79642690873185,16584.045339968885,0.0003333139836821559,0.2341922391805881,0.010977382782194327,0.28107028784947136,|NEE| >30
469,0.3569296505310513,0.0032712746542423623,0.00044624713167691854,0.006604750442185456,0.00035585746934553504,0.0022556601530409853,0.07795189461539256,183.02398216815251,22.615397197059753,335.36544498760725,102.51046600353521,0.6057418610462213,33.92140671242451,45.22879987458981,292.4035576814934,1496.3604060041857,203.57103851396303,85344.11325561356,1984.5443587847208,126798.35317920285,0.3478955634874236,0.15922049979826144,0.04042036457866278,0.09553392160460092,|NEE| >30
470,0.5579574817210446,0.008434968811736505,0.000962379510778204,0.008768862054806429,0.0007152679376381413,0.0013490648143297894,0.03439204694191636,270.6153878662201,70.17792792202579,253.49724373162726,141.9747412796982,0.15473383743266406,54.135423498794324,81.61649195651374,1134.9615405962259,695.9335763446137,1653.3360618187583,54128.87906151075,94.72388803285445,67128.3027391766,0.03802671900487164,0.17155921608167946,0.20394389063558968,0.02851269255681454,|NEE| >30
471,0.5778117173773656,0.0035296107389847626,0.0008721371555642443,0.0022446972979302815,0.00042840072324898604,0.007279246983730073,0.07938008425147666,242.3374588761407,69.84801047572854,272.442918567039,47.35139621472963,0.935845704371034,127.56938344888074,22.960880849819215,320.6031979083304,1482.2611372428958,1980.1520331898994,17004.339734402816,1196.8132021492818,184015.0780003331,0.000705326561458232,0.18968364743232205,0.043524132045223984,0.1882751765836302,|NEE| >30
472,0.44086250964923546,0.002840754963590446,8.911960468834285e-05,0.008374301597164624,0.00046999214845374823,0.003941190897413295,0.026651061778950092,134.13247457168066,15.447223259145943,211.66345498107137,126.82548839105166,0.8095243460382064,61.1876869169599,63.14371452065467,803.2344831686165,838.8789987026151,278.7984727416009,36189.80753009276,1795.6204185236436,127652.33883467912,0.02848915441194201,0.4614828804994217,0.025905206090330618,0.04326024934907025,|NEE| >30
474,0.4957890874771598,0.00020971093622288123,0.00032960703202376574,0.005747041249061098,0.0005210726433561902,0.0018093752838711737,0.07319908405065675,344.31953464747795,64.62828546710486,320.8656148460356,119.81650383221114,0.7402051404049702,80.17343942609962,31.84184132408156,1553.8343997887064,1899.1440220310553,1811.0937929724525,93573.52784384941,153.8926155818782,187079.57243541695,0.1257593070305004,0.04632667034164334,0.32281570456006226,0.00930923059063426,|NEE| >30
475,0.30924692586962016,0.0008754802377742646,0.0008032223773901809,0.0017421209473113075,0.0009853831416612312,0.007880997829651935,0.07108032356262917,229.48530838232742,93.65452167600742,248.22403267086165,110.66219778808924,0.5479632085367221,130.232462078935,91.66867397555568,224.55304971831526,808.0444915644913,929.4804994304616,50554.209048967205,1315.3712542303188,151584.65306084845,0.2666944739754792,0.06592105255709546,0.2177836608101084,0.14035388678769686,|NEE| >30
476,0.3980944721125268,0.006618445167718485,0.00012873447414460623,0.007496887810613064,0.0009885765713684518,0.002687917543955109,0.04723986137104104,159.1382799347903,13.560179677053327,80.84750687322273,94.46921170567852,0.7869288418269019,356.51880174209356,94.1929833373731,340.5343459681852,201.73668408542105,560.3562742638005,79872.11377363253,1474.0102365160215,81256.02816134614,0.29685163549926347,0.04874293249701359,0.2503541741461571,0.005956785745038962,|NEE| >30
477,0.5403218532549499,0.005083109555057749,0.0005414436431896226,0.0013376508504438927,0.0007490128501647325,0.00452285001087528,0.06186188578973105,33.56445934201795,53.31125152120933,64.1771424874653,133.77423171449436,0.31667508518381493,129.02455352186485,25.50717225167048,327.9304012930969,1771.7795583047791,1126.8781653078154,75008.80924519115,1552.9398301881902,70282.9433487076,0.1659794018601776,0.03582592885080145,0.07704480948509755,0.18082800654897352,|NEE| >30
478,0.6949783164700096,0.008109313225409637,0.000428054946708445,0.004332569635085167,0.0008912284569385203,0.00879633589313307,0.05605948857410628,147.78073006838105,98.15784746958144,319.0612850683679,72.78231121909832,0.824686598631139,300.25050615877797,46.58676463006881,703.2772353203414,1508.5000097887967,1609.0855709081054,60602.44394243942,607.8300912740489,162785.26318868628,0.047947505626725145,0.07445090972832065,0.08836011404074558,0.09426315413419897,|NEE| >30
479,0.593367817534395,0.000530285446842061,0.000218803957141795,0.005251167973044695,0.00017671902079164384,0.009736965529242388,0.03370249780174735,38.1703811889123,65.05065152231242,338.01468834943086,59.724501528259296,0.723165110411438,106.54891206620715,85.19589229527494,1960.9756192766279,1232.6116034220647,399.6624529932315,96212.79767169444,234.06747516796247,190336.87044035134,0.09042531003961851,0.10964476991046594,0.17198857166462408,0.034573530850896414,|NEE| >30
480,0.45427145172700273,0.004853841720051135,0.0008821274993936076,0.004262433739573688,0.0004947089517298777,0.00010471613502540281,0.06369362029155021,313.87783452107726,64.31468007286932,293.8974912512433,92.26535937723678,0.3874867783888896,184.31682949464016,39.65536401877121,1688.8596170682872,838.3046669536841,1871.0230365496054,65653.17704886789,1018.412439619579,192367.4281128872,0.20900005633990273,0.2666043254302015,0.027594313622536296,0.042529852880356704,|NEE| >30
482,0.6026683052383055,0.0056155947295140505,0.0009912052331654524,0.0019805296711255735,0.0006474022596106165,0.008108593917941853,0.04166996699108008,147.21978187228126,89.87142049106828,350.574909300142,49.85984786253014,0.8276915865890336,298.07410307714235,71.94836979908598,323.5019837454717,1287.191125154321,220.34757108057187,14207.06523908671,985.3574916855628,190115.6462081851,0.15231133558561455,0.08043971367403227,0.06037180627371034,0.10420883922833726,|NEE| >30
483,0.4178252512893674,0.0010235264442858207,0.0004522863818394388,0.0010602014293803602,0.0008965080660768821,0.004412274779534433,0.05949220045116611,184.07618648881308,35.22988071825971,42.284506119553974,34.95618285110269,0.8159699897006163,319.7662940024788,72.5174492684477,338.6320305070518,490.6088430414803,799.7751674656928,13847.167513233871,1246.4221726842163,14504.667703064933,0.09032207277941412,0.27102318671900616,0.1416411450787313,0.07918834413348101,|NEE| >30
484,0.5384329441273353,0.004468082121888372,0.00035674182734548335,0.0031353048531649994,0.0006246473848963823,0.009524611202850784,0.045120157334247846,43.803666462203395,36.5621541699214,100.06226554743729,48.42499266254857,0.24977663319393645,136.3414746194127,26.720775476204576,1351.7933646158833,1716.8656236490788,1763.179647391812,1468.3083485167317,460.9144211148373,100036.52325556002,0.10210778928217269,0.16965205368178016,0.023679465364158783,0.16612774754455306,|NEE| >30
485,0.601977914462799,0.0042257433290595866,0.0006348694524956268,0.001244605503580164,0.0008165517720338277,0.002690251172651676,0.05381997482291781,331.6069140078307,45.899877189165146,160.91501369549889,115.16367840657759,0.49984782062134697,311.60100197672574,90.1350845403375,1865.8377368624806,1567.9454374278046,198.04097462938986,44410.33398608404,294.1961450963358,153343.69062401194,0.09031386409411164,0.1130848610602844,0.06332496848466694,0.13129839189813802,|NEE| >30
486,0.40066176794438185,0.006446847616985661,0.00016616225040242495,0.002349669544099171,0.000986625984475231,0.0017954089288607015,0.04566703462336345,301.4233486195415,62.299548816206126,88.29654770078686,46.58356924921663,0.6953737239837062,212.521434623219,84.55649642721747,674.9479804792292,977.4225139459862,878.8208782356124,66710.95264178606,1250.6520168078412,27839.537959090834,0.24743491612777221,0.03526177341544066,0.006054446092814184,0.31058709641959104,|NEE| >30
487,0.6517269490864659,0.0002689018085726033,0.00010166681603631797,0.00769578546494996,0.0006727055448710192,0.0017656318879423027,0.024670283159600258,317.74227793430794,63.596098833461284,72.31227942732443,59.333823292316,0.8635430566555957,278.0420871355705,24.965623829920816,1063.3898598827645,653.8306771086477,804.7717930112426,70688.32066276995,754.6987808621515,126724.9166931424,0.06514902385112366,0.13449293706252657,0.011391094676879156,0.13723999532300465,|NEE| >30
488,0.5310560988307113,0.005911299154320694,5.166911469543507e-05,0.00574636719767051,0.0005440587191419878,0.002218148468088227,0.05691531094149063,57.3303884385164,14.718288446833881,235.66440570496195,49.70001954535543,0.7810765951635502,50.0254813287197,72.98444860100996,1196.7606357540026,1611.2683774133698,1167.5906908723298,48964.01683548756,1451.196440860247,152143.32443549845,0.014114280790356858,0.09776473808689039,0.006869973756302526,0.3501949085357389,|NEE| >30
489,0.33098738175385295,0.0045682634437934026,0.0008967565567521372,0.0023132518027505814,0.0005153920743087526,0.008578334042461184,0.06908207356143539,165.05009054804688,60.17730710962095,12.67877161635055,71.54886866284347,0.1579514149501195,347.64258279639336,42.70857067732821,1458.6941061103144,302.53812107661986,1487.273446163325,62200.59764681824,1198.3461697632206,140856.86265524648,0.3366095092266152,0.04867395529373893,0.23342202264841905,0.05030713107737386,|NEE| >30
490,0.5329132271573721,0.0035479927615124337,2.521576875955337e-05,0.0071486312569636465,0.0002180145472071671,0.0057606508713373755,0.0460210464121491,255.65997815506822,58.559613470371225,243.59128767945177,59.50062017004641,0.2323932020801584,109.94600571738458,63.48255024408935,1500.6511732503923,799.8724488882799,1245.7969253790793,89331.5498153471,1676.14924598844,118254.76917848375,0.018344095798369504,0.12365450879738801,0.10362953664511793,0.22145863160175253,|NEE| >30
491,0.6350786618369341,0.0067949601072620795,0.00038220711992104653,0.006529721695541904,0.0003266874491244572,0.00030419444495195786,0.04637217576545314,254.49365690856294,95.47287784784088,302.1246356918264,141.27638998613295,0.3925217593163693,23.117225592030636,83.2965124926403,720.3872732285613,1509.9400507379162,168.96516546596618,22097.79584295616,1665.1610537124354,74667.79160421227,0.02137149113105476,0.02808986465202445,0.13186060998565105,0.1835993723943357,|NEE| >30
492,0.42008476473113565,0.0003702908033557344,0.00034210265157976334,0.004722359137777834,0.00034087379562024634,0.004123155028678374,0.03103302840510421,20.447063530552377,89.26462908709887,319.696697991103,99.12667638163533,0.6071180597028554,306.4153120657109,55.63636243959146,1523.6645740022377,1788.4571732369682,58.147046986253635,29352.1719488337,682.4783150424762,48593.20893771512,0.3264529299317561,0.1597194919351989,0.0926358110291438,0.001107002372765497,|NEE| >30
493,0.4539239185061611,0.007968163045445025,0.0007334736469207789,0.007085534750356655,0.0006077771412958985,0.002830410155619857,0.0364838245715265,248.55640656124018,32.07665283971371,248.60759890406774,143.63542346137416,0.48794007058168476,185.5421502093584,15.724256472467044,1528.045029061279,525.313867545761,1662.5616591880387,8809.201673059883,1919.867424607386,49360.8933204533,0.09638798345416337,0.05868491280964242,0.011336170389455995,0.3796670148405771,|NEE| >30
494,0.572693603339623,0.006174613108506943,0.0001813177709276107,0.008068745033733829,0.0008814955606637193,0.0034799463394958093,0.050610024389317734,27.995780959858795,69.15201748146838,240.47368581683278,56.190643136698256,0.5996017745194111,340.1975339682128,81.11355058429271,256.7338731582623,603.374539557272,1815.898195178207,16013.121671800352,376.3834980002818,98002.463376274,0.04352859259447056,0.06528912890621416,0.2058601640291027,0.11262851113058953,|NEE| >30
495,0.5994456195229916,0.005225371881524219,0.0001843132444485707,0.006548494052336718,0.000818538979704061,0.007986833608378305,0.035045479859417514,257.3667750810729,31.30790618775956,104.92634693954095,48.43222392588067,0.7860683368738797,87.63827912590746,98.59997257668793,1869.5733150877995,1636.4006443475903,1222.2832346675848,35499.506293186605,1615.1667637778266,62483.241519527706,0.05345066493444764,0.23387592354861583,0.02904776392570885,0.08418002806823605,|NEE| >30
496,0.42579175155914306,0.006134987105217011,0.0007122909165147628,0.00656440478665517,0.0001797168571650282,0.0032407370320593314,0.037806977029916186,84.95617295710244,43.760113540217375,345.8121790027969,44.67225682034362,0.9743020842507383,108.15722792995194,83.12346510846055,757.224461264512,671.5371341150606,1158.1634122877883,43711.84424933232,1988.4154243011135,85283.00304447602,0.11066963212279605,0.23177289594611156,0.09632871105966097,0.13543700931228836,|NEE| >30
497,0.3698117207874605,0.0006199107694855649,0.0003771699953809076,0.009161376738264036,0.0005722976130071474,0.004328880908100092,0.04826735053548424,345.8936585710607,76.62476638098012,349.11959359807224,148.365574803874,0.8705522336693144,208.4347528044768,71.41638352312691,982.568601701425,541.0844835870661,1691.557205009529,85578.29095978374,335.3456631252938,140972.4562636241,0.06646817628179848,0.3522960749078353,0.21103374626084576,0.00039028176205994805,|NEE| >30
498,0.5456529910319203,0.0005176644215380723,0.0009703674778023175,0.0035165900751713834,0.0007824624502089195,0.002224554126509602,0.040309873845556066,303.4757722107267,89.06141096947113,38.246282155768235,43.27890282541247,0.723956232796053,273.0915729390126,51.28983681519015,169.27576171691817,951.6229868210097,105.84942466240184,11364.262415523823,1387.9434790088565,129574.12939359553,0.24081781588710077,0.12675501712884338,0.07643549884192813,0.01033867711020738,|NEE| >30
500,0.5072991522739234,0.008013648052186068,0.00016095533530293858,0.004400834867113217,0.0002464121332961584,0.0035144122195399996,0.06712277131895068,198.1662304846651,58.12420386587533,131.1542764083418,149.1320293164159,0.8453121096038032,42.09258413087894,34.89601232502494,1585.9807949481178,1137.3643453691443,933.8831052343021,10913.195470675848,994.9073720645437,137073.09578275724,0.10112006110037548,0.19218828872092267,0.09742946420217632,0.10196303370260212,|NEE| >30
501,0.3377872428220386,0.0020258201179148795,0.0002102303927973264,0.005083956379533278,0.0009879274535308962,0.0024486388951952156,0.0332537915594235,202.81689484081758,75.36890112848126,309.86442008516485,22.738933245533268,0.13363530551665237,223.19434285260655,87.05196624818186,1983.7038320368117,263.90421258029073,1301.962530690363,50183.02849699311,371.5167010293095,184112.50584281428,0.02229671230882153,0.14648799861939157,0.44586855141465515,0.0475594948350932,|NEE| >30
502,0.543640003212603,0.00922307568023288,0.0008509147356053435,0.0015205342960775648,0.0009520174280781686,0.00562502336300895,0.02870683024463572,91.83364057802407,72.16857479585991,258.50214660345745,44.589302793153394,0.21301948752078953,187.92032117588565,13.431957783626284,791.128640139234,756.6353725109385,1608.8090041762719,98106.20489606269,1577.79272929122,180830.48950749045,0.044083544859362896,0.36538306733294157,0.03682222208014726,0.010071162514945248,|NEE| >30
503,0.692873396926173,0.0060315066447828095,0.0005196775700523418,0.004041959000709469,0.000915008077446194,0.009595005522895567,0.021894072824534136,166.15582432062766,29.138906419775175,318.11990570448285,76.4099949191916,0.2659997977529079,224.5278808784092,17.42241247523368,1262.2436623585427,589.8221177846737,1720.8516482639818,50042.9643065495,831.7203747638592,90072.16249013424,0.04252104650154347,0.04176045369929014,0.03767886973594448,0.18516623313704886,|NEE| >30
505,0.5965752337436092,0.005492862564554843,0.000806914043858475,0.006423573553505658,0.000827803314952152,0.008568957299869312,0.07130351894303623,243.65631845404985,33.693268769305604,56.57110016802991,24.372915695950468,0.7597087926873545,200.73758230031515,36.43693010645268,1264.7822586879647,396.29599001122244,742.3657780612956,84780.65152632768,1261.6131447646815,102083.67280736356,0.20346969884547564,0.06341849418190552,0.07477583590736168,0.06176073732164791,|NEE| >30
506,0.5237999752001263,0.009654014585785851,0.0008983421317694858,0.003578141153299018,0.00036341966630212906,0.004171116730266627,0.0516082733904451,210.3039737862879,41.42751330014351,213.47563682158756,38.12218111581835,0.5256553727486036,398.22423520341334,70.6421821770161,1749.9304681794772,834.8513871091843,1285.583934352152,6043.736763510884,1398.2645352649465,80609.30459510034,0.12165011319858038,0.11246030432655535,0.03639155080886713,0.2056980564658707,|NEE| >30
507,0.3326421760081587,0.002553796914491273,8.732547385404687e-05,0.004442674312603333,0.0009316586186687742,0.0065880632845887336,0.06325294825014895,61.23420596981324,88.98237114513795,240.47605859671495,21.226857184275765,0.5772732534776567,237.51502093557278,15.819311361821887,1825.8907586042535,718.6228083066828,1749.7992249781544,67281.95268777161,413.53098399238246,129812.82769581342,0.5248332980736643,0.06131855827221378,0.039823394931502665,0.04138257271446061,|NEE| >30
508,0.42468752645957236,0.00036087191456609367,4.863843758337824e-05,0.00443610388455478,7.46362743847485e-05,0.00306250922117721,0.07786642987381727,357.3626671836967,61.59668618731265,16.638170167078233,78.61875814409476,0.669191000415595,288.5902767612218,99.40008787727241,773.158500489626,1813.3297068924232,926.2079620735128,29593.09046164544,1076.2000358343257,79392.25414354888,0.11409564116632424,0.3279441404821611,0.074228120429828,0.059044571462114365,|NEE| >30
509,0.5373371104781478,0.00757545291490371,0.0008757653327766057,0.00854151493306964,0.0006200208817515025,0.00460163692119511,0.04444497269156879,97.31050214977117,24.74352370726222,31.963451507061965,51.00321087681814,0.9528736157320309,349.4127725520968,86.54341642762691,779.6528772389772,246.3665981865447,928.5505779400995,55388.45005685179,1757.2760921012691,22858.636196859632,0.04182697465177744,0.11541994610681804,0.11125876237725005,0.19415720638600675,|NEE| >30
510,0.4673558093692203,0.007562384315603061,0.00025204739166889066,0.008073148746302253,0.0008060845795459568,0.0036820644885915666,0.027436708204893835,312.6061655238871,34.25741834505351,318.70107107012586,108.1290170211953,0.2205557384069561,325.63137202189756,33.337105480727985,342.3487600760666,408.30261711517863,190.15815291469795,82591.82025878888,1000.8989168694497,30929.80031255498,0.16489228114135598,0.11923643865353936,0.19443034456957545,0.05408512626630886,|NEE| >30
511,0.6543699797582221,0.00012649469002197378,0.0006751707976469202,0.00038186432022088474,0.0006353147924132114,0.00026929645624938867,0.03698613043954534,95.32601641262198,17.782941953722172,8.101182735648512,33.047937925509686,0.9742886037302466,363.29072114377294,44.25245211526614,729.8785998400505,640.8317547860415,1610.6586031079833,96110.76629994734,1333.79592389593,176403.1134836337,0.1769880001480598,0.13377813039464778,0.007843595057753078,0.02702029464131725,|NEE| >30
512,0.46051906933433534,0.003943286440303293,0.0005551193556100131,0.005114441668669535,0.0007274541820263445,0.006098537453205979,0.06569682095478703,96.60628633646652,86.32647344644744,13.998017623815553,80.07361367858954,0.3516542760863741,344.24791763459956,94.63636709338127,149.07113875796563,462.58683169225696,1739.3787998523708,77375.95756312463,1631.3360013503457,43307.41712894761,0.1106306196966413,0.24760694450852586,0.15197458335766534,0.02926878310283225,|NEE| >30
513,0.5714947862291253,0.0031079201981362853,0.0001249013277481413,0.006741267305124419,0.0005693066526752984,0.0011794341259041352,0.07163068531322221,127.78683347309881,50.97906284763759,10.004590515893828,25.999448469970133,0.4050595292761625,292.80086796387496,98.24012796166689,598.5707527149414,1866.208983938809,1833.6130079782986,82146.08635463982,597.3588896773532,179292.45634880773,0.034159815573927325,0.19787250112881763,0.07587020666260687,0.1206026904055229,|NEE| >30
514,0.40427394208253903,0.0028314685668535695,0.0006943667561122696,0.0031410602804422217,0.0003555731531914569,0.0017885808687068167,0.06185239740682709,144.1739851963678,73.48810667239509,363.8099591138955,73.12460966569338,0.3234288105913533,374.28228170531224,31.870054903628983,1196.5048194727026,700.4974243140244,200.11926707423353,22358.190838365957,92.48564240801207,24313.48405820108,0.15282310936206697,0.11326911497004212,0.0030030181367566443,0.32663081544859524,|NEE| >30
515,0.6953437479989338,0.008502313531859873,0.0007359561746348834,0.0008913264712351692,0.00075239263777688,0.008941518282810227,0.022538954320585208,55.18087834423054,55.31437817241531,259.96156384931817,90.04886014241514,0.5464827961838413,64.82110459323192,76.81302825807327,365.2192783366101,1459.9975831595827,1751.210643681645,1693.03043159751,1895.3818174742667,106829.68824998233,0.08605905009403815,0.1936409428076295,0.0013339967851844115,0.023622262314214066,|NEE| >30
516,0.6377074124817302,0.008456014577785676,0.0004625792736714241,0.0021091874310874706,0.0009867575047060395,0.006032559441621106,0.020164685224797845,265.8521860437175,86.03059366860634,177.06883608825981,30.782075052210555,0.6943425730243887,11.338293156710442,78.84326438948976,1892.3369697936932,106.35168929500351,1809.1616924672046,27627.339589291598,1125.666473708532,180236.49054153232,0.16685638873589184,0.12358434614263548,0.02650303542341579,0.045348817216326685,|NEE| >30
517,0.4743825310163901,0.004813426498471071,0.00099589307492323,0.00872545368065439,0.00036910603923581437,0.003372921021723821,0.07234465603352054,28.35016400808931,59.64286738302975,245.4479233485706,110.27158015209496,0.6751858983172777,274.96890540592716,76.57498082665985,159.98930564023001,606.3257637653229,329.12070000353145,92479.36133449311,899.3042288767405,21907.167539378665,0.05617781150057752,0.006370998955499857,0.29050197250711907,0.17256668602041347,|NEE| >30
519,0.3869382961950408,0.000813373573558821,0.0004279176849346827,0.0052743200775658946,0.0005390272791290459,0.007866178943067792,0.04292113755294302,97.85995999250424,37.90442718793726,139.28430502421702,101.0570588861491,0.2676731158385399,166.83263763012155,77.75096815618431,30.97595298435283,1949.1603374029387,857.7674486788673,87133.65075584313,1331.6561880730712,198033.16161730295,0.13060001957610667,0.3186197484942113,0.010897255718714846,0.1529446800159264,|NEE| >30
520,0.4945929595243692,0.008976098202632022,0.0002698220579762966,0.003591683483636924,0.0009577583073131442,0.006397657373769181,0.02931637512680006,252.26247140498586,88.97957515781908,315.0486315015167,121.73815347905084,0.7793395826457994,254.88381155398784,46.37367134013971,1648.831278668575,1469.0290568822118,1824.877252014023,71417.56859763044,691.4085868474741,59090.594326932194,0.1431500766365055,0.06199126866517717,0.26524175937541766,0.035023935798530456,|NEE| >30
522,0.6829536341326112,0.008931252971958268,0.0004624842311822179,0.0041977428095761925,0.000649490571152866,0.008376567277417622,0.06346738470627855,39.00606428202556,18.37973512500149,20.328561033316106,36.210812249324995,0.2523786737698283,11.421341410176936,20.991641827134224,1557.5148600087075,1462.86574268003,742.6756978947595,42443.05364577082,145.2213607753515,110364.94036326667,0.0028894257557144816,0.13928502735018133,0.14679601570155007,0.028075897059942886,|NEE| >30
523,0.6106488700655812,0.007578116745050183,8.26062610536767e-05,0.007934595368601905,0.0007006813394652429,0.000679141645142127,0.025058900143454813,25.262407133273623,66.03249054099064,121.07797009388469,38.89520842204368,0.37757841454596563,372.9327358593194,29.240033759720706,1258.237898099232,1081.6587548672237,774.0095673710662,22770.189510778582,1359.0457160225806,80255.80499834972,0.07622742421493266,0.04715591177584483,0.22173703094292513,0.04423076300071618,|NEE| >30
524,0.6538239620397142,0.009412147992367214,0.0003857427081312211,0.0024903747901012106,0.0008233065107615527,0.005429076405075148,0.060087353751290984,286.18262326284986,83.46329203119124,63.429532288931384,24.441387976061854,0.5836385972484759,79.8000435338334,78.9077753392417,749.3346123907191,840.9219977695309,431.61293090009667,45883.66811592227,960.0826232279136,51892.37014881008,0.02052989073819807,0.14689261879080562,0.019628419655188932,0.15912510877609326,|NEE| >30
525,0.5074977815235546,0.00035377491309681843,0.0008738255627910841,0.0015292428405233255,0.0005976309448944409,0.007077482385841757,0.03009901334454043,75.33478410869368,26.179104049909984,257.2200591524189,43.71802228466741,0.2728960207596833,105.9552348794561,55.40692448834367,75.14565644444895,1287.031923022208,1765.3376085532745,81462.2716310532,1982.7941761487916,44063.288115577096,0.17400579060521998,0.15175172247426189,0.10527310331936533,0.06147160207759819,|NEE| >30
526,0.6922888656479604,0.0023664662808028625,0.000495383795874147,0.005157999883132452,0.0008489067172431712,0.007474424210308763,0.03948414478722021,201.74515236386478,36.07708145654345,214.50959359397714,99.61266585271933,0.4273799730871452,190.77129066629166,73.46841988875951,1173.5417947055203,420.714627536354,1994.9890048125026,74566.95835718776,597.8168220151671,146338.29652026985,0.02963655471451105,0.07435024771945707,0.1495991007131942,0.054125231204877215,|NEE| >30
527,0.4011967157363287,0.005246482713379228,0.00020326170621486067,0.007473165163473574,0.0009058785872295039,0.0034465833457974653,0.026608448097042173,128.1907030913764,10.500215914117634,165.15438372784985,75.81805900714363,0.5906889111194253,122.58986526573636,81.7761696147875,1477.7270543799837,339.66381561274784,1425.1030526460643,49084.253618207105,1413.9521095217367,158503.70413028053,0.06208889210560357,0.07754490200697861,0.15074628307328328,0.30842320707780574,|NEE| >30
528,0.43503762228186305,0.005273553762717448,0.00028104882278568024,0.002280499961241741,0.0008132379788164379,0.006493749280438743,0.04752370887011616,308.0640760462727,36.63058753143784,107.59065309748853,36.44167296233509,0.47864333989025476,225.6930621862995,89.40962822858118,1085.4942864384918,686.8433684503125,986.4069283125998,75075.95953831267,1247.2243923951607,149501.25427223297,0.11820456422107693,0.25638240082099206,0.040503894842840456,0.14987151783322752,|NEE| >30
529,0.5715598667708686,0.007248089626221321,0.0002543158752794868,0.009185398645936465,0.000432357597876211,0.008347602690392291,0.07277252739309563,271.816742244288,95.18392238940329,244.13252373585382,105.76490753379761,0.23667849838699306,96.80226458895238,17.5708573313717,157.3096891982759,1991.6492019635452,811.5109867098014,68389.5253720414,211.09902736512083,70090.0891485812,0.3218435919403585,0.029078330265827877,0.022683073030707216,0.05483513799223783,|NEE| >30
530,0.5966665966938907,0.006381419340532312,0.0008965100550179496,0.009165330060756765,0.0009740264172543355,0.0046405215388685556,0.06326077694787756,271.9206240254814,89.53017291995533,359.11459585585567,36.00617230920465,0.5769911252425945,163.2056754488614,19.63629330065507,517.2875901047048,1453.5579797517184,539.2396946188576,10042.279389024447,1855.141435697595,42401.458298493424,0.28376759200543633,0.011156348873324617,0.07919124090622588,0.029218221521122443,|NEE| >30
531,0.6922745134919914,0.0015627386527978992,0.0009664959253822292,0.009296571569623113,0.0006164852536522637,0.00983481282273722,0.034351119484186204,63.402703890328716,73.89737007898086,152.9877303496714,24.881171666714796,0.7696771965664666,332.17269981980024,61.012943937391825,1723.8162494229425,1482.9825261714009,1867.4534564664114,17288.10103339364,1880.6001630330795,193175.77127472067,0.1785800441100918,0.11874145788452803,0.0035348335969296527,0.006869150916459128,|NEE| >30
532,0.5135734470691573,0.003893483764296338,0.0005770739630982136,0.0018878663874090827,0.0004954954606711646,0.0046809620428885056,0.06686025866293949,247.25951101501587,84.72053779207936,229.00087539139838,82.24053334621419,0.3775744319291685,68.80174010104662,16.65799523163416,1578.4590495436585,148.4140157356877,1800.9758836938968,52245.89654718299,1260.9809535624286,115628.45528121294,0.2875914311169085,0.0850644902037202,0.09693268172888816,0.01683794988132579,|NEE| >30
533,0.348584242281871,0.006491269695001872,0.0008145652727654496,0.0030058703365725015,0.0004319662946658562,0.0003662458591678411,0.03410969425284856,49.73779338927899,76.03886406203439,282.7059397756052,28.715026656040607,0.17600141601856328,396.6797317099167,13.821441934105252,1213.5678143404318,1883.5345298907,484.7306788895955,70618.44921912985,757.2410122361234,74527.79807985022,0.04985053285269159,0.3327722480536745,0.04163235830011524,0.22716061851164776,|NEE| >30
534,0.4128780988874652,0.0017352644997771429,0.0009611019383336819,0.00950109010690685,0.00053163528349929,0.0006180204923712459,0.05596168138557947,218.65712718968274,27.521144005104016,358.49776589287694,64.69908548811968,0.37209342761256614,368.8465248928175,29.921073496391685,1932.2637000933216,1385.5426687565807,1769.8512106987343,67624.73263044581,1504.4530223814943,59246.33296771465,0.054109926466129,0.28412098612378855,0.026210369869498224,0.22268061865311897,|NEE| >30
535,0.6995311568284408,0.0010935346030940608,0.00031289012108510084,0.00037924969265335927,0.0004742228028488867,0.0032190138683934,0.030773087222297296,206.5958099223021,61.006510499832544,85.15373349806026,121.06367995873954,0.7925613220115546,282.85773799415375,37.35621661731274,1890.9246276959768,1525.2664049350171,893.2775975085988,67249.11610054261,1809.0269780832616,180444.15540413887,0.03412876966095187,0.0908788535145765,0.16016412800953622,0.01529709198649456,|NEE| >30
537,0.35694073532289333,0.004791784224983189,0.00022114215727210676,0.0007826116784802973,0.0004369629630008227,0.0032825899823375106,0.0399326941655293,269.01833369333855,10.853434645420059,126.08267078438163,114.97802449155502,0.3356277752709946,97.67167440090397,69.01045598515577,366.28906290825705,1837.9352050338314,1666.5106204209255,70523.8524055118,388.86730492456,128221.92253963603,0.21386240916878502,0.1783130493702951,0.1596325620993772,0.09125124403864933,|NEE| >30
538,0.5564625677941722,0.007116702208101437,0.0005671162352755429,0.005540774313049062,0.0008273375484235706,0.0019546081568395327,0.06165793070851218,18.468692955213953,80.78516454161932,245.0421740877749,78.63570890251754,0.690930397699978,16.253605083838615,78.14709644795242,148.2669092391423,33.10358152657439,1577.8383770617093,30790.286443903024,832.0044840727519,32519.648837047826,0.143995409671116,0.05239141772852193,0.19738094029513306,0.04976966451105679,|NEE| >30
539,0.5922198926731213,0.007602379353589034,0.00024595515920285306,0.0004439075680236132,0.0008384454818903448,0.0030014089735037196,0.05748734619797362,208.42736016590644,15.161170712070518,76.84466519414973,102.03832514026197,0.44539378089126636,114.88746545230535,97.10081706834745,990.5002310567514,1104.7048205708536,427.274927630463,31650.26753491632,1488.3111958013685,59978.1560931363,0.08054117067590384,0.0674104522060635,0.09668894930981804,0.16313953513509336,|NEE| >30
540,0.4568003749492746,0.004649786323385836,0.0007802803342406068,0.002433527962537464,0.0009706355457017523,0.009741425338776274,0.07484642753020293,95.66290700331156,36.667793058358065,4.362301784923149,85.1856048478946,0.36311042822521533,88.20111032465792,38.828776208578134,1997.1480419481568,1761.495370450229,142.87602141712765,68118.21553762406,1380.617830334553,45268.33916776101,0.18621588009780085,0.07113586237218086,0.000962226648670316,0.2848856559320734,|NEE| >30
541,0.6271141257741284,0.004305229260753984,0.0007481282040042754,0.002147543872074065,0.0008632560504725261,0.006345988058892013,0.022052364121508836,83.99617831621745,69.03133354490251,94.11565690674287,29.471847926923388,0.1854029243818314,277.7783822331752,64.11573441127715,1491.7035959727564,1180.4311599638768,1859.0220545253576,77344.2981917602,1568.3358692905636,41179.94973860134,0.11424178269191647,0.0907860256806548,0.10917349047229163,0.058684575381008706,|NEE| >30
542,0.3537023722669772,0.0055952975514560795,0.00016006544520830618,0.0014286885836761842,0.0009857717549046712,0.001077062820976283,0.028690785035330194,124.37500934648425,23.882346631316146,66.29915644716476,94.82432145490056,0.3426377420993147,160.21708103869963,68.91548443051958,1745.8126999836925,786.3707407795191,1683.4870255369594,80159.18396565763,969.126993581096,62962.412211163275,0.11594750014688428,0.2871464911538576,0.009641363155781362,0.23356227327649964,|NEE| >30
543,0.41513483098389153,0.008020627144762772,0.0007907813308791056,0.008915102408357523,0.0007473811950660555,0.001151086807877495,0.05814162697166281,199.84624792367686,75.25990372203985,117.17462901625532,26.75776148371936,0.4832345845113861,62.64114838077152,63.9093524500057,1961.9031721694973,1572.2934989588261,213.1393064845215,39594.133954919314,328.5616002645672,184937.63535437826,0.1815301334301524,0.014245235799032484,0.07373255204691403,0.31535724774000945,|NEE| >30
544,0.42083891523202177,0.0034410763448339795,0.0004843930657512027,0.0014097876884348291,0.0005000394285789712,0.009984706448456303,0.024165370928185215,4.500107053480494,29.63372168050299,75.61532432772881,110.31004216443922,0.4360959283356922,231.40221608669486,78.71526509138558,1288.6689257728242,1885.7643646455463,1838.0017659179173,45048.39955527928,482.28122920435766,144551.42260023608,0.3373901639595239,0.044367261029839365,0.15235106376312335,0.04505259601549163,|NEE| >30
545,0.37986195432029646,0.007078881157965987,0.000839696268876975,0.006671996116697905,0.00043541508388632885,0.005369438710375328,0.02730206779771907,222.2856309924959,63.69424769180887,86.50567813872092,135.5798383429098,0.14388529454231103,290.69892106345844,37.01740328862542,1182.979503392829,319.02441691225727,1083.8421939835443,94959.43458056306,1742.5837725975985,69977.97750667768,0.14899832346336173,0.20028324098929742,0.1931498434339733,0.07770663779307117,|NEE| >30
547,0.6078445223682478,0.00467362056981068,0.0006186360367102877,0.009925238989606832,0.0008430618389969738,0.0011317506843497689,0.062439633490755764,217.38609493867105,20.960441376788246,153.15016811976378,140.20428891649343,0.8998029167332309,286.75751105294313,12.233485713281976,1739.2002450183795,1839.9709235100977,600.0636076479586,72673.2380189999,1636.33714305789,137316.3013637499,0.15378664815455034,0.025348020067132205,0.01072760504948622,0.20229320436058346,|NEE| >30
548,0.3036510860269657,0.00433001791746068,0.00025846606712801436,0.0018109463234449673,0.00029493815174217423,0.0024606983374501606,0.03220189908377012,359.519063423254,29.2331521439452,152.2164307213206,119.20552114488618,0.4582580071245286,128.84116579280357,45.62804311659962,1136.3021538097926,89.25671467159812,1090.6127447380202,40404.73230657691,1291.3811643112867,122109.40112847366,0.3046164713003457,0.021950839023595337,0.01804747636698224,0.351734127282111,|NEE| >30
549,0.3864872323200815,0.009887153883142829,0.0008273678032206229,0.009861660800404041,0.0005401993146539511,0.001817382200490806,0.05134369987253279,31.760250495965096,61.45067237068856,363.4936291813353,95.10180874460553,0.5845718009584513,350.38394497042145,43.99110610049306,1071.0261504102502,72.63022954563107,1697.792703236222,24909.879733656264,1699.7190259074778,159043.75085962118,0.059077755725246664,0.017649033103133108,0.15370423999321958,0.38308173885831914,|NEE| >30
550,0.4669711383910561,0.007316628874254432,9.244943850892836e-05,0.005066755877798396,0.0003440255726457796,0.005845948890492933,0.059027968948677775,130.47090790692968,65.41193674920237,124.45334034390235,88.30048709562152,0.6519824625321363,90.3514229196493,60.05655360299654,1213.1278665607497,824.4175024067398,147.54307078570676,6410.754085245419,1515.0138625457673,111711.37875219424,0.0465133446258988,0.385494823724241,0.05985921039976022,0.04116148285904387,|NEE| >30
551,0.6522918001619693,0.002207542198772955,0.0007864969402188346,0.0047477654054754485,0.0008043438174107942,0.00014406877688829948,0.03791484489753415,137.50668434358843,82.12403975577557,10.382688063419954,78.49784042337988,0.4271956499815256,194.145095450246,49.313971717824735,653.396184832067,720.1383780218171,1401.8613938004564,72336.02096579985,513.1965820587159,1805.2388248620227,0.05021411356969859,0.01798528477923356,0.08447483750396298,0.19503396398513556,|NEE| >30
552,0.49731181090908116,0.0031113077394765366,0.0004607683315851827,0.005272469063195838,0.00017178351208020122,0.008456034400902621,0.061246403531577995,309.2128719208141,28.740131675259445,121.62031982576575,72.36391164201984,0.4601727458160816,299.3212838151921,16.163343331541974,1735.816213944811,1004.4260926920774,1790.5486049663018,9132.663865592252,186.8443280653615,173607.79828579316,0.20960435290510118,0.14350142143857444,0.12565629718693777,0.023926117560305424,|NEE| >30
553,0.6081034657637625,0.008368210429852146,0.0006835152287218255,0.005809588101156132,0.0006655075504676115,0.006384323995488886,0.02155421666518975,227.4781290392123,83.85855784295077,133.64761339853294,117.65395830126175,0.8296896590694344,235.09316752630463,29.969804168842042,814.1402172386714,1658.0214532556552,470.20541728242875,13200.50152462874,1804.985890662905,191813.30000024958,0.08818363908811962,0.16784652569757627,0.09502875645162491,0.04083761299891674,|NEE| >30
554,0.511744865875744,0.0012425201565776855,0.0009082937009633539,0.0029866494416525688,0.00035675942342387436,0.001811299013999356,0.05656599341917341,222.34691960139412,28.99743573352816,3.4509651275790185,145.20658206683441,0.25372564191649716,267.91788574321043,27.20773423965979,959.1122935814792,1635.8115441034645,1560.6818267468386,32510.088023058124,455.61589608283174,164238.07944757113,0.013126867291228882,0.04549299223716681,0.26801150435256454,0.1616237702432957,|NEE| >30
555,0.5376241798780378,0.0039123505029490455,0.00018564341158506048,0.00856380628993549,0.0009361405838481603,0.0073567673250757816,0.04159122767215552,77.7101836460186,94.02470135054064,304.75122588390434,75.74871089487695,0.3959432002526563,167.80135213881087,54.8063689354575,226.1683604129632,1057.2483668663047,856.0901989310137,21836.78524129404,1283.6745206087817,20396.88597739588,0.14346190522321975,0.02830472848625879,0.14794707779912086,0.14266210861336284,|NEE| >30
556,0.37728214584472625,0.004159894521192836,0.00017828810644879463,0.004603285791656632,6.574477452917199e-05,0.004326061208119187,0.06290461382852738,147.91282449123128,26.764400527288217,31.770135984275377,70.54848550359682,0.7800839412028155,284.6566057368405,80.69037002613001,1592.1182748943872,632.1185705744489,1811.2836698237645,8940.362360052492,1148.894946962187,128255.9480560093,0.08114088611053344,0.44100526473318613,0.06585377157305355,0.03471793173850061,|NEE| >30
557,0.46066442499807014,0.009980592550039016,0.0007557423142479544,0.005184865523551344,0.0005857611970931621,0.0005915124222322122,0.07723923119251572,334.3472291642709,78.99397836961376,330.49955794320425,96.4559634308076,0.9125679301937806,81.27085762865073,43.625036872937706,1839.0901208372827,694.2058591968055,186.96649539726323,25891.271387237288,1625.166214307825,54105.83285766448,0.32902638073885976,0.06342130384389011,0.1246652810005713,0.02222260941860863,|NEE| >30
558,0.4181506956733826,0.008468066486240438,0.0009444680769055313,0.007629483680018625,0.0009199701772701505,0.004572857874194218,0.05670641730356149,353.7436552335404,28.26792664613911,197.39755492421918,37.365859760248675,0.6596897830203307,137.6755687084257,20.74468542175937,771.7556483540836,1484.4540663762284,523.9257936258723,27697.16747539404,506.75196330253044,121588.23635738634,0.13620315862518403,0.09846029141100338,0.1911357072667621,0.15605014702366785,|NEE| >30
559,0.6312844699307241,0.006616723459319989,0.0004911903531808791,0.003885027533614454,0.0007335817182905954,0.008086304047623205,0.026245238427234845,346.4563267468906,25.945195866232616,350.7890742297322,51.58772722644045,0.140440924786134,372.73056169034953,59.13425167448297,25.547332011534014,1465.392053089776,468.48094591539683,92211.23344610361,1559.932521537022,194097.32402329968,0.279686566485585,0.046194357368856846,0.029238841004340536,0.013595765210493578,|NEE| >30
560,0.5190130628635661,0.004835016073594719,0.0007969777533289162,0.005356711564794632,0.0002720801335170515,0.0023278013501252456,0.04772463562811291,167.61749025266732,82.65297880967441,249.92988312327267,49.57555860819502,0.5558213424824721,155.43127487827044,19.48519792969371,1663.4067475117195,1482.7945844861597,953.2298175075906,32419.50636284277,1052.8482832812554,70849.74916504875,0.3165834304076379,0.044272339434293234,0.06520722157989457,0.05492394571460823,|NEE| >30
561,0.6084370212554981,0.00765139752755269,0.0009609547965360837,0.0055801869525978634,0.00017542743499551067,0.003764669643085447,0.07876573552058608,359.82977336657495,67.66077584285486,309.7996418425379,49.665548430636406,0.23040987907134897,331.649518008532,15.366369729941345,834.8064175365753,1684.4226271681773,514.5380995846247,66410.60858044341,960.5916781069898,29110.738443904174,0.13370909264925643,0.06471926702129614,0.16142078763836917,0.03171383143558012,|NEE| >30
562,0.6300889693931335,0.00611210949950131,0.0008494426417180521,0.0001788175527996707,0.00018742782529337584,0.005976917992054107,0.07139033925150051,102.49884885143346,68.1250768915183,109.6632545297303,51.57900157729935,0.7100561583482686,103.86926360907663,18.240403024153373,679.7409028758968,1381.9584627910424,1677.346032404961,60652.027848008474,288.3485547949422,106202.63483462932,0.12588270894140932,0.15571572215368462,0.029633109393348036,0.058679490118424514,|NEE| >30
563,0.5766872871890949,0.008310294568579702,0.0003587720762489516,0.006015727272918109,9.989157430474044e-05,0.008303789805623426,0.07914045518094612,246.88899074826034,27.326239627154358,34.32542260809295,143.53102684500038,0.6205144754990738,29.352891772276113,48.524120615220944,1271.7972724946435,1249.9480231940215,1430.4486041585355,64951.281615603766,1148.1593763023009,117650.40008810426,0.08366719647670424,0.19375372496858456,0.10284601119437171,0.04304578017124448,|NEE| >30
565,0.6231319470822327,0.009828069633346521,0.0005990191051645767,0.0015569796444504151,0.0002557584141262894,0.003963423434818734,0.06285213281335585,65.17076210059116,20.669735788936038,66.30718513749834,135.32197330279746,0.6755906214280292,62.799586356755256,13.413498753804063,734.3855456034632,1030.5177013438597,1043.7089234654313,1199.9731786247653,677.9697483965238,139376.3759945521,0.050019263788875945,0.24932422341576826,0.027863488187595067,0.049661077525527925,|NEE| >30
566,0.35823884165998865,0.0015421402038531798,0.0005442204616782446,0.009329914883068719,0.0008792995345872905,0.0063055558224094695,0.0355644493323615,117.40916780054596,84.11612393237556,226.72750776180038,24.50247331168164,0.2194052979518752,283.8752834561809,80.91994079240402,1042.0772983480865,1363.2714774972196,200.79330726017918,44100.08629928585,1800.4770290666936,28316.857204963955,0.02639940409931352,0.4188397626524954,0.17452309694898413,0.021998894639218253,|NEE| >30
567,0.5492788108247508,0.000990376003509359,0.0008015419550769898,0.006398072829427178,0.00037183748259821657,0.009165117118110504,0.06732756772075012,290.28641751263837,17.36827546503423,174.74813524042264,69.67392009910529,0.14229858349753374,150.36290776251522,43.2193572755608,552.21790501012,1318.4787796666037,242.16242205514348,2494.0397094491764,925.6189712581318,114003.36743944329,0.001614558037464457,0.26862616495864117,0.03637361934769703,0.14410684683144648,|NEE| >30
568,0.5072853747835148,0.0028995069459231927,0.00036032898576925635,0.007224494761060431,0.00018821414330486702,0.005307215103094638,0.03459014742862558,274.56001269546874,43.73356204359482,68.3323223097606,72.15523265950334,0.5717654625512589,163.22786586263814,95.7357162012363,566.3841448073446,1801.6018409359426,1394.7519707515728,32785.21202076362,545.5429678214069,198472.48872477526,0.06413274794493158,0.06989059950108265,0.2896214027448142,0.06906987502565677,|NEE| >30
569,0.3851863354667924,0.007990162029144154,0.00013986378455627384,0.003285899365145922,0.00042508936918069537,0.006910684758615636,0.0705632282730256,115.61641686587599,73.52727443370611,179.9969205437866,63.257877104646255,0.7680184754478091,132.80239237798745,70.5711530161301,150.79524198171532,1370.7289357616507,810.6586950024005,70883.42242153214,195.1563562735103,124968.38526589464,0.05115673175074496,0.38170951399420155,0.00282493527961994,0.1791224835086411,|NEE| >30
570,0.3450414084368928,0.006655056648798203,0.0005609743015859547,0.008075961242407479,0.0009231231812499015,0.008413569797732575,0.05838948991911798,222.57235046840213,96.27459138414771,317.1897071268701,80.84666002842933,0.15311948777554282,116.0591113179131,32.19737939735161,617.5271993084775,959.3300836064371,1947.116509139685,24660.070830235254,1302.1107832539924,40212.29928420008,0.3327613411074453,0.04719108454492995,0.2523720468211305,0.022634119089601386,|NEE| >30
571,0.6762272488175209,0.00460504089940799,0.0006315694267783907,0.005642372965476127,0.0009388989702028304,0.008110657619109394,0.0757497001608681,77.23638711242097,80.60007944201843,315.9688614069119,36.28626749215799,0.689838195721939,349.3955351726919,31.905335514031698,809.539461855628,1237.0395820653064,1589.7140075798727,19025.685719653564,25.75618133438045,130201.85916314776,0.05555868994820807,0.15532177391717375,0.036508880268999545,0.07638340704809768,|NEE| >30
572,0.6127151563651185,0.008343895578448043,0.0005909396529188277,0.005652243943141498,0.000258099083941963,0.004496155785935767,0.07591787939078265,212.36270844810284,56.349547809991265,246.27352184389386,44.58344810419493,0.7000087195778377,186.1438079629253,46.52109918899893,1091.1172427767272,502.28655944161574,726.7485277700865,95531.24776200208,1712.4876567222082,113315.58324764336,0.17717282274471657,0.06541839220336305,0.11790787575243165,0.02678575293437017,|NEE| >30
573,0.5726355157387171,0.0037162405578224727,0.00040278594548674935,0.0077528891794647,0.000872566869787931,0.007111331361640672,0.06176196295599155,108.2160239377952,53.166739627358375,102.52099875323482,54.963888218738674,0.4176385271128809,233.15445584198855,55.606878992893286,345.1308074726337,526.873505995877,1786.0953430928741,43622.58766118296,1400.0278283903035,177655.98047041832,0.09220831178166981,0.18862762056765162,0.13521227790880866,0.0113162740031529,|NEE| >30
574,0.33032733759010796,0.0049015646675441655,2.908590028695423e-05,0.0012932122011373645,0.00023566497487808512,0.009383302992536924,0.04284626551104408,176.69027519128502,78.31339406970031,190.5005351054998,76.51522064681117,0.5970553234421703,378.80378767575274,19.120414115197946,1472.4592914415973,1319.0758551670172,160.50991680467757,71636.32578668697,905.6845783418577,192831.86623108,0.1871610278530996,0.03418525442532052,0.015451218216468507,0.43287516191500347,|NEE| >30
575,0.36071023317957357,0.004422924535651956,0.0007087559500857574,0.0023264178005035444,0.0005357933747634608,0.008197995442803405,0.07814404722569053,343.3082700930205,49.17927145417598,160.96107890994273,44.77282459973158,0.6388300410540562,107.40101652929609,30.365758159917288,769.079890080807,175.8036064320176,1902.8149518793991,96262.1007812804,1263.6257404894086,94234.53690662749,0.10733480731160125,0.052519420871036074,0.17128153420124917,0.30815400443654,|NEE| >30
576,0.6369813851373327,0.00821818767155086,0.0008169812259152896,0.0044392290130311676,0.00037959397172677983,0.00025146386769985457,0.030646391329180248,56.081624202043784,63.82814333978666,131.07936648876546,132.19131857509558,0.137700558512741,221.84342202350626,78.1099025765991,988.9821972047371,1532.0354567556058,1748.2694481228007,45442.93191120146,355.4065694773504,88895.57187547468,0.1817508248076301,0.09709677956583733,0.02198093536667639,0.06219007512252338,|NEE| >30
578,0.5781587222665769,0.009677794660297707,0.0007354303828885489,0.004018674652296697,0.0009385431470126929,0.0027668362970810524,0.03791366765315375,235.67331327514634,70.64940284415249,52.2468747881026,36.61491750232192,0.343263055926921,197.8755445838775,49.705348741195436,461.42516541693766,418.7513498852965,173.57838484965913,82702.3109149882,918.6777316120275,11773.556655923885,0.03420919769486093,0.21056406084922283,0.13620230296220728,0.04086571622713199,|NEE| >30
579,0.319821712739947,0.009554394253490956,0.0006192799369888455,0.005481712591343422,0.0009059232289442808,0.0016012100076233295,0.020582366018705053,34.64524823130444,67.64435419375508,193.74387728370584,122.09291742906217,0.8947953246763879,215.24845111206147,62.79764097353947,1969.816955723082,591.3297612644171,646.5329160069043,53943.58420272309,1741.9346842654736,57366.20882326612,0.22457052525205004,0.08962653386201218,0.3348455558275255,0.031135672318465347,|NEE| >30
580,0.31578436539171434,0.0017476396409430207,4.258349786941031e-05,0.0005993337553303104,0.0005389711173706544,0.006905548452880939,0.07699472907127891,46.5250350427577,70.947707708039,209.60251756146485,101.20698055404509,0.4338926472857744,54.151135118583454,22.447378331779554,1642.973660303054,1572.0176696938602,172.73524757101154,48833.766656775595,732.1034883924046,107508.64574809937,0.05042786235308167,0.09136932943745181,0.13221945317450923,0.4101989896432429,|NEE| >30
581,0.3128580071976239,0.008384267774160771,0.0003985140747224737,0.0020186280676632164,4.64672036608176e-05,0.001368861964736307,0.0773379371216164,10.744457246149839,37.78748623840639,109.85766893269724,114.95074873730077,0.27707951202833725,214.7035463285382,10.278589905428877,1225.5213081396614,913.3762304371621,1933.7204526490232,29620.838610309933,1476.6777571929902,164178.52931718278,0.2811721554520783,0.034271245674011394,0.26253873761584023,0.10915985406044611,|NEE| >30
582,0.5371176906997215,0.0055457134024378164,0.00033712541706794796,0.007652470127550743,0.0007296480508485745,0.00840117205876348,0.06364064871258088,32.49828139116167,15.832259155860259,316.46935029443273,130.97752305553473,0.6473443238398189,173.05582095548166,13.441824512249656,1914.7966578937112,562.3292423832675,662.5081502506447,17099.001304735815,340.88425108121714,81457.96398492467,0.08141162204617652,0.16059166960951535,0.02411814153422194,0.19676087611036475,|NEE| >30
583,0.6344050052780127,0.008841816074939807,0.0008958193827725238,0.006007428617283489,0.0009369588619183825,0.0044234337009526675,0.07673029469611788,47.824875356538826,95.81797072129706,336.6188207008287,121.43722144525037,0.8137380175381361,296.85136902781505,35.41076686497151,616.6744062803249,410.48124684287285,1524.5282439469054,45156.70728884196,1463.941779198591,12054.18470362719,0.008889399638383732,0.14653957488617,0.016180986241208055,0.19398503395622552,|NEE| >30
584,0.602622737326054,0.007176241135194389,0.0006870983473133878,0.006529625360537499,0.0002113739261819231,0.006659030289800684,0.060721575764993846,303.84479865266655,94.31884579592537,251.9554749036376,107.34483921932998,0.23214932477841532,390.94475773301036,57.539317265793095,461.20345419653995,594.6576341096692,590.5229348829495,68899.05091617405,251.96533102980857,35707.738256930425,0.04497464123005194,0.05248209017610808,0.15209917343384455,0.14782135783394143,|NEE| >30
586,0.3255760617504258,0.00280467803268351,0.0009614642045552035,0.009237269063094446,0.0002678117748678954,0.0027548974112629387,0.0331718952340758,225.49552009082365,54.91947312885832,30.432501371867673,43.146602427000076,0.9433662887071037,390.46956533506176,95.52216623950946,1144.726278657948,1850.52444684882,652.242552981654,27217.489852182138,1295.8735561796207,83154.01429318698,0.12879130461387514,0.32430410102737434,0.01481393763864119,0.2065145949696835,|NEE| >30
587,0.5928991342301912,0.003831904165800203,0.0007919148629691054,0.004278394092959625,0.0003595517055906886,0.00267468705515783,0.0639625194756874,343.9972409033578,91.06048398259097,232.9525560509438,146.15873292910567,0.8564692987522499,329.09334613754106,94.9263169249604,852.4594826594621,1161.5371763804499,1550.2974024720322,84275.01926144466,1390.799091842932,8124.12899497946,0.1030282766674392,0.07422381416959425,0.08347809657083113,0.14637067836194415,|NEE| >30
588,0.4184586980359672,0.002268764817929826,0.0001837672613903287,0.008822201807893183,0.0006464027902947074,0.009799707855401924,0.04598220614110072,206.2880843411589,81.91788746851488,155.16209656405672,87.57228132569378,0.9350365852792074,307.3863489620596,88.76351353970969,232.80837071242803,1721.31205461506,898.7165772065316,59932.04531227158,1046.795718994479,134164.78493046903,0.06921783847331651,0.03460468927072594,0.08924085534111452,0.3884779188788758,|NEE| >30
589,0.5729186483122323,0.0029843585329315456,0.0009300162607676803,0.0010972622661558815,0.0007421770731301844,0.0030258046771040248,0.03203357230718623,211.18805128143836,84.33081053062867,54.19049811146469,97.14226562604088,0.2613603239434348,209.27480085056612,83.43768065436083,627.2971937303673,501.82090241962084,412.6906496768442,17299.66649175671,1314.5676089637782,145778.18723124778,0.08859081184211812,0.24670013928137696,0.00019540335245369958,0.09159499721181898,|NEE| >30
591,0.4157283098088418,0.0057276908575771696,0.000841455237972196,0.004527996653272022,0.00042610696625373885,0.0025987089304229227,0.025237869508313422,253.2615730056936,14.434740368557902,84.29818147904676,135.30116758342226,0.49408602924118905,161.17813819862596,85.80174711332468,1991.9455695106346,1728.437222978492,929.2517971523242,50459.62315605697,1694.9891951073103,93019.68514888379,0.1832967292188962,0.06367218399054922,0.19872558132547158,0.13857719565624121,|NEE| >30
594,0.6355307438210983,0.008610734544703263,0.0005788516183234443,0.004517074035893998,0.0008023375223328953,0.0025104916527025735,0.06647297898741061,32.29989217248434,48.15626649668582,74.73470953609379,136.18591789008752,0.534098616447314,373.3469900895913,40.08976655844751,482.84496663217277,291.8103786702538,1125.7867962999221,86153.96815052525,524.241519628881,56591.021200014744,0.1344350550985343,0.07507751537470467,0.08082797053176773,0.07412871517389502,|NEE| >30
595,0.6325613364179754,0.0002704195950437819,0.00011530843005636862,0.00643824487274608,0.0005607244835919388,4.495307331905388e-05,0.06885918392436408,336.94156782648787,57.89099802190201,110.74487351464374,30.141225445429722,0.13703027018934455,221.33643397410475,35.88319354002891,91.40148045414972,39.05858630859936,188.1893921889297,18555.136008898546,1788.3835237385229,138124.55720243804,0.0654862364741933,0.13713804929712403,0.13103079549308297,0.033783582317624315,|NEE| >30
596,0.4503230831244894,0.0097466783327361,0.0007417910180512405,0.0032998857798542947,0.0005334146617906927,0.009734615871589745,0.05721014216610265,315.59616031405034,15.257503955807552,147.53938022537082,146.80199973122717,0.4850805975016529,69.377284133546,80.18679951102604,1988.5134109283028,1429.2702425110572,939.299408206448,41524.02689437614,805.5254683825481,111231.47521990942,0.14821655139420753,0.17516848123097004,0.015218847417454318,0.21107303683287876,|NEE| >30
597,0.4609785247078083,0.00853341934469682,0.0008823668569916768,0.0012712818106329668,0.0002876466393112951,0.004768517426314315,0.03654051680574193,111.90033565745446,37.22198530620649,158.91171365650243,129.5737781127424,0.8876333531412219,296.8822883916771,90.6652183640338,1581.686383882024,885.2789452718644,1082.2104802365504,85813.95564156192,423.8684006955559,157070.73128431666,0.0061175673310436985,0.40704557522938734,0.07912344323989298,0.046734889491867694,|NEE| >30
599,0.5629715157359425,0.009575454723055354,0.0004539528851015779,0.003933829427653734,6.885643360146836e-05,0.00821255666383588,0.0782309888330071,211.53779983511015,65.28573220970324,86.57669662477183,81.16085683942217,0.7795464215093912,314.3652445929715,84.83873476312473,1814.0759409183509,623.5207414430479,301.8308058790854,39844.883616997526,982.0721695926951,55022.06833176742,0.008824954938998139,0.08232479832999018,0.09020205246634441,0.2556766785287247,|NEE| >30
600,0.31167823846215365,0.008800033292839854,0.0007846031435212122,0.0007746904718478745,0.0007197788429051389,0.008170435661314247,0.04752977392759228,280.8872672222094,71.42157524553105,360.0358857089816,144.9873720772756,0.6997720426285605,81.08461545590723,34.735182603558414,609.3771424252769,326.9442224292777,350.8681778609558,68574.45230184992,368.51400752801607,141240.2663658763,0.14272244925565092,0.066482466014826,0.33679260877310246,0.14232423749426693,|NEE| >30
604,0.43143753999447093,0.0008440273550469952,0.0002542128839471022,0.0019039756369243984,0.0006810892881768388,0.006819525844086738,0.07773213537375855,149.6103703945978,45.57512574296087,115.46185778381164,106.7299624138317,0.5913748216875296,116.41904105324753,57.93411943015585,870.6491386822787,344.53055522646554,959.9246185764616,72559.03838806566,1330.006849198423,33968.987315004546,0.04325689099786967,0.26918849014329604,0.19622575009105997,0.059891328773303415,|NEE| >30
605,0.3852834200461739,0.0024880710577674433,0.0008955611209011796,0.004620930525111901,0.00034167720736282155,0.006687453004879832,0.07517269684681356,17.559818285288763,67.88722589018407,256.49073802178816,117.75579530764318,0.4301784770785462,76.82628002877468,88.70268194562193,739.6721885845919,1085.5330974487101,55.99901721060884,24508.828107410933,830.3489049376578,21450.41131787675,0.002439684286707019,0.312175962113737,0.11280369764542737,0.18729723590795466,|NEE| >30
606,0.610538697233586,0.007395166759991062,0.0008737512917099639,0.004304594872258723,0.0007123742872887224,0.00991621845618092,0.037321222329967624,352.00623616621107,62.23912622771551,263.6830469051881,96.58926094927656,0.14950041639536893,348.8623573020979,90.08545351974253,1870.0650691735532,1487.6583066274782,528.0971259471764,58979.36822664237,1407.7508477270874,18098.666605533508,0.202344041424596,0.04873748230585958,0.009948170149791857,0.1284316088861666,|NEE| >30
607,0.5208243881746342,0.006020562728090732,0.0006777276023502282,0.002169664290301198,0.0007947550412406338,0.005100453125373653,0.061257946237255514,110.61657311752789,40.61422401079369,355.52688615467764,145.540283679104,0.27457311052508365,37.36991944548169,72.93028055799914,738.8163174175419,76.45359267157717,628.2524378588458,65074.0146922351,682.8174877840352,81906.3055802718,0.09199243839263734,0.14945938284109864,0.15885692026410528,0.07886687032752453,|NEE| >30
608,0.6579159918336968,0.008665284846195217,0.0008747982818032478,0.008547603240171574,0.00016084199571551847,0.005629073230358897,0.0666968699096434,322.2724562855556,15.264784165076126,67.0550194676633,77.30319506160501,0.5694774904849489,378.57441697464975,76.53056941484775,500.67325209226686,1714.479798529638,424.12374135854407,65407.34105700494,1101.0357386487574,127220.74494697935,0.1842561688730938,0.010750719265245831,0.015020095092584005,0.1320570249353796,|NEE| >30
609,0.5949842673019811,0.008621109854090902,0.0009341290135594242,0.0011503505336591402,0.0003335904571118,0.0029742472800905746,0.07503356863688501,236.89559392836364,63.61051007427227,232.47453336463332,105.17452746143002,0.8304916190193297,141.51117487303387,40.2329818081205,1055.5544672222711,1734.007996826361,287.1280537021203,89131.77832809623,1249.0342469909672,151275.00994062246,0.14235638496977251,0.05145285817704076,8.673200829524395e-05,0.21111975754291046,|NEE| >30
612,0.49841383934091266,0.005567520693107407,0.0004980005979084701,0.0034507796802469943,0.00033632707788245925,0.00020582652588488004,0.07126392740711511,221.483709127552,42.319243722143085,325.64529268126546,127.41899452873116,0.7329922879445697,282.4806457704671,79.50405910431148,1699.8406887822775,1674.1802615339827,73.542496976163,68534.48299447616,1496.1483763894691,106545.3995346579,0.017929463296103437,0.09317344750189901,0.05575961097035392,0.334723638890731,|NEE| >30
613,0.4191003647060209,0.0002942880638910705,0.0004960850188370607,0.001947162870646555,0.000905314617149891,0.002428709510644191,0.021713083811797557,11.558563642053935,14.348176157570439,157.35481711136498,65.72134175930245,0.8445333746626074,119.27352094474482,30.6137459971123,1154.6795449728907,1671.6020609533832,1806.4273079350273,45479.46175917342,1977.490267292283,178425.05831019094,0.10795767185359438,0.31494843758092594,0.07274132599238961,0.0852521998670691,|NEE| >30
614,0.5329605618085066,0.009205346149136043,0.00038578191614088453,0.004648679911552147,0.00043362165788030625,0.002087297151453043,0.02611037349902456,250.06367241763758,89.6244828357412,283.84602873032696,128.24411744929972,0.22834083149003587,97.20170630781782,82.3663946832599,1239.850118219859,219.60904920597162,539.5131292304541,71050.28778188273,995.6436410264998,103617.58712309858,0.009942630640923452,0.13166841716877695,0.11952101645084134,0.20590737393095163,|NEE| >30
615,0.5386729092928534,0.0031261472366434675,0.0002493676264355339,0.00823439187655598,0.00026214144197052146,0.003463197533394323,0.05544827527059788,19.18736673602947,90.41201983334328,274.14031167009523,74.17657567467441,0.3901750760434928,138.19009262202235,83.83440015675913,1105.0348913139887,1444.632456003863,1858.7509551538312,51810.31074184903,994.6152000523724,142325.5366802585,0.11816672584298653,0.1864606037025309,0.03157687176423634,0.12512288939739283,|NEE| >30
616,0.681962778830658,0.004269332831112894,0.0008361807086496378,0.009124756979650065,0.0009163692636120891,0.001772700985460655,0.0238262922579336,281.7546007465502,89.94776119868406,145.39730870163058,53.03147195421798,0.30200710441333084,222.04496601774198,50.695994939249125,1270.8451716822938,1951.6835344033082,309.988040741015,29388.494724715,219.6027943303369,138496.9765629677,0.06461604178652693,0.08928454406824587,0.14807689966856138,0.016059735646007788,|NEE| >30
617,0.47114438631364686,0.008032183302047122,0.00045639709818882636,0.0005262580256562671,9.500011817192945e-05,0.001030854528533821,0.07172713789520105,307.65055434607035,51.97801272871643,161.3277148738965,131.94584740559026,0.6328547102273379,255.1612239261737,78.18821798261034,679.0770603101662,1874.4708717824774,1571.8328517659024,96114.49550569171,1728.4644453578887,138737.24409150638,0.08217248915651092,0.008371889222711083,0.43623670340939225,0.0020745318977389644,|NEE| >30
618,0.6591493755970277,0.009071126320894263,0.00029059596044357736,0.005369232147656147,0.0005482420252447512,0.004441572899089804,0.03465397021434833,273.43245659318967,16.241490933780966,210.46040680883326,78.0940170999049,0.6485243847532984,212.46129795891758,70.20696111954152,1250.1403711348441,1566.6006946136654,72.10239838145061,91280.15087219924,433.71474036766415,115628.98834419294,0.012168413898689341,0.04572299099292892,0.035749696007559034,0.24720952350379505,|NEE| >30
619,0.5951102052155259,0.005769169468456599,0.00040366437230791185,0.007256135707844859,0.0008744718031373496,0.007634368444317233,0.05170963788556175,121.51706559883664,27.825436803750307,204.77017130594183,68.33124062413064,0.13869148146445723,354.1211021124374,25.936538646236098,684.1211169890844,337.3693492313433,503.76072419467096,8699.339753343815,1196.488073233728,68326.44942888168,0.05175207799025253,0.08907806201856662,0.0469861337109389,0.217073521064716,|NEE| >30
620,0.6036066611895645,0.007361911026546063,0.00015961735820007607,0.009270836112310082,0.0008739823429363097,0.00727560873112226,0.06071779179466663,34.3056411224036,58.492315631454396,313.44765572750106,121.9610702138099,0.3737477142404152,169.2924290784904,89.37609988487331,1291.9184741180118,1816.9853577450863,1524.888639747387,75828.8391399437,630.1861150865999,106911.38223141784,0.0597655275316949,0.14090409883220748,0.18101620404067875,0.014707508405854417,|NEE| >30
621,0.5535279335466021,0.0049026525852194965,0.0005224630165260253,0.0027051921868299113,0.00037282786754091937,0.001274045574912608,0.06804585493227261,139.00942746854253,92.73276945348384,184.2980021224242,134.0985609277487,0.817352298647091,319.7430624130525,65.06184711559814,666.4128106485521,782.9958745390081,135.68644913178463,63722.605574243,355.2047626225493,69875.61540620594,0.3104461352933806,0.01028125603253779,0.0939314482241612,0.03181322690331823,|NEE| >30
622,0.32908372745189446,0.004622142555733222,0.0005280725359116034,0.003005051549430294,0.0006105069000135127,0.0014433142237478837,0.07742699089449251,80.81146167375242,68.72747526618124,286.16086027706245,72.69611160392103,0.4189223398683163,346.0541875549886,94.15063538391705,1312.713118690842,1711.5998230542173,518.3442674998987,21412.822345165943,565.4597449237061,21892.964973627397,0.11916260528117402,0.13621372249005706,0.03397253218002586,0.38156741259684845,|NEE| >30
625,0.567315150775789,0.006878873553718319,0.0008506238388767362,0.0008571712148721304,0.00011890184894495889,0.00940925689249926,0.0611392221748818,16.936333663105742,40.027932406682794,221.11072733986853,117.51976744679416,0.9317524903046656,346.6576558500455,58.32848278978434,288.58247216472864,160.75465604008664,1258.7198163458809,51170.82552073021,561.4193493180097,185068.48351163723,0.24277012893394015,0.0938537418213904,0.05676650264904964,0.03929447581983087,|NEE| >30
626,0.6818430281567616,0.009989677902799298,0.00029713034683867627,0.0012491171491293262,0.00022765758180804077,0.004339280860234448,0.04900303926730312,3.7025752209450657,61.208361403087636,196.33495736537037,39.947351160258194,0.15344632192600882,307.98696190036657,13.123203703734516,1605.8669570379793,985.8714356824286,775.2075496372282,23127.954212344575,750.0499488296992,61424.88050096037,0.16251563516959017,0.058327542759939316,0.09094166249362286,0.006372131420086109,|NEE| >30
628,0.3803845173377991,0.007189132463116478,0.000743346721812059,0.009393747246028011,0.0008582423433878972,0.005434435656499026,0.04480538248974056,245.7009000760479,57.76410979008,148.7242626519811,114.0153418394567,0.8499773366387333,286.99525995782477,37.49687241139789,1305.1819340009115,741.0354706557388,1888.5130626135815,60285.68185146499,947.5242903245978,84854.64551415284,0.16714052188640396,0.09838989534017646,0.3387598760508584,0.015325189384762022,|NEE| >30
629,0.6990134673516253,0.008568711186891939,0.0005929045098409697,0.0007963933809209298,0.0005936845618470431,0.0015128693109965606,0.039771282442915536,53.16192105288821,27.67932388196536,132.83238131734802,62.407953682977556,0.2402640411132686,336.5904139455016,97.78218098535746,165.8509946859572,213.09397695402023,1861.089336146117,30229.655434451794,1782.8140358096139,116393.3437303463,0.08234020210902139,0.020641776633496502,0.03989067955905533,0.1581138743468015,|NEE| >30
630,0.40574044821640043,0.004339537455466175,0.00017746086075248974,0.00473770075789995,0.0006714724872403494,5.6512760321887735e-05,0.06547211395960768,203.54277069909537,80.04104244652676,176.59381888872915,36.37477378729521,0.8356655585428534,99.55731298079316,30.45687555662585,926.2961735675847,1481.4715467522885,1427.9040103232976,37863.66681968411,1402.0396558183663,69120.35476490765,0.1036736167355375,0.4089138633636091,0.02779200843426662,0.05388006325018636,|NEE| >30
631,0.6708059443670622,0.0037446480362430495,0.00038922479864096036,0.00041226363382873543,0.00040641625690703205,0.008667258346676523,0.038063167508656154,161.4670853684382,94.25966705736384,171.71413649180235,29.018612501959847,0.4330901098589163,387.48543112815355,47.26938561923125,198.705402607629,789.956986161522,1341.7978120013063,34263.45236773271,831.4322391504102,146855.39321407946,0.23822744565517728,0.042965646207691686,0.032819753811901754,0.015181209958167073,|NEE| >30
632,0.5151525244096803,0.007186132344152496,0.0003849943928526199,0.0044589149650308075,0.0008700297765349598,0.005657185103659025,0.07976662744209277,99.5345412021402,59.040184479199795,104.98798546532308,140.98457486982176,0.3748781351309271,396.25672548316317,76.67338127452997,86.89920095449834,757.8833320768794,524.1566071809025,50328.9479887859,807.118638216229,137546.18156734618,0.134796461770468,0.1606541731915323,0.14177746219480045,0.04761937843351896,|NEE| >30
633,0.5746320169493342,0.0053042579672275166,0.00020038290545688022,0.0017932710861078625,0.00031542504562655465,0.004836225600745374,0.027193138580895324,26.512423908293123,20.21589231335463,353.6516051239553,134.13473342751803,0.8588168432545698,137.35632523771883,54.89525891648476,1791.3311966215267,1007.5183936338003,935.8616780268472,84882.59774905373,1137.7167410123277,81402.16354826775,0.11770272708291081,0.014832169326415423,0.13392795728478393,0.15890512935655565,|NEE| >30
634,0.43738014957338894,0.004641195260123441,0.0009066910769751511,0.00021817087533557123,0.0009397790809678443,0.0018599868032050156,0.07194042034656772,211.54163709803336,36.48683699718116,259.2787870255355,38.01426854367578,0.17588048905231207,25.728935266892233,98.88585107246054,1715.9101540047095,725.2910531325658,168.3939379990397,41564.291373813096,826.4789597107413,74675.36830860602,0.08999560471693263,0.0008838055474351719,0.42537510162648284,0.04636533853576051,|NEE| >30
636,0.4075238751345464,0.0076520734172634,0.0006426449774416098,0.007654273114911387,0.000449831856237843,0.0033178167495606092,0.06883673452363086,127.91071248747204,78.28770619912495,68.08215119579465,39.159529393218804,0.5673944801529622,317.79533640763685,92.8897729330938,1180.498774320525,1932.7298966310739,1205.6105956627841,21277.45137933249,1061.745629668598,157999.9233318733,0.011390621489466186,0.0379739391139777,0.46850857029451687,0.0746029939674928,|NEE| >30
638,0.6418030461845923,0.009426934376758785,0.000540233222049899,0.006853830458079523,0.00021210412989361216,0.0046023173553212905,0.07448987050856475,29.173817366534372,54.274563838422445,200.76442029208116,36.168099296829894,0.7014934197744758,372.1595089202674,27.516277672684428,1127.6873675657457,1482.7028149503774,343.40310281334865,7313.846891576385,264.1429834321623,128501.68308095323,0.023480667398577338,0.10759757109712162,0.20233374774568896,0.02478496757401976,|NEE| >30
639,0.5265557010807335,0.00349195726208898,0.000578747418294181,0.0014956467742434198,0.0006136934556878654,0.0006836797355056553,0.02547480934311044,293.60958556135216,89.39850592338611,82.93764632217172,48.236185166391394,0.24661769151811663,21.631710663499465,72.56340699173244,1354.7769178192748,939.633879258289,1423.5402731424235,34942.24853238228,697.3084455685632,174333.42945731722,0.05797165738432599,0.11257237746219,0.09105965612385214,0.2118406079488984,|NEE| >30
640,0.41392710358329365,0.00465002089572207,0.0008231310633057081,0.009289501676513727,0.0002857695804650113,0.009949250175182556,0.06635146601151969,338.69291211804824,87.05689173223104,223.18356610161564,40.02256657850498,0.45355955188531427,165.33800365989288,42.00392027050181,816.8232384628724,1472.5247074014574,493.28730228515,48653.78990451124,123.83666083557797,69659.34707938324,0.07922294653412199,0.15486407398516502,0.14199759350483515,0.20998828239258419,|NEE| >30
641,0.5111955677993345,0.0007340551738735545,4.3650039057453564e-05,0.006901123560241188,0.00012933134857033064,0.006877782646009436,0.0570633582613307,130.2211962906624,51.32065685562962,225.38543688025294,56.65280811767001,0.16932126094899555,54.41810676970388,53.17116214194534,188.0826843731707,48.506591090454364,1548.3648862817968,9429.789260430409,566.6037656588672,85629.11672816685,0.05954531726274554,0.014800551317136385,0.014964690869679128,0.39949387275110443,|NEE| >30
642,0.48204552592343386,0.0007225119955465422,0.0009185885116313834,0.0018146605289418101,0.00010167400355809057,0.0094084927692993,0.06711333487192978,151.024491814546,35.162541682101704,12.871841410975545,116.67337970792637,0.19645813823450667,226.0206404306404,41.90766273611693,1256.840222250767,335.65703681141173,861.7478171521524,36281.86552775169,1307.470740490583,131655.90433192902,0.019172230684684245,0.006507084207088908,0.12083512488939646,0.3714400342953965,|NEE| >30
643,0.30639072994734184,0.004678736791633682,0.0005664469340771348,0.001387848385568843,0.0009329646575499165,0.00745799162466507,0.01828825450417652,17.394263068593318,69.00649270567155,29.32414483764682,116.27666456764042,0.7818903188239611,210.94346434809222,88.98146387215054,493.1686209748599,1261.2261075998917,1284.5460099814236,89071.90509609003,1503.3271172000077,87018.57669230292,0.0946514240998103,0.47280675320764914,0.03366966412042035,0.09248142862477837,|NEE| >30
644,0.5407437255166854,0.00033620241704906257,0.0007213581305034173,0.008927159995395081,0.0009198250347588933,0.003472838124905205,0.043161845510770694,326.6439791797102,54.8878378006685,331.29806727953763,104.57139299773984,0.41267488390763285,380.4350581441073,80.679193036722,1302.7355717976277,126.87445852809688,1943.7041002164096,98294.36189903144,900.980659930397,172555.81495838036,0.07386852606528391,0.12898493866514074,0.161326870556314,0.09507593919657602,|NEE| >30
645,0.6559384866173331,0.000548752896220715,0.0004069600947547973,0.007646774650041928,0.0007822092185349671,0.007763714581870737,0.033518337576426305,322.6365807699037,85.41596990852325,234.923778407907,57.96044111604772,0.23331682432727496,307.897691152203,73.00608697912426,1307.5693698787418,254.7883629977956,1169.235950308367,17940.626015683916,257.7107333767891,96306.39339025223,0.06821113113977793,0.08297643295816232,0.03343354808518789,0.15944040119953878,|NEE| >30
646,0.44636206077267143,0.007672493089371506,0.00029648992462010903,0.004062045530438467,0.0007551879913778249,0.008311165393123859,0.022077405698826554,310.27447025081864,87.16728097032588,62.526010397806864,63.70826147020373,0.35759739639605215,239.98816209839117,53.07828688880645,541.0085806212745,405.72079980460387,259.7102123944891,14618.696946984932,909.8126679900732,190129.81581343614,0.013881155575945046,0.3013292200465978,0.23422550495824435,0.004202058646541425,|NEE| >30
647,0.5938072036229981,0.0035451714522875184,0.0005952955178466639,0.002197809995741173,0.0002497270524403848,0.0037116944371628647,0.07804422231790333,134.70923206095878,12.352636149695552,328.0227413376333,136.79693342397937,0.3663746787509917,232.79662552176785,94.17685265326169,1962.0368043238834,1276.0611190606878,518.7168191134376,81768.58604369494,147.2540644140498,90299.6983214783,0.17081402553438305,0.08858624663659034,0.07263641437541633,0.07415610983061206,|NEE| >30
649,0.4341849080581228,0.002072042586197875,0.00033784553050810584,0.0017238474645890284,0.0007484068180750844,0.005015107995308599,0.03284908953276763,93.93741601981995,65.47130724404744,194.75489393986518,73.90031989961469,0.4307808149962551,236.11876802256077,17.855781668169524,376.3520361829585,203.75219776139843,944.9600331336102,57020.91356873903,316.60549262188533,144243.73561682663,0.1868292915401641,0.010534392077263411,0.007700706193977343,0.36075070213047233,|NEE| >30
650,0.5545199097287796,0.007509276014387822,0.0003745583952797794,0.0001893384751541331,0.0009333180037836567,0.009404121487667741,0.046570178050979835,168.2980466364701,96.80603530799573,337.03568623057276,107.7205376610048,0.8628226263682474,149.77490308249278,62.27821774366082,1865.873209728912,350.062599367567,840.9514483797839,9037.416871760717,1173.8713761857548,129224.1241542094,0.10655189797664168,0.13065706307331063,0.04365486872014557,0.16461626050112252,|NEE| >30
651,0.6798960574182611,0.004105197407762122,0.000958721826821371,0.0042488776598542865,0.00017773524933323504,0.007826427033113835,0.05804881954803093,242.1196132339441,12.91728297650893,142.08804661549854,142.42363396264682,0.8443261790437036,232.445186672696,44.39237261929209,219.75717481596655,1609.924354979275,438.69592500848387,44759.306334434455,112.87869416341698,97281.87310554959,0.13278315374537142,0.025752326182134737,0.025918820895059473,0.1356496417591733,|NEE| >30
652,0.693530255070145,0.0044563379623558,0.0006225425585243555,0.005909326696415927,0.0005565981765200847,0.008154028725457814,0.055417264415095285,145.73099644324824,38.870540695825085,116.97725301558874,133.7399194457317,0.4717365664584971,368.2177593560997,66.98610755960723,899.006317509964,457.2061054512552,1297.9582117420568,85282.95373332937,237.63149614428016,197274.64414471269,0.07511658142562386,0.0707270297069393,0.06094741484755357,0.09967871894973829,|NEE| >30
653,0.5000469502999502,0.001954862662349379,0.0007611486955109599,0.004566106869713423,0.00019623993460834982,0.0026841724027175215,0.07667914081862805,101.51592096156924,53.20391859812732,44.98164722996829,122.421388786379,0.622063515146442,75.91364345042787,97.23509857757831,75.65459463155779,573.2785550093477,147.5305348999122,36440.19579462396,1514.4649068395652,98120.07283488626,0.08270610567691723,0.11778670636615557,0.04191572456407547,0.25754451309290155,|NEE| >30
654,0.5105795602664226,0.004306638090690925,0.00026706858915210826,0.005095692370649873,0.0008127855358451118,0.005433279912185515,0.07951480108654364,102.87332383305218,41.56477224018223,259.6354266194615,109.74170863178358,0.7209516016785233,195.9290665366935,10.922081148362384,1765.8527288662406,495.41156653893745,26.117153196346074,31566.805154432586,192.89245500398465,52559.107064532494,0.07887202202983132,0.12897915271088964,0.11363576716120145,0.167933497831655,|NEE| >30
655,0.6453357675052882,0.009598325608373356,0.00022837583400849574,0.004904814832273118,0.0008981134177829043,0.008652857494710094,0.04270996889382309,147.88213994785244,84.80845563294706,354.9748574172673,40.722425128494336,0.9124158433100846,63.788749977292156,53.50456952561004,486.8129496418322,800.2269041762884,296.5542317119743,68828.50450555146,617.4941233841888,181624.82612095063,0.14504348642366668,0.014208034922694221,0.12960783656986258,0.06580487457848827,|NEE| >30
656,0.3413624863440162,0.0027072071365036553,0.0009665489191883548,0.0035122070904439577,8.346081918634065e-05,0.0009634631779548395,0.060791998480440965,284.8091271920784,42.47617457317827,145.7493305858792,140.80820598298578,0.3332499525681184,214.0896588821389,51.984387307238336,464.8226133221189,1249.9374407390815,1277.2975358125611,79901.16940569288,1014.0760070331485,181033.69838618554,0.2276336487482332,0.126442944836616,0.3002020234454373,0.004358896625697204,|NEE| >30
657,0.47507481492584025,0.008040082145723422,0.00013705917327090368,0.004921881857087241,0.0008289118669707856,0.007359572505525596,0.05687501654682861,192.89514857873482,53.53040244548907,336.18411300031113,68.00883640538592,0.7074196442809991,191.53599278214352,16.541922092046544,876.1351776327306,495.4630397266955,366.89665469361137,21546.707368400424,120.39982443772918,148321.61610807403,0.008714115904704155,0.09244258033421084,0.08686198006820049,0.33690650876704425,|NEE| >30
658,0.42971297718791385,0.009116179320638925,0.0008464343595274247,0.006793387396898471,0.00018941568305906042,0.002086106099100264,0.07395052133702977,260.6880220032844,39.827067357388316,320.38206005213,116.2621316869945,0.49946554099982143,56.17208638569765,97.33480147601615,1654.5059891453825,1308.2514781644575,250.0770402986735,4707.801547782245,46.42944623734809,143331.83971963593,0.25257985458409715,0.18694781994014817,0.04152536149170724,0.08923398679613369,|NEE| >30
659,0.6676694166893357,0.006464517510128832,0.0007457391718423062,0.003418131828423882,0.0007491299312433075,0.0058131023394918085,0.07750262625254754,312.25850935177226,68.83092950684664,206.41161753219026,102.95946464546894,0.811479327194829,163.80633907983528,57.575726421638564,971.7707445534902,214.28956561392957,859.486290100848,5375.251140701005,858.6790554345839,195151.6941316064,0.1212409412954208,0.0398248914063652,0.15766713510956404,0.01359761549931429,|NEE| >30
662,0.5593114268799702,0.008810190166683114,0.0002888249884347323,0.003653454942742376,0.0009732434819452796,0.0037116789779941357,0.022951229214014747,183.08862105683266,30.718368670660716,227.67712510183765,93.85914746108215,0.8524238335529377,205.46126859154222,75.04221619120194,1174.5977799680466,1139.159990103033,778.0241134879774,35166.61643771485,242.86627085597564,152408.71475640556,0.05738694639720921,0.11812313526501515,0.04226472688020325,0.2229137645776022,|NEE| >30
663,0.6534020548977229,0.003986842779710244,0.0004533117177170894,0.0038151160236159763,0.0007143581826531915,0.0013822331964932467,0.05503944995872402,84.44598264984502,62.050922518518,24.244091645859566,40.526791792481696,0.7748683867084052,332.6066598663732,52.51352005679588,1172.729402995946,1050.9933469509926,646.0980899301067,64798.78237360952,801.6635154585566,80841.43213287974,0.11196538572780701,0.17541295699733997,0.05426491049460407,0.004954691882526084,|NEE| >30
664,0.6320619840120103,0.00564047932288727,0.0009876040008383327,0.006288677622315646,3.7036199904253465e-05,0.00218254831336314,0.055420406093424496,75.77507758045734,82.13384927804584,70.35113993233668,53.663130729760326,0.8254020482532777,126.09621824252437,40.428828183253565,1699.1288995368222,1859.8269168610318,351.7468467818946,33930.13952665082,1410.5221165141918,100571.82547417223,0.11831027137828225,0.0899489693075772,0.08918825205388056,0.07049052324824971,|NEE| >30
665,0.6161834252759437,0.005798393628085189,0.0006459450257254985,0.008005107440085445,0.00021978592693850055,0.0008723905761505088,0.04037501236089335,288.7820058304602,30.94905507866165,234.24006772734106,106.49720681566178,0.1826191644695365,11.095108155913016,87.15822846417097,1620.455114987017,1702.4599834690591,452.74170893268547,61809.70456787276,1683.3350447853932,187883.3351432679,0.16957946319237963,0.056258340187629846,0.09831654362725586,0.05966222771679086,|NEE| >30
666,0.3738462675717684,0.00881003597452453,0.0009437915832297747,0.006547767773900604,0.0007464415853179667,0.0070545493629808375,0.029629261924250853,149.36523942186233,20.468377092295473,33.63973173222761,131.48692773706398,0.4223391863279254,26.579893882554497,71.23118550897246,339.70374560984885,497.3009396550452,294.03838906859727,72118.53000636015,859.4826965562326,68957.90245591024,0.07075513366852687,0.41251689719206497,0.021200933186915426,0.12168076838072436,|NEE| >30
667,0.31855736202405255,0.0033292618716256875,0.00026565741223397,0.002783977947577605,0.0008598080043000975,0.007982002447676358,0.06290846858641694,16.393459744818458,83.5033786653193,227.90355174531052,72.87511378173087,0.2661551616911307,326.84353374453366,24.771104892292538,1400.5565173026023,1180.0748899847624,685.7640142083136,41220.719040294214,381.48933451326303,57001.51231943919,0.00585915382837445,0.14695116839014533,0.3351863576616969,0.19344595809573079,|NEE| >30
668,0.570179072580659,0.009188460087988543,8.296322760296672e-05,0.0013897463557571348,0.0002532554414248913,0.002571297734988108,0.02591687304106698,327.5097217056753,47.10837481883099,15.805600124518826,147.22990984000873,0.5265386559752274,295.87568836602674,10.621422615615415,825.0776008852312,159.65103491737972,457.355174724077,39230.81600128557,1782.4193962696895,168339.62614298996,0.11247100710499336,0.06144178909853391,0.06715205494344671,0.18875607627236698,|NEE| >30
669,0.35645930752894706,0.0013143063179857568,0.0003215897274988587,0.0038468371180366305,0.0007592730438358417,0.0005896240714186727,0.03263693213048037,127.4057547029881,72.36457085998529,154.7025632322304,142.30372437337581,0.19721624026670428,45.493228443829175,96.52375870250785,748.852599354076,131.8023068209908,1192.1227896558325,68572.84334286828,1207.40383530008,165857.84142155485,0.21476377759006965,0.09951619150188097,0.1387792860736207,0.19048143730548167,|NEE| >30
670,0.5131704918485905,0.004343637880635054,0.0009393615521035356,0.0028612516097425247,0.0006712593939796478,0.002856615960316092,0.05333691394248226,21.183534759368825,25.078716275119515,11.268986996948142,139.30654829740348,0.5158800871445683,213.16323718208358,65.87350764545425,51.674810011573484,1414.0496538827442,1892.2193461182896,43114.53340397973,103.19812191415929,4022.75838099064,0.011494247785641338,0.34398887329034344,0.08464273246226485,0.04670365461315986,|NEE| >30
671,0.3678494179409986,0.004380635676345014,0.00033223180958606415,0.00828723726955457,0.00043326038028681884,0.006084894191159114,0.06950026226985129,285.7176114232956,21.199481000465376,181.32889886959876,65.44586885631068,0.5894147286578546,288.65040931427353,77.92600030213322,1313.7876071879102,1727.238049064988,1366.794341960142,62868.758258210575,969.9911670904683,116146.71684804725,0.033511653719677965,0.25234824827542507,0.3272245826805373,0.019066097383361087,|NEE| >30
673,0.37428359292098,0.006474722005560173,0.0009090474518532803,0.005539602732458099,0.0006850634099205491,0.009662818452623099,0.067028578109769,181.82608176562758,46.28068336143738,81.56807627478172,69.14694341938292,0.292124999756866,312.22908191404827,90.74403907779154,457.1460827712086,591.9714725599368,341.9273811737856,75728.17199322775,489.45706644544845,180753.33801998178,0.035466882598097785,0.13601914136400384,0.24616615504654774,0.20806422807037067,|NEE| >30
674,0.37092144824098106,0.008345807090098509,0.00043320297309348913,0.009759296289465964,0.00023300380505979546,0.007761160039992361,0.0501595767022244,195.6301070608306,71.77111548960221,300.1354055067254,61.63623895987489,0.17460831366834828,214.4465952992742,86.75189365514717,233.39756645693427,1897.8095659758812,1612.3533140809275,29482.823240464135,1042.485603754865,65373.516310820516,0.0631743203190934,0.2781272473725638,0.05386622267571655,0.23391076139164518,|NEE| >30
675,0.508674406424036,0.009163459056966316,0.0009989694250634924,0.0057889241704238755,0.00012907596745017193,0.0008504563132108769,0.06977595941853444,296.7214566710624,73.64869170858958,14.747213289226277,87.19674062479118,0.5933531649161935,106.79365119365717,65.66845513010311,267.17239306945925,1537.0695508326323,212.35479531840326,19072.88403676171,1657.6013335490286,155850.75845882905,0.09039965885330604,0.15137770146217408,0.1776018453172272,0.07194638794325663,|NEE| >30
676,0.3734613864082401,0.0031262838697770955,0.0008292576120341776,0.009236258697230151,0.0007367065171626177,0.002827433401108785,0.061868402947616696,251.8700298028047,51.20647168627241,20.122943401903356,84.99045893101561,0.3943354134031792,156.650109367023,67.5165465675703,175.56620126265256,541.7350543963171,49.89432817516317,73758.95896400415,136.079907934682,165378.50247119184,0.11259536330037684,0.2517928170239957,0.2340687721083135,0.0280816611590739,|NEE| >30
677,0.6125330590920097,0.0012841823370165538,0.00031192642825690696,0.0020514702022044794,0.00040147013873471346,0.0029443796587300527,0.05547751860874581,299.472616053382,63.819441386631304,323.200326042033,75.78677472109501,0.7967755210238989,80.75380474935751,19.921318870629758,1317.5896175406249,1045.4274951819382,219.30353190351403,67168.36319245634,44.664632009670704,116113.59997696479,0.06016719417272588,0.27218390430090406,0.0027519918390944247,0.0523638505952659,|NEE| >30
678,0.6369903927837197,0.0017223906404296727,0.0009705730954582458,0.008851902744156589,0.00032553338995034163,0.003904495491336246,0.06340829172250324,290.8297819970167,34.729419195913394,117.67019999216706,109.01738466163718,0.49340804433763874,366.50861290407414,21.83154536222164,1646.998500749392,143.7059439716184,1839.7242826373822,5062.944145846884,988.5172618968742,157572.10972938075,0.02436833185547862,0.17660185970696696,0.06769909076879382,0.09434032488504088,|NEE| >30
679,0.5216753379426793,0.00885927392008511,0.00029304594762801645,0.008038199996139353,0.0009173106717817976,0.008519754147496528,0.041740366135369765,40.96707909987054,80.72152843976606,355.12152375079825,114.37785113784848,0.19152801315423604,304.09720219259134,55.855775174625464,1269.7625160012021,1185.6806490688502,1309.2165626149836,27884.492434245287,283.24132060757586,150053.35876692107,0.18845015637902296,0.03159595471217597,0.16928436750039447,0.08899418346572732,|NEE| >30
680,0.3603099925102278,0.008944338167855974,0.0002406576663246036,0.008871399671165427,0.0009313789750181323,0.009536024817641361,0.02943393478068815,113.95075972782006,16.574724609302834,91.3179779049063,61.4888812326555,0.7713442441246794,229.80654720140487,22.956895657492996,385.96011848382216,1410.6295766750534,1293.2645024584315,90028.99388033744,1812.9643158849353,38515.28648020366,0.12918155755005603,0.2251486735805912,0.16377856184227696,0.12158121451684803,|NEE| >30
681,0.6374871683241223,0.0075274097918613106,0.0007090834813390786,0.007496381327818425,0.0002552075359833822,0.008212824816417896,0.04757843365656112,105.78835932606259,17.999173232902837,150.55492125491526,37.89568430970641,0.9920837884611357,256.76836559589145,65.8777536595396,1094.6553731437552,536.8705999724126,1348.849440319238,96112.05644196685,124.74604815583778,179754.96116096876,0.2177286172052872,0.05783348496618968,0.06513648912743025,0.021814240376970613,|NEE| >30
682,0.48513498738464034,0.00502475941560629,0.00023328138855491904,0.008780323132969862,0.0008057312081157638,0.007141141502374669,0.024778494069357403,94.29474466308773,96.3217485877822,14.306154266234984,112.11889670772278,0.3530489767892564,203.7856218830549,59.915338169067866,567.9421915782467,1443.0406530026721,68.79411225177208,35273.794262574884,1489.247003590944,162648.37758663943,0.021319194098822776,0.17361105466347265,0.285238521660719,0.03469624219234524,|NEE| >30
683,0.35531675172867616,0.009135366549008506,0.0008303287609444465,0.009398368072310972,0.00037393418887051935,0.009134371722059794,0.049199383954373954,361.10596782019775,64.0029982267009,228.37860850091985,136.1480738371963,0.39510064785251403,317.48513771670474,69.07728979911502,837.8082505333283,758.7415526099575,187.23819960441168,51319.36716168317,910.2703042748125,17838.129234519085,0.11396936899811938,0.0033872474472408367,0.2970648857452923,0.23026174608067138,|NEE| >30
684,0.3433613611560773,0.004260605203353949,0.00010069298273920247,0.0031834266765577144,0.0008958693916094643,0.0012287413307866875,0.07394189431103747,285.56284042532775,27.16110849203515,143.05834787863606,53.509380045583455,0.3749318642300994,343.8419235772297,60.87998747571556,1796.794127669026,1929.8905440826534,565.6508656421558,62813.62405019119,1679.3007253209148,155277.3963543553,0.17218229803129118,0.2307203088072018,0.154828868073247,0.09890716393218271,|NEE| >30
685,0.589389671048069,0.0005414678124594025,0.00047791758738346073,0.006049677154088668,0.00019875514990410123,0.004392734679700053,0.04601832583931867,26.11951786403297,99.39448349305945,50.27885066587575,47.99864022658991,0.47505785454634075,54.141984587062574,87.49875862076316,1578.5172131940378,1639.924833980227,707.6208337134223,87940.47177935742,1128.6625779456658,81513.70138797334,0.004748558458854223,0.0219408300980298,0.2842961727847815,0.09962476761026542,|NEE| >30
686,0.37689229670242247,0.005032826720689408,0.00021357321846729354,0.0014613490185226236,0.0007593559039868947,0.006118354899587907,0.07809062468458389,278.91585972479345,42.05908185924629,211.64343696029036,45.872785546911246,0.5110459219087496,208.58757782816966,30.940332844688513,523.8354401994884,1542.950315929359,1037.2971957167629,65516.434967191475,508.3751068778643,26050.198722758654,0.12700897503629482,0.3817248377675029,0.0626063213046905,0.05176756918908936,|NEE| >30
688,0.40593812728046524,0.004906926716468177,0.00011871523267931451,0.004152090714982635,0.0009934436175591493,0.0049836978113948025,0.02770484832386444,1.1188913995864027,58.96978371710403,221.4425108108902,51.86131775753804,0.8223405002738811,368.3178859997991,60.37027857050326,904.5986650639054,807.7874717181226,1085.6941351259131,99017.144965537,203.71804191841682,82770.83260051065,0.17029472032196294,0.012397322144052602,0.23286686376497345,0.17850296648854586,|NEE| >30
689,0.6802780620277867,0.00527948881092624,0.0009724660178838706,0.006577387031692717,0.0008348094819615026,0.002278182188154417,0.047469295872253445,96.35951048764677,77.9488549668257,273.4246392764355,126.39994826182053,0.6323423172473432,398.4123019688861,43.76554364319762,1724.9569020370852,1559.5196969201459,229.72227512516733,21976.38350262556,1976.922141204863,56857.18427939876,0.05317446167066079,0.11646909635733808,0.08732245614093756,0.0627559238032768,|NEE| >30
690,0.3047209894657728,0.002650136993663627,0.00012674086894850592,0.0043800156964434464,0.000997969118100801,0.006755534661006155,0.04832319908295002,74.03463618951736,52.31246777608585,26.707689787485155,45.57371052821975,0.7859832734246983,156.08660448599926,11.65064266334362,257.9697416453294,1948.8643355423314,1280.4550066704303,89301.7427303295,463.791573588944,193579.20704132295,0.0003950564100390921,0.12936054417959728,0.47127308513550525,0.09425032480908552,|NEE| >30
691,0.49498158939576653,0.005222714870483369,0.00016753445505617351,0.00986699698923112,0.00022684060610544878,0.004208016567497699,0.045834176254440966,124.5888255583637,46.344090874336096,150.97037580351287,25.856049810490926,0.9816149226141848,158.88458556717143,35.05936461497658,252.58243427870661,1109.8600587382434,1658.3160313085336,8759.400651608817,226.8231362085007,40183.97336426192,0.4126176347738745,0.02144275369370108,0.04180013347282822,0.029157888663829647,|NEE| >30
692,0.47873895763024255,0.007468471481744241,0.00027065582852180635,0.004452590337481546,0.000941203626129309,0.004022139577684494,0.04767424637315646,232.98509630254892,34.18409782522062,31.0889535127807,56.105329187396286,0.779433782946985,192.96898895965185,82.96268151210484,1533.591599141059,1392.429381215219,653.7681907844322,25090.721389923645,1039.4530240589597,28132.570511105085,0.22969988584855391,0.13573134921542754,0.00146774647978673,0.15436206082598922,|NEE| >30
693,0.6162250010877428,0.004571546596602608,0.0006896584043688483,0.007805503865949105,0.0008773217643607804,0.007963274810015764,0.0380848070431401,272.8459650830479,99.72647782586864,246.54093980251318,27.470910764256885,0.37244581048621966,66.22972440112096,83.63650597187912,737.7957579970896,1427.7836406752078,379.1736213007119,89102.71982471028,1698.9418066053945,56605.43641222064,0.030832267901222718,0.17681293372413182,0.09645883554189129,0.07967096174501136,|NEE| >30
694,0.49585510590114423,0.007990307096874776,0.0001942568017168334,0.004260427052514902,0.0006872072241066961,0.009694755881736454,0.06859846418199037,65.52503112113595,38.1218485125404,31.603211323659806,146.56642786917246,0.8200122945571033,164.6737218298356,43.0793424430629,895.3663640624105,1939.9984427952124,528.261503458123,77762.57007564309,1542.63340852845,11709.190311647764,0.19883365670062547,0.009298321548592774,0.11729298387975107,0.17871993196988642,|NEE| >30
695,0.5342863277048975,0.009896764927741077,0.00031672115149763123,0.0020235321750620852,0.0008136196182623286,0.003004382484314031,0.05953693020794232,157.72806080528778,85.08521701798284,300.1126182887074,139.06385091785882,0.48674457940999927,94.33222523750572,99.76674375686234,219.03155670366604,259.80104655651616,99.82204108673287,22972.242608220586,265.563685388488,48713.054695122155,0.2004826185096388,0.05704559919354504,0.09164319975440753,0.11654225483751114,|NEE| >30
696,0.5341176827928876,0.0035922218455655564,0.00019315594177714323,0.0045728390258509164,0.0005347935007710811,0.007947025508921055,0.047839440856822485,156.8276922687441,69.10857872367271,94.79331154474181,115.95087316804566,0.20045265265701737,324.718438196232,24.827217222981986,1524.407678218802,283.004369775145,1333.4886129051433,16271.799674494687,395.8256875261643,75107.8858564008,0.18887744432964318,0.07889131501509906,0.009115740013396469,0.18899781784897365,|NEE| >30
697,0.36318415524570125,0.003489457947722064,8.791989932984972e-05,0.009549063207385503,0.00035112749147535994,0.004777427951632873,0.045029491627821015,36.91861877401259,75.43839938883089,310.5544480796489,74.18925472324244,0.5628300354019323,115.50822454355016,70.55393340374636,577.506492404757,1122.5905490764417,622.398191493318,80645.13036512377,457.0970641163636,175280.5413120976,0.508549705236211,0.05685205520667063,0.048084686104227774,0.023329398207189253,|NEE| >30
698,0.6946836311010643,0.005815742303534029,0.000985177392401556,0.0033159202808949934,0.00023581010658915217,0.0013454533867515966,0.054578667993375796,252.85848513568544,18.413998242919206,230.25964315343728,79.46709898666509,0.6524599133496571,254.27065788895257,29.430280716339126,651.1268521758891,276.43720509148255,1652.3422715134056,25968.892639365484,237.38304852465566,163558.39357040497,0.1905565777324843,0.02418810387229093,0.07222531721594218,0.018346370078218203,|NEE| >30
699,0.37519477312730537,0.005090140969282702,0.00038950120012252754,0.0007797403151964698,0.0005662529919643488,0.008509839398185145,0.07825060952074722,170.08529203948567,43.18447778506099,16.88174353262496,22.77715572066499,0.44694617424064254,71.91505133127498,83.15383788687245,1353.411821369264,1435.4937430091168,1159.2046611429591,96058.92939698425,1330.7049000155341,31551.30768779554,0.061265115850624274,0.3703881869646266,0.07109374538555235,0.12205817867189152,|NEE| >30
700,0.38261637357644795,0.00594061011554305,0.0009669228788949978,0.002145028724767766,0.0009547623056317914,0.0008222045308759109,0.0378788534530278,71.4370872506617,90.7071091022938,125.78306338401144,61.18774921903624,0.7223542438996673,378.648450181682,23.326470365197125,1309.6806713241547,1786.5435354282724,1658.8501629051543,72291.47284905493,1360.9443822416285,39675.177745953086,0.021519335185328486,0.3450087515425389,0.19953899047591628,0.05131654921976841,|NEE| >30
701,0.3120480501037779,0.00313090542793544,0.000660798006470008,0.005968291617849392,0.0008189082675069142,0.0034673452332680344,0.06635067590023429,176.9169142800896,23.268546597362125,284.08065610512176,117.28630094224121,0.30027155765005303,243.17975094096155,99.01551207959292,1673.305407583192,1243.4666385847393,140.26885974942013,63949.64226959219,1508.5787803160372,76130.67924117626,0.025590633754480722,0.026720622964357444,0.26246055220987663,0.3731801409675073,|NEE| >30
702,0.6445792039209802,0.0036130331489160543,0.0004574623289359058,0.007258551469459032,0.0006631222403673031,0.005359290701264719,0.07596197418119469,67.25003577580884,47.49408852602386,279.3281062372239,124.43303689117266,0.8371855985549638,102.72862393148462,71.10992942705226,1655.3809764376338,1727.0984808955739,1158.9122625190348,34110.45538059053,1961.3622364054138,67500.17603668383,0.2151778868999489,0.020710738742500612,0.010735214096822099,0.10879695633974819,|NEE| >30
704,0.32429475379196393,0.005613237689116952,0.000603585587779409,0.0056454921277642985,0.0007225318512671882,0.007528847787379653,0.06874373478245917,114.8683721690075,69.85367838428712,91.79521211306938,30.351391732263618,0.6844981985983549,228.70881918628228,18.293800343683152,887.634498736683,1079.4992080569473,1799.6343921921673,75214.34071779887,1905.2541942561,197942.10911083737,0.5474699176933414,0.04890412464562263,0.03950612878111525,0.03982507508795677,|NEE| >30
705,0.4320502676730914,0.00436788188125602,0.0009446488073101233,0.00021867997517357703,0.000575354640516471,0.00547548069434638,0.07179275976172775,5.2422606222253165,47.86591335059031,195.83463005023523,121.09545618334101,0.4333362765893669,204.42357255905378,28.074465796412163,798.4177368803574,37.419647907335445,271.9517651232409,97393.92298525888,50.87361060293635,44894.21030084513,0.0525700602133943,0.4281241078143202,0.03528403096811307,0.051971533331080975,|NEE| >30
706,0.6875737421535935,0.002032439274815482,0.0009349306022777271,0.006139688938007182,0.000927757185045781,0.0004150658930917208,0.04483846002678363,170.85930155454403,13.86472235522426,248.48554324331383,87.65183604336642,0.5618665472225727,25.000318466466304,54.72957275245383,399.88466723518934,147.05227039172996,390.9453231392917,36978.52957378063,1033.1349130015674,121855.071480433,0.12336988906631131,0.04600202879342721,0.031155240339831254,0.11189909964683677,|NEE| >30
707,0.5597477609185957,0.007782100559364497,0.00035506745322173237,0.00033667596647341696,0.0004219785905693813,0.0059129538959082914,0.029013903412488863,225.71182337597145,60.727652285100454,206.87008796794555,146.93114428149914,0.5333145594835396,207.78429277298522,19.239407325572664,1944.9188468690156,947.6685478838629,1743.226482307014,91906.03139345752,1181.1470218028699,72077.46628372175,0.29275179889793723,0.12133626430616623,0.021240161090848877,0.004924014786451963,|NEE| >30
708,0.305339621042175,0.005748979415531931,0.000557178927191599,0.0035081738359278984,0.00044480617611034675,0.005935337104107664,0.04016003952542081,112.09730187064396,87.56339118397425,23.26108607054965,43.399735965965704,0.9537002361089667,310.82138025664455,42.230305362153125,1905.5441962172217,998.7512292900307,526.7376774561694,98203.94253666577,1291.0246676960373,88207.3854085908,0.21660139697635067,0.23276623100283209,0.16788932976803864,0.07740342121060349,|NEE| >30
710,0.6446031229185598,0.00433906879108178,0.0007568932208321011,0.0036842936092122765,0.00014027372356950995,0.008258575047726157,0.027424658080418517,254.73326947221645,29.22211639924435,113.73568801499144,47.204468261212284,0.23368431299202885,105.18629105700079,53.65312405404194,454.76396769193,152.47851806695218,917.3495726399428,58330.53368388339,673.6234577558471,120190.5232354961,0.1841935158736147,0.07629321485751646,0.09372924846220305,0.0011808978881059431,|NEE| >30
711,0.6270377940039529,0.00763026034301837,0.0002712668849808866,0.00885249994458905,0.00046411451019457973,0.0076362739817832275,0.04997526786600316,75.72672036675955,47.47681025357569,177.6977378984216,125.74615373000155,0.748307040820263,374.2306218151058,90.53861513942051,872.0606725376418,992.8895208821344,1962.9490901638005,20888.79929541032,1716.4151426761036,183150.53148056412,0.03139856175717049,0.039863576228208464,0.1239700735964655,0.17772999441420267,|NEE| >30
712,0.4455586730660145,0.005829425559972241,0.000965363637345867,0.009135258172481042,0.0006255455852561761,0.009533624331883194,0.0270613431995125,19.68897324896114,31.107571823840335,217.6941922626608,34.434086746494316,0.6817691328676351,230.21902913899177,54.82889012363152,1266.3350830883992,1903.4485880024663,908.834906267877,5254.338111552628,867.3570390157277,176887.25540049974,0.15133328705173446,0.17439659416691158,0.16623611961567442,0.062475326099665135,|NEE| >30
713,0.32058143198477357,0.009341469383766605,0.0009591299252736575,0.005936362690926329,8.433914176239661e-05,0.0053721232657760794,0.055967689118872385,248.04965262582306,31.517937377223948,89.61522501310462,48.111933588956404,0.8952270416556964,54.66263484250799,63.57196930311303,61.23264488294568,371.9564546066428,654.9594209637036,2270.6613664008796,897.0672765758237,120380.16981137707,0.1353091439398147,0.0167448440751936,0.0852123875995559,0.4421521924006624,|NEE| >30
714,0.6377841243836336,0.002965302025377751,0.0007672914369659571,0.00083160903263484,0.0008850944607604793,0.004445848392248837,0.05369572671145517,131.59374715458628,98.50272308536906,230.83627162725313,41.636036073450384,0.5856096733447005,197.30286226150193,93.99043634510912,1959.032726420538,719.1750672335219,1698.7478743549314,13486.889545825201,1676.2978978855754,123306.62230063326,0.07812860657568657,0.02633147494821672,0.23590651108315414,0.02184928300930892,|NEE| >30
715,0.6702073844382587,0.00576148600347719,0.000997434291471078,0.007210394839265222,0.0008226967873499835,0.004162019576319996,0.03890337247312414,221.75577213804138,64.40621024094582,219.95991169396413,88.15332167388695,0.2097453958317248,204.86564411775748,53.80527699711815,1720.1616555965932,1613.256217523139,1503.304717540096,39466.82544910926,1658.771754486178,139975.65925419275,0.02315639302034615,0.15475418918861272,0.15086412194181872,0.001017911410963771,|NEE| >30
716,0.3409862712582816,0.0086841722425433,0.0007993899577270918,0.0023266581199645384,0.000836605373847005,0.007746291707352096,0.030072264758710596,291.733005709658,16.146013260576893,211.026621836624,30.71607026606237,0.5122696178658679,376.5011411628915,28.786913725911305,1206.3708331481919,1365.7477946586423,1482.0176577851873,90161.02406044817,1314.7260807129792,32581.76533677575,0.17859536416806898,0.1890781258001766,0.28450201082511956,0.006838227948353297,|NEE| >30
717,0.3252592800798355,0.0022779008659783843,0.0006207006722007629,0.0019412035523803453,0.0008860989816214434,0.00949619147869934,0.0664680951264674,165.78922305576984,69.76985167119199,126.80217739530895,27.925075381828673,0.9150010373766466,199.03339765931804,67.5683592735571,1285.2442645776655,746.0399959164708,1708.3597129069767,62170.253511925075,477.84746483283567,189407.17964517715,0.16556104296751986,0.0635057876775272,0.23081470720981268,0.21485918206530463,|NEE| >30
718,0.49970221184556385,0.0013039730507481324,0.00016467115554216123,0.005116342460472134,0.0006265899729990597,0.00578826983378276,0.07353705817325787,351.60286194753746,75.61888506885249,321.15757356620594,35.24003390847287,0.16942741095533093,23.74688040173882,22.47025990107687,190.37479266874118,1544.9495529605526,223.982945706878,78882.05049138579,1940.2513196137172,103005.81486338042,0.23286331592626425,0.09110612009227115,0.12708998625376108,0.04923836588213958,|NEE| >30
720,0.5844061633592137,0.00269407404876496,0.00018088813251088617,0.002117008341794976,0.0006415492006480557,0.004566928284899437,0.053256375361863534,144.83939627237876,18.642762645835106,272.5875258152264,70.92721404942662,0.33485038723963334,46.49178979552808,50.542958542974496,1719.122560088759,1530.030159735636,1434.25558709237,94752.87542091993,194.1784008631569,50269.30518412563,0.343541227607607,0.041957327317545416,0.021190091339859225,0.008905190375774663,|NEE| >30
721,0.3586046347875068,0.0070500110534944494,0.0008998334262992126,0.0041578165554352325,0.0003739581749285968,0.002179599341388356,0.04015253784937636,23.02648343705709,92.86649844880736,329.20438901717773,130.00068155968984,0.721758109021522,134.60566056031152,18.119376393619483,892.5445906260376,1236.8266688170265,1796.9490067540453,53168.09591745313,924.8377885150636,54695.12552456996,0.011383282864411995,0.0832826552013478,0.5426840758286554,0.004045351318077887,|NEE| >30
722,0.4794082559120323,0.002752959679217815,0.0009053529500905055,0.004147673253731988,0.0007709171168147652,0.007303141841214922,0.04658812545291501,309.21011218450235,68.01932605929517,206.05423914155517,128.37919201450023,0.4707274911931534,294.9453552537174,17.891615501489763,554.4082788863585,1909.9244238963086,554.8106566428527,98089.3323490132,1159.6005631391085,103500.43747474991,0.14770424243443728,0.15732027840801274,0.06896065005356923,0.1466065731919484,|NEE| >30
723,0.4242293329597537,0.006840998985048033,0.0002711916503823902,0.0015255693239780775,0.0009870141347117804,0.00011227424632711439,0.04285902011470074,94.98613010378729,11.693864448048952,83.21976271661546,130.06137086180047,0.7658454060967383,97.43477834572649,79.62529584878756,1962.9413021358241,74.3123294577965,1684.9789661157245,33265.432764032405,1472.788462029155,149934.40651808353,0.08050182335020865,0.04490958451903219,0.3974790477567617,0.052880211414243775,|NEE| >30
724,0.45708838197304885,0.0077403074143709664,0.0007422237662778217,0.00413710852035978,0.0002794609786504553,0.0059330777913912044,0.024730878462834484,10.045999816416224,24.943044102802673,56.66980644203791,44.92577860881673,0.3205884552584303,253.26737387619536,87.78992395025827,670.9548348950557,948.4451682080951,696.0478107924165,95029.95187248968,164.1437549562025,155886.7900123108,0.2484887098657356,0.03229528250920221,0.12704874236335445,0.13507888328865877,|NEE| >30
726,0.5049350408632809,0.002299830568572785,0.0005802651403061015,0.006381234629613435,0.0001098888505668727,0.008094161807139537,0.03481010047453725,319.05490796457053,30.66284457017001,335.8989615212174,80.66578735918911,0.7974885746044614,316.578521469172,25.596453085319517,1662.2538599599209,1119.2092998668627,263.5032651971479,23260.569799750607,1227.3509489814426,118548.79365825994,0.10897953156294604,0.004372423278549454,0.0039957553739776745,0.3777172489212459,|NEE| >30
727,0.6172149141666323,0.009619943523877173,0.0008302210283277799,0.008239773924592924,0.0006763671881003493,0.0013179389345994467,0.06413024628044911,64.25718384089612,31.42556436653004,330.72610605013534,54.872126132379,0.19654383563405825,357.74143293259255,32.421588782631545,909.4710209037031,142.2580820107973,1823.4345685067885,58753.812142040704,838.8285920802033,182289.22667545246,0.029188131453041933,0.30055528098438516,0.0190901935860689,0.03395147980987167,|NEE| >30
728,0.4565586961135762,0.009797528980639653,0.0006892086357304952,0.001059856756314854,0.00017648487040317518,0.002740369011257495,0.07835369416095606,339.9580363430106,15.176372456746341,324.23525522862116,103.45055023642615,0.46317001183378836,82.91649981448745,82.61800104494058,405.8068121319264,1362.3158791427163,912.3844807101377,12600.836916053637,1290.7846501457614,38652.99679868741,0.2606721942814734,0.13520950851607827,0.0590645159628552,0.088495085126017,|NEE| >30
729,0.6131068856945225,0.008430291387146332,0.0008832951037134357,0.006664336443636019,0.0009536790914963604,0.0047720535909585565,0.07179599657698174,234.93713431210924,78.8909002245862,360.28342816513515,134.40855938380315,0.5908368920906654,163.05455978782902,25.417230064995085,958.3197161081191,1327.8695252198618,1280.982888715806,78378.45032994861,412.90411061639736,151329.5104848684,0.1860292841049809,0.0539482028897354,0.03526604967312971,0.11164957763763148,|NEE| >30
731,0.5400017003919936,0.009480750885977829,5.084354915640302e-05,0.0030885005846751643,0.0004265915123275495,0.0035534768692833878,0.05482004347225572,57.16371784660203,39.1644301535395,286.03072879013064,39.12441303650911,0.4886452126869606,332.0523140028885,76.47518970971169,132.7176371187448,1416.692956817867,321.9037942489976,88367.24937870046,449.17034275945207,24582.917479587715,0.03439857067432142,0.11422389927524496,0.23943698228125565,0.07193884737718437,|NEE| >30
732,0.42729361420952433,0.0067508315433784695,0.0002963880690580306,0.00670210677005063,0.0003138999632492316,0.0022702441926658427,0.07705309958370782,5.6210341899733915,78.62026704549456,304.91246941795373,132.37383907743163,0.5622772548093001,90.95456434269839,79.57760631975053,796.0060349612498,282.95824357732135,156.60384571943223,11416.739738285843,197.09258852725404,147633.43438206182,0.34223216335302925,0.00459931893111099,0.1600939377074941,0.06578096579884128,|NEE| >30
733,0.48730425586663456,0.0017347646454424048,0.0005380084444896919,0.0036257751332988398,0.0003006421180412268,0.00018536127702538737,0.047945688739758366,57.27731113346286,29.757134258731398,276.4609947838441,68.56219338612303,0.7297034560016354,385.355930657479,55.30593790193723,1267.4912519140644,1583.5476949561423,1259.189068876467,89488.15098145508,1203.9243973070008,12873.902786761784,0.1287502513738293,0.32174642162586725,0.009271228736315824,0.05292784239735312,|NEE| >30
735,0.371585574212167,0.005632971883742758,0.0002398624173417244,0.0028433844433055316,0.00042781450266852816,0.007847612860787109,0.04887629235382281,175.48144775537259,83.59895654023494,290.55367009266837,34.364647509689085,0.531005787795783,13.785657992182806,61.45222872945014,710.1861746535383,138.52646635368154,1108.4874518712222,11091.61473742635,366.1542923235357,43579.19689087495,0.07685707433358933,0.34865023010789176,0.13607142271099007,0.06683569863536189,|NEE| >30
736,0.5977148988411369,0.0015916489169771945,0.0005500584422999511,0.006318687559011677,0.00035186465427748843,0.0029170068054337993,0.019787074257020486,169.5024988453791,65.36513538799974,256.68236150568134,41.15755520927344,0.7636943362346352,20.307682781898638,19.83893122158969,1668.4789970827283,1184.2351608320566,849.7108582251745,20328.435269351754,1559.4085003516336,56816.15380886526,0.03215465369080961,0.09583941652666585,0.09168347950355003,0.1826075514378376,|NEE| >30
737,0.3575012589290401,0.0009838505063138893,4.1546277659817635e-05,0.004050729571784786,0.0009541404055824084,0.0005269339845516938,0.06828370544674117,278.7958013683217,15.59247573679642,309.08087230030554,108.3066143380177,0.6706282059196544,338.04948758383017,98.1982308370474,1252.6219241180122,1189.384556595871,1684.4351549084304,66527.72380500867,1864.9003985442146,110489.76485467465,0.03931476841165429,0.12668666250357816,0.12139172048544009,0.3551055896702873,|NEE| >30
738,0.4785708023616916,0.004396946947995943,0.0007979206753732229,0.005803026340840698,0.0008707594930916865,0.0037962324532652475,0.038384130814306625,82.03001817695014,71.9204696054205,205.51382341873284,76.60216710621117,0.1290807367212798,269.03232885872245,49.480982541563286,1704.4794286539427,633.2016401457406,531.0479349362718,89171.00453770737,547.0332206645644,166844.40684832362,0.2692012274153056,0.1941283091086385,0.02760177568842354,0.030497885425940757,|NEE| >30
739,0.37681831326466875,0.00579925745094339,0.0005581238077751626,0.00912903402159609,0.0005283990279290604,0.0026839780705853237,0.06937277561767352,208.85627457651734,82.75353042655993,345.27471995945,140.65888286843975,0.9910605354799478,244.85098254642384,47.88676815007772,167.8539405157805,1528.2823571014235,1732.4049064393039,11883.29880208024,1822.2400657457974,56050.42352354975,0.07703000582813191,0.4549688786930442,0.0908026116862185,0.0003801905279367056,|NEE| >30
740,0.358444024780338,0.007486981427071956,0.0006291763281880495,0.0016497326885370617,0.0001751637666818938,0.007968199986198295,0.04945759947035969,153.08429842952603,95.2657175950219,243.23883217068828,37.26760320399152,0.3561268872881747,98.59383603434632,73.70214602038288,1642.6768360437193,1429.4085270367336,317.12969717093875,80733.50083572332,387.2115058054718,59362.22150721107,0.08385885448421053,0.08324480787978138,0.32840207849754127,0.14605023435812872,|NEE| >30
741,0.4938537670980823,0.00641397502961649,0.00035705748681514135,0.002669442957668924,0.0004061976693854287,0.0041015353199511835,0.037911347600204565,59.34429487547042,63.390723242552816,38.53539754091858,80.30524382698557,0.5339269398193173,385.9300093597016,14.594220005390017,368.0576427747521,1551.2542669739266,1306.9932869124402,49890.21055326831,1430.2487427476551,131587.56441611552,0.13101551942481812,0.04812448526501432,0.06463946154892866,0.26236676666315667,|NEE| >30
742,0.4834972132475365,0.0017453734207516583,0.0009120927351505272,0.006249001968590061,0.0004316874324458151,0.0017744143406216767,0.05306800105292689,355.2621930968163,71.08177139738663,179.52367846929207,144.27412125654502,0.6670934726855409,379.2810025408428,57.02155146164969,748.2615409458712,488.6848440783416,1790.4547579630791,55303.86664086377,1884.0404371278814,27663.149938296025,0.021170066909319454,0.27198928550485646,0.20185220830044756,0.02149122603783999,|NEE| >30
743,0.3384202230305555,0.002686956217451163,0.0004772181901622274,0.0031725223566955838,0.0001169795566607261,0.005125639604858207,0.0643069182783299,53.740156959246875,68.48369708631944,257.94354864775033,79.66217818871294,0.7852391695594219,292.9761700356802,59.4111403477939,240.2164935739266,1241.7765575928684,614.7509379461094,40680.07825469662,1278.2370123423939,171153.7555197538,0.14114629574203802,0.05952763044121701,0.45292198634899966,0.00798386443718985,|NEE| >30
744,0.43726022133550224,0.007157322185141384,0.0006488292391547208,0.0054437611604147675,0.00047906363018783443,0.007276071894383944,0.07210763147345103,233.97117832699385,75.89940433080388,331.3999799309077,134.90983550220477,0.8363395417863477,332.6141167046637,85.16805279897022,1311.958350760495,1581.9075477973363,568.9031153459837,13583.880089046048,167.55558925982598,42940.67337811362,0.31134997325068386,0.01935746602998006,0.029923767693254683,0.20210857169057908,|NEE| >30
746,0.4554078196555802,0.007027938123006941,8.301802833316864e-05,0.0005779633765313235,0.0008684092769496234,0.0018458499872286132,0.07799153647171551,119.00813621121343,12.644701668019232,316.60188991505674,144.06962868726532,0.6547390628064048,116.71978768256903,40.79269947913393,776.813153662774,1541.35200369849,1024.6322044172584,18335.480989287316,319.81024581291825,162496.69396626923,0.1892602481406777,0.0326539631289517,0.2973883766004126,0.02528959247437785,|NEE| >30
747,0.678086570943027,0.004278907485196506,0.0005311411231246205,0.007069442438049237,0.00024206965469431775,0.004763693764081354,0.04513721090893537,77.38835490612779,99.61546789444098,54.62106450423418,107.7190935841218,0.7004619624328312,272.1307315887035,72.93003805271432,1670.5253175609075,705.1577501058246,755.4859996242507,61934.758817905655,1904.0534048972277,48470.168913449495,0.08981538351787637,0.1090676248581058,0.09313445770652796,0.02989596297446282,|NEE| >30
748,0.5417399256902772,0.006669432641667994,0.0005321747898296022,0.0010601991659952635,0.0006540869516030673,0.003296027729426481,0.03316884428266898,113.34510082084478,32.87287287285922,130.91771824279218,147.95770683625722,0.6778190763832362,43.660306319780126,60.96159320072349,1519.8399728170743,386.18150299480305,1880.7177119588384,78612.99780406586,1108.4532158459579,199683.07040911308,0.24310557750990885,0.15510031977265112,0.05134528416461592,0.008708892862546959,|NEE| >30
749,0.5873591154507548,0.007184831226194938,0.0007095877665689233,0.007435360289150385,0.0009363843062717857,0.004102246473515476,0.06060561096829434,274.0678396118673,59.11124130586713,234.71121821878845,113.09004361682867,0.6383970302644606,286.62921906545165,41.78454611308035,1401.6635162614161,281.00375735260076,1688.91366592621,32617.378699321536,1055.0667303648138,28470.575038805153,0.03982745655193546,0.20875019195213537,0.025335305690860836,0.1387279303543135,|NEE| >30
750,0.5890284827770983,0.008230506736942941,0.00020397887273708066,0.0023578558073928174,0.0008352033767785568,0.006451407431306005,0.07369947409258698,279.3471810559044,45.77226689941479,170.516632236859,21.683723915560968,0.7081700998975156,267.28415015147425,87.65061577538398,934.9974736029468,1889.8187712755862,56.58916123005818,52733.18097877354,716.5067383721815,109789.20503396721,0.15767721333104645,0.11528592232612371,0.11243663984070854,0.025571741725023016,|NEE| >30
752,0.3790331289138744,0.00681889026942343,0.00018617751624622954,0.0017524818469681102,0.00020504563727179808,0.003002388297374882,0.05992025068547023,58.61692296680962,31.662713484090105,214.2679444469807,75.49873624925824,0.6384641208787544,308.83740775859366,80.38502317184009,1568.296762816426,1160.1136534191762,656.7404228317725,49479.81570160807,1975.559528000835,168802.16792533488,0.08937407466750065,0.009441230700946011,0.21542980379201587,0.30672176192566314,|NEE| >30
753,0.4340679436109941,0.005680954320885978,0.0007402788337050224,0.00825621219575695,0.0003358847310346222,0.00964428096738425,0.06737295386862638,184.86386773373624,36.5081992633865,186.25174888529784,121.49969797867273,0.4664777138655303,334.5713664021316,27.60824656450305,299.55289874933976,63.864142079836725,1519.5543371975527,62935.94505996252,1817.8814313577104,17513.668169333145,0.008793931672523235,0.12377836612182104,0.05596534661275096,0.3773944119819107,|NEE| >30
754,0.5453178690560802,0.009500410267488265,0.00031296267739256556,0.009156804944223235,0.0007359650809445268,0.008793411792198962,0.06839428448926015,63.73539437414042,68.80154258182843,274.6394377399172,90.9124208997562,0.5483872430048724,195.05625012338422,17.835440867094903,1077.3591627751289,1932.5924786655157,264.2171470085689,88598.49373475013,989.387466439685,38429.6058065353,0.01720555133129743,0.061270087983912126,0.22009816065017487,0.15610833097853538,|NEE| >30
755,0.6392023905390067,0.007101036489656904,0.00016096066604817002,0.0002966616980709243,0.00025171153625697253,0.0033484349034438687,0.06663723236021706,247.66402687266347,82.15667045068555,11.41414125279447,77.8982343672162,0.37927852922122574,340.3231201668555,35.43244953673732,1988.787592524723,160.6290896645038,218.72129941858316,95361.15806193856,1945.4613173925484,169492.37197050021,0.05550812997791163,0.16472862038283118,0.04719711961372559,0.09336373948652493,|NEE| >30
756,0.463862779097991,0.004176437258207218,0.0002925803282352366,0.007817922555185828,0.000849588720485268,0.007536905470128174,0.05883876436495515,43.46277591895835,52.642220601041906,294.79977314429703,105.71883440185722,0.39906566010547345,187.86455099895812,86.48480457990028,215.44489797623308,688.2272929655912,802.8636303218864,22313.88421616638,465.5870575561254,97720.30679474282,0.14434432944189943,0.2105341821953688,0.04354762973107171,0.1377110795336691,|NEE| >30
757,0.5054263323349374,0.004557594630608541,0.0007092504962289741,0.005931854004307672,0.00016888279537240745,0.007607999844820361,0.035927497979822504,364.5863524055108,29.336104926936784,239.2441312998113,43.24340031442185,0.6752289837569898,300.3946416021555,93.15274311452414,1259.8554119563257,476.7074174502111,492.5248222835392,94634.47682695938,1957.2270827144241,166889.06102363387,0.0004530534490146694,0.04297854601921493,0.18770313613628214,0.26343893206055086,|NEE| >30
758,0.5801151529323221,0.004942164848931969,0.0002770323040204493,0.00042079782078040717,0.0002394681772534431,0.00934433924414005,0.041544697457602045,15.310395006802038,45.18601606189759,123.30638166188625,89.18199517071939,0.9100824452308243,304.2394326655802,75.87429253313765,1538.2279554985794,1210.9234175950241,382.80586983915305,1964.241538825443,1650.225670849398,95699.13736148775,0.043380516472179,0.021065310078919958,0.24732050173101025,0.1081185187855687,|NEE| >30
759,0.5256414925356864,0.00843025172928456,0.0009193788384700895,0.006901173049951973,0.000998292996789585,0.008659172156033264,0.05567145978352883,18.886039066906925,96.39309948242892,127.5495833355004,95.96372631344822,0.8941600640684506,243.86124837903753,24.32374848802654,879.8480514515032,300.85918060446943,235.75288133423868,96468.91612179857,1528.8221989666322,162208.0017877928,0.11631286016345173,0.005434564539022222,0.13831250706262516,0.21429857569921457,|NEE| >30
760,0.5884489289337141,0.004091023797827252,0.00039824187585762874,0.005973758327011964,0.0005978615502762483,0.009658471312029595,0.053911571572194436,125.22718722568713,53.1328486688312,299.1565215099706,42.16409948372748,0.9555419237363874,91.02316391946421,12.601869896661558,215.64974182477405,80.9786262792486,928.8395797748793,21656.25856130421,1462.0013226013248,56991.79349672134,0.05712406835364098,0.29598182598624756,0.00013251609857739438,0.05831266062781991,|NEE| >30
762,0.6287361476629771,0.004855704948948782,0.0002898870206694921,0.002184260310037193,0.00037902025912392635,0.00889197076359738,0.04122630570850161,300.98530131046556,94.53460337327623,140.6367670986956,39.56852106437863,0.36880608511715796,182.70080093476972,24.520454931494328,1902.6478334091626,344.87182115460007,609.4370684263496,69049.30042115477,1093.4799590832527,177591.01282511296,0.16153407850108237,0.03719232880021754,0.03812422830811417,0.1344132167276088,|NEE| >30
763,0.39967822862434604,0.0035616546874257674,0.000913867468984442,0.003604725471291273,0.000926393862328648,0.0008854222218370818,0.06310740559724987,247.7016712239257,41.33645704891131,118.55261328708943,37.10108252707052,0.6256654388660624,375.78956899567567,19.69744550612001,1704.382064830119,1496.5752917025318,1157.7634776854795,85013.46139314865,1909.719701482889,102192.3561444282,0.14212464124464752,0.11784921988766976,0.20014555413511137,0.14020235610822523,|NEE| >30
764,0.46288077386489784,0.005819688670520755,0.0006379205070658119,0.0028412255043444848,0.0007828135209896871,0.002586323852376067,0.07564208219059884,286.4844678252089,94.51344805079344,18.46664294389917,61.00120360501639,0.49686573757380376,137.16206131611574,25.7061783876616,660.6632555929604,821.4339255674836,55.06368055717848,17674.715896726044,1854.0432308765278,57638.01324248808,0.16448688043520476,0.12379070552936189,0.19208111934038732,0.056760520830148126,|NEE| >30
765,0.6361436213536901,0.0038786718122048097,0.0004240551353880086,0.0028194693867189527,0.0009355665313836217,0.005499486878101446,0.06478216717612939,12.001475272406491,36.76877514661518,188.81274363537335,46.34901622552309,0.6174164526095007,321.3045616685816,10.072926318181391,1279.941463569776,1065.2314841399477,1763.7904788938642,66882.19180737586,1099.7701137921226,154017.50534781237,0.028834510199458888,0.08320966603618962,0.22576556605924006,0.026046636351421373,|NEE| >30
766,0.5997136498996216,0.006629826232147768,0.0008273699368714722,0.007077898645435907,6.764091082000822e-05,0.0012716818033641259,0.02040953140953607,316.19011852680023,63.0316285488086,331.7435150770795,70.56785647056275,0.9920774380628101,151.7071761471442,16.818714693472195,1446.1170714077325,1362.9397388310022,716.3759357768561,55012.78072339422,515.8537332676685,184518.10255534103,0.2709093420549021,0.03779558906889675,0.04442732505850437,0.04715409391807523,|NEE| >30
768,0.42485812147626,0.008977407665786455,0.0007800914245954252,0.0005301190478731519,0.0003298493846560838,0.006226336440820142,0.037728959022812425,327.1141120004864,12.087749817908037,191.15893630151416,105.91333080076672,0.7762299295871964,295.6897786708778,99.24047663169559,204.37154479842417,411.45644334096835,1275.7636510674663,43475.43149315675,1166.266824604984,57045.627501014365,0.12777804252107322,0.08671584459252471,0.0070571578260407684,0.3535908335841013,|NEE| >30
769,0.3430317759641773,0.005140284224988317,0.0008379472284143669,0.006377014757999852,0.0002785240012950454,0.005665209233625908,0.06399542225052811,121.09924309371542,31.52108733956702,112.53772048285164,137.13185044819411,0.8441148982678691,379.89592166520737,60.91586962105557,1274.9332822370782,562.8067196972672,1854.6006501818954,76200.65799859504,809.7693049836168,35716.75805997664,0.02488438252553474,0.036309316535253176,0.4522128125378494,0.14356171243718546,|NEE| >30
770,0.6538023126380057,0.0021531320347408234,0.000506009565034592,0.007568656472515984,0.0009552654775245571,0.005351179329835762,0.030756537636194237,363.80033953968433,45.002518504558566,155.18956858254484,142.42960224398593,0.5931437096384555,79.80484822860673,10.760187216122647,1205.2609057617267,1137.7385674639656,767.8958696308271,42695.948028476676,270.2957345347158,118817.14407433601,0.09160902269543926,0.007097959121480099,0.05704941223650889,0.19044129330856602,|NEE| >30
771,0.4945202809477014,0.002911019977370364,0.00042689764194588726,0.001925608690038346,0.0004785673674823996,0.004636467133117621,0.026864315757940467,171.8212993248674,70.84251500037848,153.62574646680648,69.31680536990163,0.7707474509641361,169.66102668647054,13.847267027175613,460.3634291192265,1706.3538730555824,1842.641818092449,34081.16344957884,864.4957500049638,125879.55032002224,0.38426983800148024,0.02266981144487033,0.008451099204057792,0.09008897040189028,|NEE| >30
772,0.516494669048094,0.0027904686379999323,0.0005525181355941033,0.0066355641276306925,0.0007212961226195047,0.005959316523119252,0.02288098818743757,359.7477207891408,55.959035692456936,167.31076215727637,106.13973453673306,0.43861263102887454,317.494214635605,22.623853300709204,1021.3793412489365,1801.4128845509144,1537.52173560427,23639.441629515182,227.6974698966609,43573.77338272309,0.09911584422720372,0.05798645188429631,0.2912980705059588,0.03510496433444717,|NEE| >30
773,0.4750076696489455,0.0033676306484563385,0.0008688482412544306,0.0071566645340229796,0.0006595187506685046,0.0017745521314398336,0.0336025039196801,286.64200899756656,52.11152869322153,26.735751915477543,71.55328042327233,0.8938840031443738,173.46552670880914,97.50642637436944,845.359630785205,1046.9761204982865,1619.5329452874705,53496.79815686834,1047.760928021485,158150.37045314346,0.08317990586071605,0.052345056474821634,0.2332137782487565,0.15625358976676038,|NEE| >30
774,0.4257678729544562,0.005282439752300471,0.0005607677761333489,0.0037621243704989748,0.000935712641012944,0.003987515922603638,0.03913413436269815,185.5069580811088,20.35308844655203,90.37019322340106,81.16529375549452,0.3259130602666407,258.35538308403295,39.433599385127195,718.1389828519127,1268.829785123722,455.6102453381549,27118.010486192197,1713.1726306296684,157895.69222209533,0.08851297530924117,0.21621061184594068,0.14279931078713395,0.12670922910322804,|NEE| >30
775,0.5374300251903532,0.0037784347547920793,0.0008743927882367896,0.0010505093695555954,0.0004094024710332225,0.003797793165785136,0.04027911733545207,200.3534180439587,37.347838440579544,248.32617753226293,43.109220347627286,0.25399287975080304,177.8944311432452,93.53167384548193,530.9910384697877,767.9445598709256,473.68740665986513,23182.319692745445,1754.4717319089966,194630.0404310162,0.07997225028150592,0.10083101180772971,0.23022868272383107,0.051538029996580054,|NEE| >30
777,0.3906712519199449,0.001681130834497594,0.0003999684126953214,0.0031164588808418867,0.0002554517375497845,0.00391540469448475,0.025677529229695885,104.99294787783352,54.33115879970586,260.1833348517607,72.53659135562262,0.7224946998613709,259.0933874513238,59.48575735975683,1879.7293525132561,440.90431461381576,1585.9362252431795,99676.20090138167,686.7642011135017,109148.78614925062,0.22942037574921179,0.10752502795164876,0.15662633339382234,0.11575701098537221,|NEE| >30
778,0.4973362257244607,0.0047254836287837585,0.0009556777652960556,0.007620178891952285,0.0005891078287827163,0.0026761389914483538,0.06714082316569486,129.55358578726384,71.21088449235188,125.88236786869837,119.08373378607018,0.2787073847765461,249.32188583104474,87.46750279908588,1607.5385775421091,937.3863140586985,776.657121249371,68882.32020489043,758.5316167119315,7684.052536587096,0.05315534775042738,0.0011477209875055425,0.2904313819109626,0.15792932362664375,|NEE| >30
779,0.3287716785052511,0.0004996012275323938,0.0008721772876768717,0.0001677825406876017,0.0006554166823434588,0.008109109152789768,0.05254492640606023,4.399959461312108,41.46734484000611,328.88314590236337,27.86794575227569,0.6242280999457492,304.2514162657704,99.84869113524012,380.21319608110576,515.0577437765428,1307.465663131846,81324.27822472356,316.8088277205782,83434.53928719359,0.0846885594411584,0.09651812490247985,0.46003405360005273,0.029987583551057996,|NEE| >30
781,0.6100965592043032,0.008510637731609788,0.0005170225185861112,0.002006636817536149,0.0006970677609682449,0.008459608359868078,0.07332738144771082,252.0222903860462,65.45906310079818,72.28854360434521,39.71724729016133,0.26709448848851713,231.68659833569308,86.43520268293699,404.7091020152387,368.103804062436,1249.471800272487,40560.37660290326,231.2175000302566,54907.401590359965,0.03978410710552241,0.12391109804875672,0.13647291216650115,0.08973532347491657,|NEE| >30
782,0.6919599684742377,0.0031315004392044273,0.0003464709661269364,0.0054431809520442504,0.0003291161025137988,6.292327027275586e-05,0.07782778660647492,285.2556933796546,49.27135134521794,94.60884458797273,28.90406473759979,0.3756798443199582,335.3886181357668,50.89868088360331,237.6555709825587,1051.2914087386669,158.97016658858405,55263.84505893103,1004.6757511400444,105930.04012292535,0.010052758610829809,0.13505958697601195,0.09707483577128274,0.0658528501676378,|NEE| >30
783,0.47749917275289155,0.0012753506411333083,0.0009617008381391206,0.0020893766077618474,0.0005727604792452573,0.0051748114002507445,0.062194729025743065,261.0364388537191,68.06656312631722,27.933926478766132,149.84911340176942,0.5540628618333113,135.29541245315744,25.871148768541822,770.423874984602,1806.8296109095832,441.4120026842043,53332.691283191205,1309.8253048161537,8866.25854640471,0.13817961000845905,0.1177199121760211,0.24635689526923008,0.020244409793398258,|NEE| >30
786,0.3552751433676549,0.00362406727545254,0.0006373021417235592,0.0017662052452568043,0.00044429114775437333,0.0032768670953617594,0.04790617725765084,171.3077918460537,40.67129356009898,9.984458665247894,39.7007919820371,0.9652687912896929,276.7505843709955,11.660276068621187,581.6093622568068,74.85689769509338,209.5419535173878,32151.81035555136,1137.6467787558865,72323.0295636584,0.01417586322062575,0.1650190806491451,0.26825632217877676,0.19727359058379745,|NEE| >30
787,0.5406082129949858,0.0063379336954210875,0.0006868322972468901,0.0018865553556318554,9.857799729239996e-05,0.0025720376545817067,0.054864920735708436,245.66307802275716,36.47367947306657,127.92406107534131,43.67247400223001,0.57200257273977,105.70470073344792,17.61168471017357,674.0126050969874,216.19527912878797,923.0414717462205,77045.89717729198,737.0421781199269,82726.8697985846,0.019259387066719338,0.19781061258285468,0.12936028187354343,0.11296150548189665,|NEE| >30
789,0.3180188852103439,0.00028716315107114453,4.193001411779694e-05,0.0011124945296253999,0.0007766094400360598,0.0034689402312029177,0.034763544173143826,256.4528233967875,82.44289237251532,109.42924635069919,33.91347287888683,0.38369306259306507,107.46817082911413,64.63673234979896,761.6300159725699,1293.4263312749574,735.8844642914522,90950.33620350466,85.52177373347722,123715.52569885917,0.2097971271393576,0.10529339913974067,0.30266845351732374,0.0642221349932342,|NEE| >30
790,0.5778325274037412,0.0029673452997984327,0.0008953269985161842,0.0025721182818991347,0.0006205544669157553,0.00028622848268279794,0.07178961912654684,323.86780559640016,69.40835849747194,325.4116384888421,110.58914728645122,0.5959698245168583,232.79902750070147,55.49537084779004,1255.0203779932135,338.9279026318413,677.0660433450781,92849.89232919482,802.9742573619195,64518.93396251907,0.006006198326949315,0.20731018849667135,0.041356456629476686,0.1674946291431614,|NEE| >30
791,0.5361714757443126,0.0024046519220932757,0.0005344427751004932,0.0004812267940228872,0.0004124276243352632,0.003855749401769322,0.019615351942834577,283.58732913647776,48.8406366377659,364.0827648420055,123.86478567263275,0.730302880155129,362.7886095562525,50.04799504408956,710.2315982284807,1740.2958180286366,1502.12923344917,22144.04451767279,147.15604779788748,179282.86801870892,0.11214276839382502,0.23927100810359034,0.05549834836847915,0.05691639938979291,|NEE| >30
792,0.6608223993094872,0.008220418763728943,0.0004025490517852771,0.005874246047959937,0.0008228256909516217,0.00562030444884394,0.048398088331552375,4.7326341196611335,16.88282317346945,114.8468935300257,96.34131710415139,0.554851276433303,98.225582000371,32.834147456238995,171.51398408401855,155.9325156486457,1549.3682358944268,58363.28668765984,1210.1904348869066,82902.04365593835,0.049228761059830296,0.19622256900007146,0.07305789092637778,0.02066837970423325,|NEE| >30
793,0.6603553346258992,0.004537275448715519,0.00011874416545945268,0.007522802693586421,3.992179947993821e-05,0.0004873284549813878,0.0762120673540624,98.85651059277593,46.22214822468548,155.51149256308196,36.11102082404981,0.8401255318214171,48.23716300739412,91.55831846701076,600.2397718821923,1378.1376950578488,1983.1793763538767,13011.24487626341,610.6304122363148,67211.18779937968,0.12228597396184127,0.04007852531292286,0.11229712143441721,0.06498304466491947,|NEE| >30
794,0.4530301328990267,0.008149661421092585,0.0006153962540453073,0.004998952290001017,0.00015469245018025449,0.0043633642882128995,0.045705131163507356,353.27028386176295,83.09757939879287,98.1097228370091,108.35738514004603,0.43528915795612777,385.3142007955361,33.0804945975498,1209.3955803228587,637.7081318085484,561.2632188484502,96285.96687303779,1799.8398621710855,183660.31765257934,0.09099610447065244,0.2613315830802939,0.04128285261003632,0.15335932693999066,|NEE| >30
796,0.6727679629311003,0.007278992684293633,0.0007809095394786469,0.0025674210280018663,0.0004218855657657723,0.004376817907362639,0.04533500830411777,3.147024537710396,39.05971564716497,290.15742382718275,126.5969783250465,0.2909474565504206,145.80718905390702,84.3398891634165,802.5282459513196,1153.1724503402754,452.3162716724434,50525.40732172338,1734.0764136184519,135159.78656086,0.11493564908302453,0.058667334537557896,0.02109763907348375,0.1325314143748336,|NEE| >30
797,0.42192406411793826,0.008974728745938906,0.0009907258693926274,0.007366728167196154,0.0009776640737132886,0.006592874232846457,0.020896880403543705,331.4109857634596,64.04205146614991,240.15850107445607,136.47680458212304,0.594332610129796,16.655061221537682,63.46513709624765,436.0061379525207,1276.3297805947425,1840.9843906097146,18207.088754722976,614.0935107511878,44631.56817855132,0.10118082204217839,0.17168194040808737,0.20096819607867164,0.10424497735312432,|NEE| >30
798,0.6884383750383811,0.0037744867836774607,0.00044124055675393004,0.0010347910423362885,0.00014133843610585807,0.007704175654546466,0.03491368005382973,292.88359314276846,59.48684285465434,142.5186708877507,141.26621333398646,0.1620913451878666,23.06284164767057,86.79067561255134,1447.718914826051,1512.3204973573397,427.54338892469013,42759.57119056806,1348.6315203026256,124564.11467108534,0.07088936970714182,0.04248113580929979,0.1538304215058965,0.04436069793928077,|NEE| >30
799,0.41834868337424463,0.0032370697839061847,0.0009707469971670665,0.006931382152447444,0.000581429670195617,0.005535236866323372,0.05983789302816875,147.15466192531275,32.896550354014394,310.30579963687546,94.19300300207406,0.502082660555758,74.17845606045705,25.658494164321745,1885.4156090553518,1082.2493320425438,538.1170533511748,56206.98717183964,73.63121303135978,90419.8743059664,0.019475295441614703,0.1583337029664121,0.27653454278237977,0.12730777543534869,|NEE| >30
800,0.6201318025930305,0.00572243221716592,0.0009543469974072858,0.007440891178641834,0.0009642070938728239,0.004840495005797765,0.023873357823071525,186.15267744208566,48.26168243089109,356.2195083616006,74.77370961050433,0.972471355291822,98.87112302347732,70.88224491411867,1751.2941202425768,775.0995023890907,1463.1802653168281,33037.83786412426,1921.374355570264,152025.5531769613,0.13922655681487972,0.18168168109985885,0.0006390754038863585,0.05832088408834464,|NEE| >30
801,0.49127449604966655,0.001815896706435597,5.571998449228126e-05,0.008646688122594948,0.00025923474538784255,0.009833616885769409,0.0495224728524996,165.94390519983423,43.99030936793033,138.41657011821897,111.26154205224485,0.8677137428915763,164.8164673760927,11.024471051279017,1573.570699464583,154.5962298324706,1057.7961566667911,90068.39780791687,496.0613207459038,162242.9431646036,0.1619108716903645,0.03098266884400923,0.21298906551459174,0.102842897901368,|NEE| >30
803,0.577796142388113,0.007438794228350831,0.0003263139372186445,0.005227481051887779,0.000349360006305119,0.002572847007271076,0.031686160099186345,157.00591419606573,34.136176506108235,317.6567885972143,141.1692929677102,0.3173608365747519,252.2354197565004,84.24702660883814,1828.745108732606,631.7918260490997,615.1105049462409,17516.90275386209,1120.9697784525752,62703.01276870258,0.13040784565559366,0.011444020361097455,0.22084041491701706,0.05951157667817883,|NEE| >30
804,0.32296617612415685,0.005662973854983165,2.7593664544273138e-05,0.0011902608698599925,0.000673906287697149,0.003315038444570859,0.04714772910486598,218.5697957582322,58.343247060730775,257.6420211002369,45.1778969729876,0.2830382667516991,319.85805821243133,98.20219687794695,539.2893096637783,707.8620234199778,1841.2910376965738,47643.20563173031,1740.3796779620911,117185.25352604565,0.03512853588875547,0.32954797225336585,0.027799729315129224,0.2845575864185926,|NEE| >30
805,0.4822326643731619,0.008911560127268238,0.00021294381727614278,0.0013848257147580972,0.0009125855928243646,0.005547472399594309,0.020227160631867087,171.31881300472392,80.64588610610684,260.2490398189506,89.29809174045207,0.8432933395946928,192.93288625799508,28.836739113559315,1494.4086828654736,1374.10037555785,747.1966872258346,48969.39030058303,1845.5580757430862,174108.81010860435,0.09447008037453206,0.10532500279555365,0.046141160491480634,0.2718310919652718,|NEE| >30
806,0.6496285427172076,0.002219373798534334,0.0008071490572724496,0.0015296045498689513,0.00045311697268081923,0.0014314704108888251,0.03269738191780799,233.0755767502784,27.35166048784259,138.10249838065945,103.36056369166435,0.544179980660167,383.7315875245666,26.30198299524412,1005.305088621427,227.31519401362942,517.9497170375478,6442.541444609823,1208.8018045471306,35723.86698128051,0.2215720148859739,0.02072931197132249,0.1073115192733814,0.0007586111521146368,|NEE| >30
807,0.6249383159168322,0.005924531600987257,0.00030625706527275497,0.006477253651119308,0.0009075513629594709,0.004145748698676472,0.055710345770298444,355.5242590006785,32.966346276613635,134.21483044239736,66.61603946957888,0.34468901112284284,56.46850704046951,54.693530648030894,1247.7227989050914,1583.8210603467808,1304.2823193919326,42578.712970194785,75.29396471265196,36086.36769277381,0.0030702445151719847,0.1402913426163671,0.13017325876041672,0.10152683819121198,|NEE| >30
808,0.43542267610535185,0.002083204948918584,0.000682035452805834,0.0027697884268490553,9.975326510527087e-05,0.009224043792210425,0.04123815670442109,136.82453206178832,69.75763780346672,147.56940230812287,90.37042806237166,0.9901103773658114,127.59470712157706,30.503746441914146,1276.0114493202584,417.8641090426902,1626.9928319728958,11280.268967480642,1128.615971703505,125819.59519320224,0.07577294483893429,0.06560008981852218,0.23976805174311075,0.18343623749408086,|NEE| >30
809,0.67666311710036,0.0025960794027389137,0.0006593388409999298,0.001020687731537026,0.00024004898840790254,0.006320576504429025,0.0354126471182997,145.19038978089642,50.747114788346266,24.063759078898613,70.13413180181044,0.5298220970982477,114.5641644216649,45.37455962995652,1064.6610134464781,1889.312440813503,1158.4142586992682,96088.95293462514,127.45358771135933,102592.72552063571,0.15574239839453077,0.05919542837775059,0.03618128535052118,0.07221777077683744,|NEE| >30
810,0.494223387266179,0.005739862259116851,0.0007878030714559413,0.0017618315997197716,0.0008568938144169571,0.009977003746641936,0.01905659849515563,291.1056013298812,38.52161931961565,68.52664562826192,105.69557646746989,0.711605415529163,156.24995886020957,72.21346933595872,1185.122692438363,268.60893619573574,593.3149127583519,92454.34212317795,1994.1882675509014,156832.11995242487,0.06804120582772456,0.14754779867009377,0.24384001361879562,0.046347594617207055,|NEE| >30
811,0.3727241082581498,0.0035590980699316418,0.0006027576935851214,0.0016437896555963271,0.0007134720797027418,0.006287789489632613,0.04674205850456492,341.8789569868814,85.63537584097877,309.7951957742718,102.86988957327046,0.5691829023566197,394.8322839645348,42.565019308016865,961.5124797945531,1974.0846271194487,1314.3890840535284,75214.99285190446,1183.530888188193,68653.58605734401,0.3740578602446012,0.10690476162248785,0.040171822479686356,0.10614144739507478,|NEE| >30
812,0.4840571623530434,0.004337302001523637,0.00011967140001599959,0.006627791553343817,0.00021718805685787948,0.0060761963005765566,0.06327010614101457,111.46297822744128,75.16243756345557,301.6145769281133,114.52420775011849,0.5214577550742021,13.81474440731024,32.20199711805557,1083.3646411337913,618.8903927167366,240.44674674801655,54720.37338703001,186.25230064281888,125441.37139759237,0.05747064116602189,0.060895020806042005,0.053526236831263854,0.3440509388436288,|NEE| >30
814,0.5967132789481391,0.009499268392613764,0.000753727460927437,0.008949183232536111,0.0005962299682116743,0.00020074380912729834,0.0439760664851225,116.12313263824534,93.01335489692252,22.00372209359718,33.22514814328142,0.3361068594684363,97.17083557271373,81.4880491722904,469.17229254826873,1063.7193245341937,1443.5409844127428,87881.97044427486,1901.7637224466139,83395.06799301013,0.16837376277539748,0.038008039629452296,0.04367433568046986,0.1532305829665413,|NEE| >30
815,0.3568240474098918,0.0032208950802675644,0.0003264944588404949,0.008972480133253913,0.00038342671858684164,0.006216174023637552,0.07115780533872582,8.959217615287663,78.5114251454168,311.0412352275164,63.47406220441856,0.600183133581856,103.47584859067645,23.88913852572769,1047.4597617770041,1262.6565201896751,1298.265690300072,6629.261122154527,1110.334738674189,123214.51230050634,0.2547429342441148,0.22992493087712942,0.10168051427764238,0.056827573191221586,|NEE| >30
816,0.6039168356484845,0.009508728011859733,0.000336767562608746,0.008479989628715205,0.0006159309971208175,0.00707562208372088,0.07193317780553499,257.0516334530355,72.5145617104601,253.5011302954326,113.54359016448997,0.9814669400506205,71.3618717312016,69.16018631250678,1358.3886409792203,574.9824633826133,1250.957532778652,20967.604621418293,1451.1153068615965,109512.63155062082,0.15777181875437946,0.08006427746954198,0.0582573757851248,0.09998969234246924,|NEE| >30
817,0.6962533770430288,0.0030587632178185136,0.0009318965299818775,0.001917700315345245,0.00016976282908895402,0.00688515470774478,0.06360723715111326,51.70563729397523,46.8172592241721,146.29881627791596,45.625827945015544,0.2794601774360894,266.63940602063735,44.919455047617404,1757.0086158731815,823.2979993063013,1624.6729156614413,50506.89303506554,705.5230900314543,121306.71731575081,0.01825783764531067,0.0264876554774515,0.11044667256318176,0.14855445727102726,|NEE| >30
819,0.5247676537689681,0.004927475872423786,0.0009005643156160913,0.003908083417461313,0.0005779416100784387,0.00807206793123632,0.05920102496551134,141.37393391307674,88.50396160318837,309.34794312345815,149.86063030125612,0.7343092706651922,74.51433019593915,98.67425044729335,1130.5176362389143,1311.0660903729465,1047.104436906902,25959.259379624058,1569.2567061403822,175136.26446792524,0.15451978740642464,0.2214527311792749,0.06879922111418087,0.030460606531151607,|NEE| >30
820,0.5502978274704329,0.0009501429946346473,0.0007359818213325218,0.0043181023632970226,0.0007011698560300896,0.009374154328406088,0.056742126491511974,240.27389380928818,46.40746088826276,312.76358323167335,142.76232434120408,0.6701382503440981,131.9511087382454,11.37524839851708,436.28218831482474,1197.8357144622814,721.1546863241266,5336.530283541053,1331.725602116991,81157.53100332915,0.02992404839370854,0.23332625182834907,0.1720509812537138,0.014400891053795812,|NEE| >30
821,0.4256250780987505,0.003943572012627249,0.0003930297785323908,0.009434553873116057,0.000969916683245707,0.003245763861657188,0.026664212011745445,58.127456669865225,75.89601013643002,247.33836553552226,92.39011279852677,0.5174294563543348,26.806327512911537,13.785551304067264,1156.8397790785616,1424.640998998397,1948.3749565282526,84514.18075895513,981.6692052866293,173394.28140332788,0.07768549984278826,0.25394962590827574,0.23624641844980773,0.006493377700377754,|NEE| >30
823,0.41348083169377603,0.006481735297300412,0.00016808776998069054,0.008094492440587873,0.0007838613002198224,0.005464035826245426,0.05532175856204609,271.42683735273283,91.61229827370897,317.04749583154563,128.39194562863693,0.8706593689916758,135.20798690501368,61.616395055679185,657.0701487630346,1602.7728630171275,205.51054400788013,49082.938160696314,1340.4365609720574,12124.635559495397,0.1821371272187249,0.31088745728696143,0.028689603731413844,0.06480498006912386,|NEE| >30
824,0.4006701046398254,0.001937788656477452,8.916359342817249e-05,0.008650918468944644,0.00011409601014686317,0.00572372451365003,0.051134977558322345,35.29833909218218,94.69135282187652,364.10181049939183,141.981539773872,0.3124988125165224,301.47022468689624,11.588505041490361,681.0249208114894,1780.9550418472688,1640.0117057231237,38832.829288130015,1972.3651244178843,184674.19359150506,0.10208670931315238,0.1818005748663088,0.22238338625027546,0.09305922493043811,|NEE| >30
825,0.5651972394379612,0.007659975455479526,0.0005476550446022924,0.004074559365302976,0.0006783827485542851,0.003955855193013161,0.028903772962024125,78.44683285870194,90.46217862067417,17.54600922873659,118.68945411320314,0.4534760035442883,12.483285398087922,52.891415070477144,152.20294384165058,1367.9813150394166,1906.2317774897683,31293.85410203273,857.7089274371815,173402.1450523322,0.13430520568235715,0.04199548204313454,0.22858026333522075,0.02992180950132642,|NEE| >30
827,0.40633893461677334,0.008646947582489692,0.00019073117584586294,0.0023209678826977454,0.0005973134576155388,0.002407427375086832,0.04233620842306193,40.55160527142524,41.579617467501464,363.32369722405184,51.26916616835912,0.65678928636932,208.6783643281853,80.59533234585459,291.6425088233516,1661.8094058611102,1113.444963535679,7375.639773984512,602.1961172900085,62221.667719083336,0.032924068275230846,0.2966784064068191,0.2151766854296126,0.04888190527156403,|NEE| >30
828,0.6024165795644287,0.005036835352893569,0.000567072314013475,0.005312492345515543,0.0009519424584788697,0.0039972537008319394,0.02744318486976688,74.18223112114231,18.494779039162808,239.1694144533,98.8146006406223,0.6435925077579853,333.77248326159895,58.75226987576915,834.8550521884838,535.2115392565821,1744.156003702718,45424.876801572325,1765.7659416748797,176085.90225308973,0.12614331536833767,0.04559672189554092,0.07773928853631798,0.14810409463537472,|NEE| >30
829,0.554833328319565,0.006068937297643558,0.0005145254421020058,0.0032384000424475305,0.0008414596865332919,0.007912767021971192,0.06761390733556756,171.87217707890883,62.88066863956653,250.80522124885772,62.637867661187364,0.7417116896777697,399.7952554399567,85.49559842405758,1245.6460930052613,1911.419076343815,1645.872473574156,809.6263868099666,1945.9112021145513,124382.13710839752,0.05269412180175977,0.04734610697158603,0.05022423887361663,0.29490220403347256,|NEE| >30
832,0.36369957208529796,0.005897639316854749,0.00021876308826941385,0.001991043053603467,0.0008909185293543948,0.009472386581006848,0.05435333251971321,317.9081408881699,64.17336650661153,263.63205283869496,74.93067372807266,0.6655398879511489,288.24946667788294,73.9803260405887,316.67122919084403,500.65818184112015,1121.2484714879156,10628.421780065619,602.8029665008445,38153.37451460023,0.00286202737135225,0.36691321326475884,0.2137598630721143,0.05276532420647661,|NEE| >30
833,0.4758982560088175,0.004334253591058044,0.00030255636732352906,0.0010829921141213567,0.0006975314035289994,0.0035064342673046794,0.03230099508936781,193.95387120658825,72.39753818873211,266.77136207583715,110.88900088667388,0.7363133158639981,338.6639726478119,58.51980875857481,1066.53027250117,1593.6373602212088,313.5101808969658,80602.26286405289,218.87825758615463,126499.8905079328,0.028944879860370455,0.18843536868757368,0.14576902992432428,0.16095246551891396,|NEE| >30
834,0.5299130639233526,0.002313223107825093,4.21630837279305e-05,0.009559196537376568,0.0001915916750186106,0.0014664909045299952,0.019852422348423826,157.57679467363093,44.798266159716846,349.8866789985506,102.83449650495135,0.7091815096161425,212.59484111596515,46.64752834813734,1405.1359792164467,1611.0280933459119,1252.6394229387686,61777.31338300021,398.52535018419627,99521.91403797266,0.0019693446357547714,0.24824736241966175,0.007937582797548486,0.21193264622368244,|NEE| >30
835,0.35810608067585437,0.007385397679240951,0.0004468517981482842,0.004036182620926059,0.00035269243225315774,0.009279731718603206,0.058207228054062976,345.5551017878283,92.93532685561802,125.72450594319105,77.29276843375568,0.8745332834758208,171.57835263085076,93.19467538402934,1326.1605522605723,600.9980858519107,558.0450681408353,55916.63440652734,1215.7222430047696,116596.6091659186,0.02704667642969453,0.44086446061357937,0.131759768314058,0.04222301396681383,|NEE| >30
836,0.4795782491997225,0.005072844823476493,0.00023665320954278086,0.0059142741493443465,0.00035005221288180653,0.0071712999208709315,0.0665224122543676,10.161457847330334,46.466716540672365,299.26861843618747,38.06331059556177,0.37669747208337917,84.94729528898762,47.132229398557314,446.2267543614413,569.0122760651944,1975.7913637355923,77305.075588633,943.5896966957934,157225.31487296132,0.4726927308980225,0.01773637073198694,0.0021228038237423967,0.02786984534652576,|NEE| >30
837,0.5778617323389161,0.0008623336371859933,0.0007642545458915298,0.0066067281997529365,0.0003076059715205523,0.0077035562500170456,0.02276145188948807,210.02938057075744,28.302865774482783,251.2181140801046,70.46718597357247,0.6033399120370072,118.77304820304676,46.796439776413465,1795.0118646042263,449.79077719215275,1520.1975015764192,28040.090139535205,110.11065580370725,168910.24614266356,0.055779185298754926,0.13058252890314975,0.005022637008835933,0.23075391645034324,|NEE| >30
838,0.3750855479456034,0.008060644766190004,0.0008802413825599009,0.007887103180259217,0.0008739048741098744,0.0052440553754000314,0.058365166433838295,214.99099651391555,23.68666433325303,13.701953831858953,30.368819057479875,0.20159567728127264,91.61174492500692,76.502318359121,1288.5112525926604,1895.505632295374,771.8224603750068,39051.47994187792,552.041831929033,196134.61051716816,0.014219640156557665,0.028054380770402204,0.36059286046481637,0.22204757066262032,|NEE| >30
839,0.6888755930545252,0.007846340376448581,0.0009337599113512354,0.006393695820546351,0.0006976827580291245,0.009036856634974264,0.07499382989095132,14.59969274887875,39.18009915487745,342.05010270793474,25.41207046621075,0.5280177660020016,199.94853295315738,36.55026879145284,1474.6488075426494,186.50072997053988,477.2528212081499,98641.7278983497,721.8047377707414,176182.82760384027,0.036832876380928754,0.10778455554415849,0.06549924056942784,0.10100773445095976,|NEE| >30
840,0.5150583031789044,0.005727616129736359,0.0002100208482445859,0.005925073012376736,0.0005677331491768559,0.005410135440968755,0.07617776173092904,15.00634807321405,33.99250885637579,113.20052014815784,83.76134797101066,0.48149802340408787,130.64286859239274,46.40837254899303,81.08525380408055,896.5726580701031,1008.2240048521045,7391.197816176001,1392.6433484116137,70821.50314875274,0.21416793171257753,0.08764631356906843,0.14125738856548042,0.0418700629739691,|NEE| >30
842,0.6196558998469843,0.005378411544341607,0.00033825901264158503,0.0007304009666632514,0.0007908280075787411,0.004038848990465006,0.03540599506140177,304.38573249821616,34.95868895014459,209.97437745698213,46.6109807872754,0.9866075627970937,91.8586762468196,83.2705199163879,882.775859778456,1920.5240084849365,1804.2597077482749,35717.393053297405,827.3148570473146,32798.35009563879,0.24456226469254017,0.01513658165133591,0.006107625110332617,0.11453762869880697,|NEE| >30
843,0.4226701641789128,0.006863945210960816,0.0008675434619089538,0.006446560552903658,0.0008098282708052344,0.0008044119937922699,0.019554045722986284,136.10991204661073,38.181012777975674,28.255665236456778,132.38073679877255,0.2185199280874875,135.64389837666198,76.97594259028253,1159.9355211055295,919.56688057364,103.32975504437091,35767.15307190671,1108.900733420882,82181.99754044246,0.1523579978633787,0.13457180355712267,0.27828737457471336,0.012112659825872375,|NEE| >30
844,0.31234800130603346,0.002327320079109204,0.0007020150906186971,0.005200845000653483,0.0003606859894585125,0.0016916510435885015,0.06320341603534776,210.7060072496451,19.70715426018198,17.170337834640943,148.50314137778633,0.13319615165153542,309.64706450797746,97.76995227418118,1509.7431163587962,1580.508369305654,467.6157691686777,72040.89545548255,579.3788206695253,29145.34547552042,0.04443609761386341,0.007109678441924873,0.4288352008821052,0.20727102175607307,|NEE| >30
845,0.41330242523453975,0.0077621135059963734,0.0004471468079628555,0.009514941774710453,0.0002666326858633923,0.009766674261013198,0.05876545140994077,146.41021979995926,66.9540901549808,113.0063755640309,61.060860731039554,0.3921983639277695,82.97071579097911,40.60075938245431,1638.0075244043621,1538.4482718366157,1661.0788809757119,30083.351283169402,1719.6845982399802,31317.10177452195,0.08355218852285319,0.3763315965806441,0.05113787437284187,0.07567591528912114,|NEE| >30
846,0.5283273349797256,0.007467788342026529,0.0005887737986552772,0.009495136668918033,0.0008580748691614938,0.008737291384821528,0.02464164088895031,328.3252744387448,76.31571956678741,353.5702877439095,113.09094582517761,0.8740511089809189,154.04456518191392,69.55494070858134,1255.6648303637817,617.8505413488108,1616.9260158563154,83304.60417599835,565.4073685482737,196549.140482147,0.07242882416720431,0.32974187889123185,0.01781249370447785,0.05168946825736038,|NEE| >30
847,0.3503557508372966,0.0026763890848560496,0.0007869756659351976,0.006539463087655939,0.0003695468443359879,0.0035201129377163904,0.05105278027938617,104.87644409466226,38.232777774831035,26.666852461490333,56.97637419679824,0.7654197250939327,18.877498611957797,11.599772970961702,888.1587143679792,983.9716709636452,324.168610374382,89361.77829818471,380.26870954888994,86698.37858726154,0.2313553049627262,0.0527909587976001,0.08526723173929589,0.28023075366308137,|NEE| >30
849,0.6721464185089201,0.0018662875053386686,0.000474996928677663,0.00573950733835466,0.0006849083653083671,0.003101297815719262,0.061349269436197534,299.47400457683716,37.96866271727153,304.98547239134246,102.86903146678645,0.7507198156225131,143.17614901076902,92.62821797353634,579.167641814971,1047.891411613107,63.06062847461847,41370.2973007625,616.4167937652289,63625.283509445704,0.07518368695143375,0.1440707325393438,0.06009355714274782,0.04850560485755457,|NEE| >30
850,0.5963069468607991,0.009450381910434173,0.0009514700962572882,0.006674163963622108,0.0008872216381580078,0.004577550336144608,0.059977547407398746,55.48729420966464,31.323507205061855,48.846266035151494,127.82691474624701,0.7574975868210423,256.12685446927424,10.315878679991133,1634.219169066306,1718.08521968898,930.5413754066519,30554.092790765746,1018.0247856068141,170926.71072419675,0.09918777362712447,0.15891864618726773,0.07020519166737238,0.07538144165743631,|NEE| >30
851,0.5242475391775584,0.008027281870468047,0.00021527869809893888,0.0077427164810254115,0.0002076509745873455,0.007057834156176465,0.05906635354406793,226.84700855233368,73.72294517213749,98.50478383301123,108.84311838038379,0.9577380631116661,138.50371137785137,99.92406265553232,809.660179640482,1289.0319184403913,820.151887062964,74495.72875579729,484.84168234873516,145261.4634145958,0.18966662245538274,0.1596724543195477,0.07094287845882437,0.055470505588686804,|NEE| >30
852,0.3494041286806909,0.0033472009902359287,0.0003384977653315221,0.006049130863719482,0.00026003709118028936,0.00556100753578717,0.047160999205297253,284.27942896561905,79.38986155231966,235.87353031453176,44.28826387105674,0.13448230171775305,127.30129331046302,18.793832657353107,1421.5261664542354,1659.4521619787959,328.82779542160597,68928.00739467322,1945.6261530437828,69810.46372356467,0.3426125253774244,0.043616657086782085,0.255516709823452,0.008849979031650593,|NEE| >30
853,0.3055645943874226,0.006620521597406728,0.0003639553673197008,0.004708884590993436,0.0003765580037453849,0.008429381421900051,0.047753347799884445,110.83470229655339,10.300393362791496,325.0925985662699,56.493183894812454,0.2438668606796795,32.283046050012956,94.39095382555642,817.906726078923,63.17374029661553,859.3163712897019,39115.02476850665,1700.2516798279344,153594.70525838004,0.12651329688599533,0.25859990666986404,0.10023565957627363,0.2090865424804445,|NEE| >30
855,0.4495647969298925,0.004310546147527685,0.0009222708499604041,0.007993269719468173,0.0003702723296603807,0.0020331208037193175,0.025145768837275533,145.00615815062537,80.48164639173616,91.68348075818824,38.977626855023175,0.1914879852669777,131.17078811494014,49.62541307583923,1142.916180516187,920.64215958599,479.2193108794956,97436.99034545025,1744.1488863467932,121066.35311430416,0.20565598120269865,0.1529740630800509,0.10848558614849119,0.08331957263886675,|NEE| >30
856,0.5634665120151985,0.009568609875447881,0.00047514481954580404,0.009280436608313923,0.0007287037833444608,0.006609052117993236,0.07584196788116578,337.8283712893586,24.994617454687717,363.9214083952012,42.54564606497279,0.22055370166856803,219.8659425242308,61.93507120191136,360.7116197599658,1892.4187902285735,1688.5476721815403,7887.761275522512,915.667140794417,171463.9493793953,0.18758274154232674,0.12851274221907238,0.009184012938837334,0.11125399128456502,|NEE| >30
858,0.4045201398568266,0.004295343606486761,0.0006403782712747541,0.00806952526347767,0.000584884271498481,0.007183819475786134,0.06583223020426687,311.8715855607664,41.653012250210885,265.57600259788074,94.69740687647369,0.5047859987920871,165.76792230288797,55.50154860712758,64.77128555370885,481.7280261344964,1455.798397829369,86481.37851019231,644.6557548368922,37248.016317641086,0.2509976886143346,0.18230786268063642,0.049319440483369247,0.1128548683648332,|NEE| >30
860,0.35963399799011025,0.0038263022946085443,0.0005159817632369623,0.0006968493594002242,0.000982463959792334,0.005151045557830833,0.02924474205736856,103.91702083557942,44.55002135454799,307.4883802618327,80.07194594847505,0.2985029882594117,231.44739938253332,11.441252426303798,312.909201022524,295.49811374403095,1029.576244366819,88068.54032580608,1176.9800743741903,144635.28079309568,0.17694721127012517,0.03188153590692858,0.048075383002745053,0.383461871830091,|NEE| >30
861,0.4490843070713084,0.006122731123286362,0.0006496940722852967,0.009455777877604269,0.0008921123188807321,0.006547106428837233,0.03523801245967334,153.32730352112742,91.61404990882681,214.3339694623351,114.76688337278112,0.24513372479648082,264.9501120146858,53.89001924374458,1002.5999798400577,348.23192001474763,1373.0948188064963,24384.444532542017,654.0876951411868,37239.226029932885,0.10303841495972087,0.028272889125278432,0.18691628892274548,0.2326880999209468,|NEE| >30
862,0.6445353476649696,0.006680103165875424,0.0005231294562891366,0.0021814436510252206,0.0008121032286951788,0.00375641072463751,0.04667265221334629,278.77911750868327,25.888303989722615,363.12248148415284,94.74877041097142,0.5977287729764367,250.30097266073636,84.32184464740439,361.5931235658086,1326.8081131392396,1538.4747895781445,48418.13378993007,865.7920988217114,96412.52157809364,0.07852836145727692,0.0067474344429078485,0.026790302567373768,0.24339855386747186,|NEE| >30
864,0.32915301717814394,0.004778037034524909,0.0006544528753586452,0.008106617602481589,0.0005015935087317798,0.00855839690762849,0.06795705938493475,231.20851590655872,53.14089451024578,257.50812039014295,39.618826696617646,0.1313477629783777,41.933385563515245,33.195357740677295,368.99987472945895,844.96750353646,1761.5441144421293,42404.890883242544,1140.9329198386754,44856.479869833245,0.2160905333619277,0.33565693561136767,0.10467169651752771,0.014427817331033023,|NEE| >30
866,0.6562107881289628,0.0023510656433388282,0.0005706772617178656,0.0023721443190210874,0.00015831793725708157,0.007713720896460952,0.04405894543560604,261.61087181705864,27.34550209280858,320.9572615048059,110.389878863187,0.832937124188176,36.63132203140806,28.19869399332705,1223.7919419623079,1766.5145592612846,233.18818726608967,82624.8602663648,447.65099552005023,69463.88151797286,0.009042341980462935,0.049639327318204966,0.23475953942079758,0.05034800315157173,|NEE| >30
867,0.5493795391414071,0.009144886896451373,0.00013947536797556532,0.0066998270434777294,0.0005928809375437172,0.003078189798053759,0.05408385404130475,56.193043322963184,53.884557010730965,305.08246542996125,41.059158126123705,0.7162338807084793,58.34309383674337,41.47850022266555,810.8478946137726,487.77460436638876,778.9311384488681,45426.86436359782,502.1836179255417,195176.39230525828,0.07343117486095369,0.05854081096309765,0.2574933869569058,0.06115508807763566,|NEE| >30
868,0.6464670396615159,0.009876572975316937,0.0003226420799040653,0.009359377220759213,0.0006027834916995011,0.00608452744287395,0.03525712324343793,89.70979542978998,48.4489855243089,182.75577306473141,50.50556012159147,0.9058425896980755,354.10882320181634,60.55108476623314,280.94258526201213,1883.3652725009201,65.52155070334771,13834.962218555956,1546.4041896528772,86121.66987226791,0.016808499041110366,0.28699993911924304,0.045736678616041096,0.003987843562089602,|NEE| >30
869,0.651868484459104,0.007524260663874551,0.0005474692136491948,0.0015394023594646731,0.0008607048122070929,0.008098954786071004,0.028058108462174478,242.69283456105035,99.53383637525577,134.96026283371611,149.0268234491694,0.6735880858596175,65.0955739072675,53.75514027756685,969.0071246108844,318.21065297025945,1687.2929692310847,14187.64572697636,658.4914973297816,180455.0432311765,0.02918058786890123,0.19817786620421857,0.06922357792006338,0.051549483547712896,|NEE| >30
870,0.6486469762350847,0.003150853547674087,0.0008418283342613596,0.009131627738284845,0.0007387754372172445,0.009465809034710955,0.04222820100723626,330.3017079057047,14.892876417260048,211.38196649253743,62.43129465889839,0.17807924794327662,138.10851269211213,60.40146722132675,278.25592803759616,1653.249789325288,1586.5128617028681,52520.87242426317,606.6464419902377,105592.58957462331,0.20576094794643912,0.016038233412950156,0.024724457124624333,0.10482938528090173,|NEE| >30
871,0.6622253111247184,0.00282175639555054,0.0001093651177205324,0.0048283547383785996,0.0005439479158990099,0.006627587796385296,0.06120614894964582,345.1086756380632,88.8743223735208,359.74118669329454,119.33268996456512,0.49783410539194684,393.27121232389715,37.34896076007054,202.7585322388056,634.5809990177438,844.7058390607377,46622.23840030263,1316.9282787502643,173202.2527309666,0.26840669954609636,0.018617821969103072,0.002842976861650807,0.04790719049843134,|NEE| >30
872,0.4104278166421222,0.008672518400317327,0.0005467802701478202,0.0009730319631067668,0.0001953944232221498,0.0020082147679515287,0.026697045227649527,84.30100527584942,36.3468047130765,195.224443136806,106.70140448214418,0.6227386170447231,280.3532992896169,10.857792835689269,1486.695150145953,1896.8393006511196,1314.691696430272,89817.0009025725,110.39682582769247,138449.33054798588,0.2415477402247818,0.10230901302845612,0.02687963467899606,0.21883579542564371,|NEE| >30
874,0.6071631605430194,0.0024474149497511963,0.0003526106732064375,0.00020591513218427685,0.0004135095910151285,0.0037023461689516864,0.03202452938078222,250.60573899798044,77.8002753718366,260.26045235043915,62.50221009254206,0.5393388583731014,36.682449351344346,82.16146488179119,1606.7449865119877,1887.202226842314,1475.2937577063362,12842.9624974259,1284.1930808897355,156611.1393373458,0.11784435965454189,0.12113606487390757,0.009613857097863858,0.14424255783066728,|NEE| >30
875,0.5466477749659059,0.0031351936526866006,0.00018792687253736573,0.00044014585331832504,0.000811311140625299,0.00901061348304554,0.07121216185687677,263.6318393723204,28.196459752997903,334.5809774032595,27.55511568751873,0.6987446619512667,265.2402887442987,91.40438526058314,1209.386622124219,1336.7518366074828,1710.3146791484146,25038.002679972968,49.50198975799373,144505.69808739933,0.013118288050211542,0.18665298650886009,0.08277331034089801,0.17080764013412447,|NEE| >30
876,0.5768705702939874,0.0005544602159921946,0.00018518972767441955,0.007332206122288305,0.000909286022588219,0.0022012105594732133,0.05055797499011132,110.4838422756084,62.667239335415125,193.8118735314555,140.35953705686046,0.5169193011345492,336.3829975217754,30.907055056727163,728.9348105040884,306.5859320361026,1237.0126766980843,87263.32413804761,270.1214103904052,143288.98810820433,0.21917584194778525,0.02932531664683055,0.046897225462570434,0.12773104564882642,|NEE| >30
877,0.3558723597071305,0.005660300285893149,0.0004946356857222813,0.0025544051447863657,0.000876604154892878,0.009085403194371722,0.05905520378555282,204.3333757107281,11.150936841728434,245.91956108341344,64.91904837150358,0.17494429658183724,282.2588662600183,51.04538488724959,1660.9472350068008,1974.4839437014919,599.9064231713554,74651.15631698228,1073.436548561759,161986.04201581184,0.018179059111644094,0.19472381147963871,0.04850778476997654,0.38271698493161016,|NEE| >30
878,0.6737814497397401,0.0005866613695853104,8.341742350891527e-05,0.0036428880474727887,0.0005725387196948738,0.00413763850120342,0.03954479369815944,9.588439334895096,50.454176269806986,111.57335907622891,85.33139226468307,0.6920545790303628,145.6050611541947,64.7336429610363,1032.0296368686286,1218.1892519153407,1237.8785095806134,23828.355357333112,298.2029976905497,174163.55102360787,0.062187890831514894,0.11070986946135618,0.09345003838130828,0.05987075158608055,|NEE| >30
879,0.38440315849302276,0.006575666809503943,0.0006581091028556422,0.0030819321368434002,0.00039301902879680276,0.0006929578862433174,0.048132869026748584,210.43362942918492,59.65306836916838,248.9230124923142,31.960959826459714,0.6685476292162238,29.092090464679302,57.05341881643821,1179.548907880134,948.9161627217973,592.0656862276323,71646.73088306689,1243.246574958915,178113.60030505405,0.42460422704522993,0.041577872820639815,0.12471030074249435,0.024704440898613175,|NEE| >30
880,0.5324352833369232,0.008562620344810314,0.00032257559363414127,0.007473787358753952,0.00042642791337255907,0.002970731767222303,0.019981798927428393,269.6186001521641,29.489912206014214,344.09681543579075,21.612704184137396,0.5222126126790343,253.67385771591287,34.46427370589539,1700.331721313283,1838.6976036643484,207.97316123308516,52616.70784216,726.1269584580132,125033.45848881318,0.21358644776609773,0.1569232480853525,0.018920024238843026,0.07813499657278343,|NEE| >30
881,0.3386595692033836,0.00603445327345555,0.0008147328302076786,0.0027557692937054718,0.0003068328924880431,7.657764235129117e-05,0.057353672429996616,182.8948896855178,11.241959388895964,29.663214548808366,147.22335373839266,0.3599864618967014,254.73540990313126,92.53968266729127,344.5598605555542,200.15980577224985,1941.5837750578917,36623.83096035074,1396.6560818964622,171897.03541356904,0.07347916494638496,0.12134291935740646,0.25701516165572336,0.20950318483710154,|NEE| >30
882,0.6626812362060421,0.009183946343014775,0.0008061613807369225,0.008491621901485401,0.0006931156423842141,0.008897638765600494,0.02807373190069011,87.73180401671182,60.38652117565139,227.7418019241354,132.45382118155652,0.2725339875148445,246.5090695542313,60.1317611468818,1388.7577133218497,635.9221410463953,1828.497452822038,61860.4994528739,534.0676360401065,179984.1827932935,0.10776606308356615,0.11344768671070261,0.09395209338244206,0.022152920617247003,|NEE| >30
883,0.5048017676190281,0.004189010080892195,0.0008785392010408645,0.002020574742353769,0.00043255739167097584,0.007243096774478509,0.05150307625481619,356.2418208809245,34.34405607834832,312.2557997388347,56.15835651813274,0.9009562049435856,317.6631937035289,92.5172703378552,1737.2261421425583,140.34855078517535,252.94626950940682,82241.52556664993,1601.089374970542,108046.28638684427,0.25939676065503336,0.16273579266092184,0.004934575875187336,0.06813110318982939,|NEE| >30
884,0.35170833544106683,0.007214251592775112,0.0007265461059119707,0.008383114209717372,0.0008209412786577123,0.0008228209983953278,0.037310825462380987,251.4911677806877,64.5873764563951,49.64381919825179,107.05540894340945,0.31949464573761843,116.58705548885509,25.901891363404552,138.22705699977573,63.6909279586465,1662.2048942926674,67955.2438987029,710.0950348768831,162159.3247679201,0.15437793085760537,0.10576378435669422,0.17906796189405924,0.20908198745057432,|NEE| >30
885,0.5680292722092171,0.005497343901967172,0.0005189659976234938,0.0011437920236818022,0.0005233376596538892,0.0068701347286497585,0.024027185512552694,166.3512656968997,11.884882300834665,23.846976532758546,104.13442378174766,0.7284053181871366,309.0482367076387,77.40492523298362,1835.9956373569069,1754.2116637069416,754.4313514778636,11847.062438796505,438.19304098143385,178315.40030886733,0.3108918956781628,0.0013123706093688841,0.014363629650448751,0.10540283185280258,|NEE| >30
886,0.5585304582856156,0.004849076647213306,7.173321654967192e-05,0.0005249608015100912,0.0003757749528422397,0.0062962789695891735,0.04848848493349535,54.659689032611205,82.16652638455861,318.52370029409116,64.48486130353578,0.44921595338711895,118.77102607125221,80.03416225628757,1377.9872079031527,1608.7112498526462,1074.22383538299,52135.84799932884,84.58730757154521,157013.4696359819,0.016221345369427095,0.26336389121337944,0.1138696555549303,0.048014649576647535,|NEE| >30
887,0.555383189418897,0.007880204067801225,0.0001550252657908025,0.005196586146757715,0.0002842516018297604,0.002489945850610054,0.07376777181694424,90.8229910169811,65.88963686074669,285.6096654043463,63.47011098790434,0.16954997840129873,308.6229371515486,72.18758509017069,1982.725808078323,55.37860378766352,1843.1623488108,69685.83216168279,1962.5145561419752,109889.79477663075,0.08188352276596426,0.03836028490086084,0.13557641475028304,0.18879658816399492,|NEE| >30
889,0.5413318400255651,0.000558982533091191,0.000957736805524385,0.00872065603096183,0.00017311157398976296,0.001762232690877092,0.06416506209540687,346.5889769611768,87.24034630776214,195.5169898461931,46.7134273482466,0.13057360124773498,320.25573353132484,92.71655060755855,1273.6459529130746,882.6894565991195,457.9265843923658,54679.86095530202,1362.0193647301585,108090.22596178713,0.002951175278293134,0.06366277973663538,0.2676203641166143,0.12443384084289215,|NEE| >30
890,0.5702495830108439,0.008158552560270838,0.0009312191591152914,0.008973258952001715,0.00028105002883016875,0.007312082249696225,0.05096045443301503,100.54421499569433,13.134075560742541,128.45627665506973,104.28982541442443,0.21447479775616995,81.28276225567399,52.415886540396976,1098.0414224221854,1505.500862034005,1525.5003828384745,35452.81213969673,1051.8763366914206,122059.02828346781,0.09827549512451039,0.26111135433298505,0.06564742741841151,0.004716140113249156,|NEE| >30
891,0.658006562206139,0.007821755248906105,0.0002170221833885959,0.007065072463191387,0.0006408417418041112,0.009569248619639769,0.043810250445102034,175.07247759938008,64.08711712550226,326.7118200919911,22.48645167956997,0.23141531895187212,225.72268029015973,69.52376403549809,1290.3856384082699,1622.3854092743463,1931.4120066948094,8701.859538383509,1959.2670016722216,49517.651869428264,0.006986073711549362,0.24413570793277897,0.08286393915296374,0.008007716996569008,|NEE| >30
892,0.677637574530308,0.0060212051271313185,0.0003128049275886928,0.0005367801967781026,0.00027180345284188615,0.00815194886902005,0.06632263486680771,89.18751971642303,31.46503777700159,147.55259755807208,148.87690284343114,0.5292979158077891,329.48230043537416,47.14450441978446,1849.1985862228948,1306.0014173015106,632.5375560067968,94534.18859640369,597.4775566692875,17234.009511848915,0.1676867664069302,0.04359446389348446,0.0007739191217789707,0.11030727604749826,|NEE| >30
893,0.6473478598939888,0.0038537474376714584,0.000732875437278191,0.0007961585238265523,0.0006962238668733909,0.008490345583953696,0.06443086918650691,268.8579975675815,30.20243828599236,236.67675774676474,148.40695655616014,0.4892116820061534,56.775087292548875,44.7343415120071,422.96925823134853,1966.0606450987584,189.75987110020247,48991.57446044549,1303.6042997920385,137654.76843884666,0.03797543953726443,0.1241488161987467,0.0593783612623782,0.13114952310762187,|NEE| >30
894,0.6794680742921728,0.007894400842734982,0.0008638409164546816,0.008594187478338473,0.0004927779803692372,0.009570334235614753,0.05362354962824009,81.65868708267593,95.08086524810216,186.16878293078102,51.44696033081448,0.7509982951777122,138.8002950338887,88.75130917888632,202.580869004999,1754.2103669486416,431.5446932000644,36733.85720588616,1022.6432951294025,108768.11682759188,0.05525410491470262,0.011369358638755196,0.06413864115242882,0.18976982100194056,|NEE| >30
896,0.36824078612479905,0.00781757261365781,0.0009689205084715879,0.001631367068847273,0.0005130279237357385,0.00641137529209195,0.04953011613585909,273.76353104416586,27.307232024936788,86.1164407434923,25.21217554802837,0.7827431532469236,147.96472588294344,45.78447277019582,817.3467981855266,920.5464745676427,685.7109908957631,71463.70900023167,1673.3961293119592,126711.60302554532,0.12363229034507005,0.04024564159703953,0.398743284521638,0.0691379974114535,|NEE| >30
897,0.34391166761589775,0.009133286695689687,0.0002621985897045581,0.001867260913964368,0.00045220778318616424,0.0033902661094293947,0.07565421642143197,353.11299205133116,15.159066994699572,73.91821983317617,93.90350430946263,0.7896468637098998,158.7240135867306,91.76732617548801,460.18105230601896,94.54198019930023,1036.7230114928477,34681.72287144057,1810.2099825210144,37454.91449372026,0.05425599215271046,0.2555532648131685,0.19498769266187677,0.15129138275634646,|NEE| >30
898,0.6361793690781563,0.0023677233513863657,0.0005961004547380998,0.007783579352968521,0.0004254697621175702,0.004552413891512434,0.038159543475284385,95.23723577185392,89.40504106588155,252.12920919310008,24.331901461156708,0.84134096560744,267.17607463128854,72.62989813639079,394.0405445579004,523.9155848516355,1887.741575453946,86902.99462008213,938.631228227448,55082.10260440662,0.11132897954134574,0.03170936798200819,0.21145800596219633,0.00932427743629343,|NEE| >30
899,0.4474266031550742,0.00014017199825934267,0.0007542352614298977,0.00986542030490374,0.00010574723006179122,0.007918418938532486,0.05662095876344811,115.72237728685748,47.339469196875804,97.45903023453499,93.12150767071107,0.6448357232098884,230.56336213715332,84.33125125657449,210.9253894961159,706.9110900876717,1806.7226043298851,58107.72379262992,1863.0297693917325,188199.341349222,0.06299547412063113,0.08380613299341041,0.13217983360087454,0.2735919561300098,|NEE| >30
900,0.6887560816049301,0.0027662425222447144,0.0009127210562011797,0.002278887841935125,0.0008418445698928075,0.004936579978845717,0.04042010260434864,282.2911544694103,74.83864892793846,303.50344433260614,69.52924737301083,0.14886895741019507,391.5250967419947,81.42452457534108,29.77197470076978,1321.0676464801918,497.9330636805789,4779.4809981752,1432.202636196409,40585.51262500356,0.040175080222890555,0.18091401659207496,0.06535276532976804,0.024802056250336407,|NEE| >30
901,0.48963022685977853,0.0034987017316318834,0.0004587724789704379,0.004776891845543742,0.0006000515128253324,0.009289408453688988,0.06874912914126613,334.9279077939648,90.56125048558701,55.83172293829685,89.19906670599545,0.27914173208406073,362.4417543729961,84.99095559295698,532.1550078208039,984.9200274247034,1651.0488882394739,59515.22652627667,336.57224930089194,117856.36933026602,0.3966653501984706,0.02480694801659859,0.031004304872513523,0.05789317005263872,|NEE| >30
902,0.4478868434976113,0.005208360776243403,0.0008416611293048192,0.006856821991310148,0.0009829725029707247,0.005371842053608724,0.07047085133193426,127.82364796856157,13.5713621338748,20.699166735024004,109.77052674569842,0.5399286942867856,211.23581277785806,55.80302195905729,676.8688890191397,1615.7624105408997,1021.3375671150316,59855.759233358214,378.07583414991325,77568.75269477666,0.2447798994675124,0.09452900561267623,0.004060599717914387,0.20874365170428563,|NEE| >30
903,0.6767443718984439,0.0023097318378749385,0.0005927764832655278,0.009625513971492427,0.0008053199464759246,0.002659874745392917,0.03282365972703945,283.9409547789334,45.062001561787014,355.10797979116927,54.79773099435622,0.2273803110887503,234.93254199060866,26.210095786616957,73.23770691387799,747.4106678040055,1554.801110352384,22374.95684955938,1793.5755837870172,58309.703929830706,0.10621702366406985,0.021852016384812774,0.18843895580789122,0.0067476322447822595,|NEE| >30
905,0.37667117775318903,0.0007687736820814507,0.00023009859760655477,0.006911676993734216,0.0004750889918872562,0.0041527149900026025,0.035289121837860704,309.5254013826471,29.698168265614193,15.05246114813396,57.579396469801104,0.9983063206612703,19.518779362461068,25.116275972092925,1944.9344164968522,396.79174467090115,1118.6606306052688,32795.621777690496,104.17905980179943,51085.38144391307,0.2716009253254564,0.02795994706350963,0.06816909781243334,0.25559885204541155,|NEE| >30
906,0.4136815252627331,0.007235095217510478,0.00013837490111737218,0.005776441373455743,0.00018916880779006322,0.007698199468587396,0.07714544913574718,247.80874095878545,74.11475564775019,198.65469372463176,75.04661328108358,0.4434216944052178,175.92852474999904,23.06106843081183,727.3699921492636,767.326133077898,1035.5681689540797,58890.222230418934,1064.7536772366104,98723.9154713733,0.04845733744320307,0.38343956818585667,0.06807152785386034,0.08635004125434682,|NEE| >30
908,0.5878444626854409,0.006285596279200988,0.00044345380948520647,0.001335630423655809,0.0007784939497012549,0.0027833025637142043,0.07259731070739364,298.3479255671184,54.384520644951145,280.7581412495678,105.88839168219141,0.6474543132465334,375.4994237898239,14.376240316159134,534.0460717540428,935.207863778593,862.4057519352787,98449.18555920415,1083.232720197399,48143.880148462784,0.03927092409742038,0.30858870066138455,0.056857064156407615,0.00743884839934651,|NEE| >30
909,0.47338128862389905,0.00021126730575809837,0.0004635047703842788,0.002369439520486524,0.00034459529643418726,0.0018762013912945476,0.03517534542944743,3.4189779627840915,56.221312019876315,119.71328133331932,22.97669626254028,0.9286567942173813,212.03593937095854,31.447363496356,268.22171013304455,1800.4707713782655,1941.256577690094,76944.2902508968,1703.8620873881914,137223.02183910483,0.14773085489909815,0.07681820159101366,0.016689731722898844,0.28537992316309035,|NEE| >30
910,0.4558787097329516,0.0024335817131798465,0.0009455900493506218,0.006808227661069884,0.0007992730867478078,0.006523270098869076,0.06496333261061017,122.31248743969292,65.21388786957667,19.745952445624912,44.802475971087176,0.9098384540961263,237.1574359371727,53.94931118343006,1070.6908435958528,86.04079750542091,332.6458326066305,45631.705371816206,523.5838149876217,164113.53241994075,0.18945436680998357,0.17535025323203818,0.17468829245793324,0.004628377767093569,|NEE| >30
912,0.35310560820230186,0.008961479421500496,0.0008905952010503606,0.007721860896551094,0.0007749468152979372,0.006109925927698573,0.039215386981670416,287.15370767015514,61.07174596810416,357.2253681833571,62.720496798978736,0.6198200290295498,79.69137513102504,87.13451914584319,1218.1750270721163,1230.576605085728,1662.5750531278268,14442.591734881842,1842.5454818828357,68221.47202300154,0.21926942413891967,0.0007660327849421832,0.31155654270610095,0.1153023921677353,|NEE| >30
913,0.6499660392223884,0.000230258361297287,0.0005090238986191664,0.007883236223680989,0.0007197825254391098,0.009402134714454398,0.06701620407820617,66.97754141840142,73.12961016809017,295.8313610436458,137.86820851362074,0.903178876306599,268.36221382530204,85.4296146700038,590.0157288784084,447.5433464792903,835.400154020966,97570.03789788426,318.12823362416196,52880.63868062557,0.04081056150511403,0.05592197555754838,0.06987113775863113,0.1834302859563181,|NEE| >30
914,0.33749560589493494,0.00028471929932784285,0.0009934058317622898,0.0051388343110537514,0.00041949389242422307,0.0032425720410280724,0.0771772684705052,319.7865770965954,55.056220817287155,335.4541548660325,27.30793937910174,0.6573372905868906,306.0042528187173,30.934540497881365,48.13596682548568,951.3609036775495,873.0222883731284,31494.289071953426,1800.0135779695077,109520.29988930801,0.1099543688785939,0.08631086150888531,0.4375014745061183,0.028737689211467438,|NEE| >30
915,0.310483241756816,0.006822760059193132,6.296564493903886e-05,0.004991288597343512,0.0009726879574632366,0.004127378346930959,0.07895152877287995,40.019376652505734,34.33770356797002,173.48790856719577,107.9433029806698,0.7163514741142033,256.9783938520437,42.534356488201865,49.35625745120011,1701.6022872556462,296.2222730456078,30292.520515825952,1098.0544580963672,29784.63088396651,0.018383674099099818,0.4095876203376525,0.014381881988367661,0.24716358181806405,|NEE| >30
916,0.45904674038014304,0.001436631366875813,0.000202986462489348,0.008968674468655154,0.0006834857196591204,0.00729862416503808,0.01806943379836727,236.36618979911057,96.65023272434175,81.20233987080579,68.63482485968692,0.2325287161761053,274.7211850489883,57.33481929955316,1431.8267728404735,93.67325184788629,869.4956174487357,35023.131855551765,877.2103633339179,122708.9288381408,0.008077056689813488,0.14551811002978787,0.13946710119510142,0.24789099170515416,|NEE| >30
917,0.4380594244269549,0.0009155312959653978,0.00035684368818967324,0.002239434705272319,0.00074723130346952,0.007260353369305598,0.036511977213616126,120.73426177938465,10.643364688520458,153.0184406596495,51.49237173966351,0.6830794622690846,272.02263864400584,39.79213667724068,765.4838231897572,970.2478967124108,1749.1151740209132,61712.640180116825,346.8663732109597,101504.7330500181,0.28575168627023395,0.006151396252371651,0.0104931066069785,0.259544386443461,|NEE| >30
918,0.4018240688812018,0.0024284208763045894,0.0009351621225613224,0.005714787539264198,0.0009486642759585193,0.004622406933984174,0.029942432123139805,251.74931720932472,19.637716670939525,44.806108340442485,107.0850892983534,0.4138042620890666,93.37626393259508,79.40464146558223,1417.6435829931434,394.8505609713882,776.4729957241054,93420.21389291766,989.700846470147,8957.583980836114,0.37017962897108975,0.07524600729734213,0.1282863574805734,0.024463937369792976,|NEE| >30
919,0.313416558115125,0.007008531791287922,0.0009620830346572476,0.0011662474494247665,0.00023253347323157807,0.008661717333399621,0.07643488698975984,219.47497784560932,45.46666462280838,136.46492259632774,80.39437040364992,0.7649006689244875,209.31323601775998,23.795708847839283,633.231910716483,683.6021356686165,1585.5509870113856,90828.1438427861,1162.4800717863159,125324.10036468846,0.1995487108712468,0.17804043385689622,0.0846181109328419,0.22437618622389022,|NEE| >30
921,0.5205551327827849,0.0024500796328213144,0.0004446379132137649,0.006000554723612661,0.00015982525066476555,0.0032282971057268606,0.03781998719680749,323.0557411478537,16.806759908730037,357.6021550702392,89.23429641129577,0.7175765544826425,396.26263452801396,33.21025183422059,961.0924070338182,1794.20952033887,1071.7561790863394,41020.353558751354,991.0599870215568,160718.32780993913,0.19907782913200908,0.06462103416478046,0.07061509342093032,0.14513091049949525,|NEE| >30
922,0.4934741507575201,0.00653537114115585,0.0005313420856041935,0.009497742557855729,0.0007019183648616576,0.004364056657087055,0.04408355727587554,128.8770912075175,43.259925556796325,239.66262844489066,79.43757023796735,0.14605493102158537,350.2011363248113,94.75560306442384,42.54669594649108,313.05350481149486,1926.8206451492983,44790.23913820133,1878.2721352402943,109858.99893709674,0.07182343073151665,0.1555871354366295,0.051784297827657005,0.2273309852466768,|NEE| >30
923,0.5599125626959021,0.002961154543352372,0.0002350856084141885,0.0029061867010470727,0.00037413760397513735,0.009673345468482333,0.06895874341671669,252.5897837402102,13.267907256134938,296.5800258379902,41.124661837976966,0.3417134272027851,372.3250115479992,80.950393402776,1542.6561809275026,1657.034828412142,785.3140246049203,39202.619680912496,1837.787100458492,192562.6930726576,0.08803766522271396,0.12422938795444524,0.14928486040758376,0.07853552371935506,|NEE| >30
926,0.6346654400011148,0.005262894522884185,0.0002682514112268284,0.0062566605919954265,0.0007105365956427488,0.0005160622730217591,0.05804843437898137,80.67421562806375,58.01882404065822,233.47761962774413,52.53227230336054,0.17276038870631222,301.07619023576353,36.36741206183201,1539.2092457367307,172.90534885813258,418.5108000819267,74290.3328543153,869.7971117524307,116545.05286793823,0.06748298096917862,0.19303979357893447,0.09512335609809708,0.009688429352675039,|NEE| >30
927,0.44171698906836004,0.00048389876263191543,0.0006934672146480973,0.004405959815326185,0.0004700466479206466,0.005217802730034548,0.07892318764908032,229.53598263177938,22.472688209825968,337.6576096386581,147.69431682322733,0.9229178547602218,299.6947594380704,54.91710942436913,817.8313966539391,1967.297353413583,1918.5856604963687,25237.63623136942,1287.7597989290925,24728.654563780503,0.21631418953531245,0.047329968957625194,0.1866962143562762,0.10794263808242592,|NEE| >30
930,0.4271769568605653,0.008350854822441349,0.0009551051142116085,0.0021873147376061243,0.0009432208403059965,0.002152607842849161,0.0408505831270705,291.4794175217273,69.32398765517902,280.39174510472566,75.93121040079687,0.5028020214549178,385.712873442035,39.97303989356019,1516.0060691022043,1876.5039476629422,589.1526962443371,57946.053783126474,938.355171311354,69446.28729387943,0.17127173266163975,0.13284443954595906,0.13508963089149656,0.13361724004033942,|NEE| >30
931,0.4694191489931987,0.009556614715672023,0.0007825147246995094,0.00943422856214913,0.0001404648917256108,0.0002468802996036762,0.03855456606014919,325.55798818762065,73.43113644561876,330.605748592683,66.15897122764846,0.7500653974308809,93.7063937458114,26.50800721897745,216.4144954509293,1851.5268059247471,288.47902810964825,76066.7522526395,1964.8283010459495,188372.6261200817,0.09202481449879328,0.1059831673410632,0.2715481160484615,0.06102475311848333,|NEE| >30
932,0.6165003891904043,0.0019056686548538774,3.315109427884974e-05,0.006417659142760755,0.0009037758907886523,0.008084222066970407,0.07697599962206261,218.87267085281553,57.682588733222026,63.89754784862839,57.01717229523471,0.39194914185119595,238.58913191345067,45.05495515318442,1216.346224418232,931.6333841929949,1171.1829479575592,36206.65662197881,1912.1528744023742,155063.65924039533,0.035378424635956196,0.15685332659015222,0.10427003715431252,0.08699782242917473,|NEE| >30
935,0.4791674841030993,0.005541216295782121,0.0005976834510012068,0.003893242493251749,0.0004351203453707769,0.00802550265907569,0.030710934555634593,361.1274770952279,73.91412855733685,200.83481896735665,90.5415164771985,0.7843540877911731,374.6793535308962,90.80021744244684,1192.0466575524395,869.0348886439741,108.15876283348076,86606.71534818044,1630.8391731153438,162996.51857727338,0.02630380428875345,0.2986604299529826,0.07820784282833984,0.11766043882682482,|NEE| >30
936,0.6672460768103958,0.009091312278855635,0.00033195750941306774,0.000991330100911312,0.0006216532622751161,0.007794085429931196,0.06203869571018064,203.31848380822274,77.87727415969137,253.678789183767,58.6240585502835,0.9594101972935171,33.89477977808858,96.45366757639258,870.7899481454833,56.61086027281178,249.13081675304895,73774.61212746163,300.2277184656358,122671.43801346394,0.06789445115940482,0.11802270164323506,0.08505488376189994,0.061781886625064335,|NEE| >30
937,0.5101167818551101,0.00046759641723805056,0.00020180930890280525,0.0016180191208316629,8.504761658520942e-05,0.008866861500390621,0.04097110892095339,308.7203971787677,88.25152029076887,191.5421803784435,146.6390782154629,0.6758064157773093,204.69066814776838,28.240442639643298,288.5580323501457,274.7354092482426,1657.9054745501348,9473.140221640208,934.1306102815417,199790.17420769687,0.19373259169736864,0.13729367182403537,0.11101547057116434,0.04784148405232153,|NEE| >30
939,0.3478780820014338,0.007431568630239298,0.0009611289394279377,0.007559108685061158,0.0004771013369800146,0.0002659389979571235,0.07493006291316112,14.390169932428014,44.87161734401603,362.97951374841654,122.58863878922591,0.8406759779550815,45.67308904197528,24.975048997944313,1478.6966814888858,1073.6105393136716,1914.2651720208528,1861.2791821352193,498.58503028043344,3776.084280745615,0.0005919925722619198,0.1491915019729465,0.19521777601745754,0.30712064743590034,|NEE| >30
940,0.6785147108107821,0.0013463661927903025,0.0002411539691767584,0.0024318656058237987,0.0003700715690361012,0.006322573774228975,0.07642608763027184,175.13432896506168,18.05111696148957,48.17728630686541,132.04512302260815,0.671390138995754,322.6513372106823,93.65305524769789,103.9760490866147,196.926405089571,1468.1367052486353,41725.76853259708,1706.360224935465,39247.857490530434,0.02742959101703869,0.2562812829006183,0.02607921848031732,0.011695196791243645,|NEE| >30
941,0.6057508870110924,0.0024726998240277133,0.0008189654264955103,0.0024300867892699247,0.0006575008638714599,0.0022276741453163334,0.06466980608288173,8.087013280386024,24.96382242766684,51.49556864892518,111.20738122011838,0.43591482317344477,283.2873313127457,60.54685402562802,792.1178097793934,78.2154477962228,976.7595144568957,88050.74643706217,299.12128204390393,196191.13064695374,0.11489791660709087,0.2305143764850613,0.013001058783710122,0.035835761113045324,|NEE| >30
944,0.6380330492660853,0.004039321697695078,9.300134910420922e-05,0.000696692304587691,8.370826165777899e-05,0.009553716561720025,0.05817966506233335,155.34964452205497,55.03730976168497,228.03698325860938,36.71295779780803,0.6617274716829431,104.74627703522158,50.30144956715365,1602.3389134104666,465.1071527164243,228.99641147455122,29113.015617191926,201.9945743382172,197740.68316476065,0.1902193171083338,0.027531232577429343,0.05327147731443096,0.09094492373372062,|NEE| >30
945,0.6135126579046697,0.008746880034954663,0.0004343676087294726,0.009850984500378836,0.000966607048733825,0.006342067198855661,0.02091823619698317,103.80334118912148,63.38865451840271,321.2563722612272,22.291053879265828,0.8037960561987342,243.35037574002612,88.22001687978333,1989.1170012562009,95.66541785692331,1228.9042573382208,46994.159722348086,202.09222374833163,50114.00638956258,0.005933329393952087,0.18345533983486775,0.181202493290778,0.015896179575732392,|NEE| >30
946,0.3359106402254898,0.0075238374855315275,0.0007271710916443314,0.006090676736720281,0.000430214739325554,0.009420038263101824,0.06594574145513288,246.37502274422692,98.424030266288,135.04240125881142,117.03668230386366,0.8160676691926543,31.44017593554673,29.455845902121435,936.7667807112888,1273.4993841238534,1353.3597021667504,96562.05136434229,267.5199027724525,17034.271099052785,0.13998086027106493,0.3889908175195994,0.13140327051305598,0.0037144114707898346,|NEE| >30
947,0.662896942870346,0.0030323652582496586,0.0004801832922067108,0.005695909816139834,0.000990860005190641,0.0024593347857609954,0.06876055077453246,356.4781907845917,39.53801195821312,273.20395604835306,140.10784244419068,0.14969140491957902,103.63758937838398,73.31890310899746,867.7484347012222,848.6712308265504,1031.5846290905681,17396.205783614896,1635.2963129721747,82541.05289379341,0.09441166641874814,0.048928771977319284,0.03325273236631839,0.16050988636726823,|NEE| >30
948,0.45959117629363144,0.005125685800277396,0.0005333239250923374,0.0030915038017730726,0.0009589968573950274,0.0012967523255592841,0.023329124167366145,69.33815300439241,30.43812628061268,147.95495378275322,26.178503948795083,0.52379657374169,202.1374487911356,96.43963485164238,156.45470387737424,1548.4771143781882,1531.2178314407681,83377.63067218759,884.2807140423308,63716.00779728202,0.04030622248848487,0.20641235021437584,0.0377906416224595,0.2558996093810484,|NEE| >30
950,0.6291663758928207,0.001184001613091543,0.0008668260609049398,0.00014079876492576013,0.0008555708771693674,0.0008953810023745257,0.018056856676005536,358.42268487320206,99.01688485554502,234.89519378525742,132.81247500198282,0.7326642165407793,62.408571883970765,25.80356414720945,1307.904360453491,1565.927341985506,1748.2882926648772,69528.80756765338,1474.399957408057,131283.0116276831,0.1246136659191595,0.04816094322966843,0.1342100965809737,0.06384891837737773,|NEE| >30
951,0.536132952917564,0.0067597446102444945,0.0005160814022036754,0.004878164083743594,0.0003612145010969124,0.002122407070452882,0.026313672817324045,30.490228328059963,83.2412332866684,232.38531259887407,120.12358435217288,0.709287350702003,71.27313778292744,83.82700212552733,1431.5262220933737,1624.3516070383575,1497.4359254494775,55389.45475401919,145.83657011426754,42620.94754308181,0.04446557763133346,0.03340597386245033,0.22387389335594132,0.16212160223271088,|NEE| >30
953,0.4909419060768828,0.007937845797232619,0.00059002812171365,0.0017010142649360193,0.0001543006827670407,0.0010579561040978572,0.045394821552966216,124.68325392540457,42.456922514890174,76.87286570736327,73.88351805070258,0.5364238435407149,233.3544827939751,64.89229825715773,1134.68165516682,1516.5819122868425,89.91751857430556,46074.89920346855,1902.1585509214162,124335.5659653485,0.018855760933698312,0.14821767274495362,0.2547442194498498,0.08724044079461542,|NEE| >30
954,0.5301120444454729,0.008516413732061833,0.0007946659689000124,0.0042861020163512025,0.0006769533330892606,0.009226933612800104,0.03996058395670364,363.6219348606742,54.6155026989576,228.65652081940496,44.672422931312425,0.8791409726523415,49.34731604732055,25.793645916084564,279.4545763753497,1155.666539839075,642.5720279766059,18818.886870014943,751.7707548756663,67321.75291701467,0.002142382020807076,0.24039205417612755,0.12564965758727697,0.1017038617703155,|NEE| >30
955,0.548979797092586,0.0021066871599266933,0.0009521782719678438,0.005960635512923203,0.0002777005359766162,0.0040896873651625745,0.06499326812988712,258.6661423385717,88.2947941211826,88.45094710210644,35.04542339687537,0.4485762686011327,47.02820373725732,62.7299703581214,1379.1419239210288,590.6837173733259,1616.3564519087895,76236.6937996498,907.5058474423909,56550.440705454064,0.26023797601441495,0.09338261470812088,0.07468358234015654,0.022716029844721555,|NEE| >30
956,0.6143893345323737,0.0069864504557779795,0.0004556446850326714,0.004782430652466505,0.0006764027449859684,0.0035417013689704973,0.037997997669378225,87.62944064928125,57.0260700942339,25.815622099893577,33.97289015208881,0.19389723315345248,129.11348119222123,83.05478850506,566.2999950459654,1156.1477097854956,890.8690925540939,86731.677343171,986.310459086294,186129.55485022446,0.07879616572168317,0.08893750503968553,0.054411785756515556,0.16346520894974212,|NEE| >30
957,0.5964335233574878,0.0022490451711482677,0.0007241000126970605,0.0029421404619299277,0.0007688483422769937,0.004911101198168705,0.03389431708551822,105.56098417866238,59.65262317437892,155.6481815739524,124.7714315599445,0.7057903416586563,386.8115765417919,75.57054909197697,1141.8003695084178,123.27192554444174,1554.9313928060003,43138.24795338707,381.29639253903275,194376.50486883015,0.0523444812375339,0.04202034970362306,0.25220599117317544,0.05699565452817979,|NEE| >30
959,0.49668168508210747,0.006609144429703259,0.0004850587775314005,0.003151722203179767,0.00011817941324754889,0.003358944557926641,0.046607797359025385,237.34435779110805,39.86022469845134,316.1275461986745,37.263985988032815,0.1471041962786786,237.98757673873644,80.8255115713388,501.8807292587674,397.594953131757,1823.2391100487075,11455.478051700187,1316.5489039734018,140670.8936200881,0.3209938692247199,0.13703314575569658,0.01548027558046093,0.029811024357015162,|NEE| >30
960,0.5678937964620949,0.004142084253022497,0.0009004369863960265,0.004916419790562336,0.000710439670698459,0.0004446455213067265,0.027089408748085006,13.085876229269028,46.69965162016859,292.38886727857175,120.38747219001502,0.8376643809244511,190.7719303579555,17.149743899132915,48.48326942120653,552.5014516277674,993.5343814014763,78040.58800414308,608.9292387231401,5004.960469173107,0.286688685611658,0.023668765063018016,0.010345000201454894,0.11140375266177424,|NEE| >30
963,0.537787138599266,0.0006919297587739405,0.000403866106869156,0.007603682542770864,0.0002976685342190582,1.101548196696829e-05,0.023204227638996457,307.76939300001146,59.28961242320208,67.85436689589605,22.986402005840635,0.6225172141814481,151.69307956258064,86.71571550549669,495.19408750658096,801.1634692080914,1221.607110777107,7761.617751494657,1253.0149621601608,166571.94644924012,0.06175104280631413,0.17007909440448912,0.1457634374698346,0.08461928672009618,|NEE| >30
964,0.64871084147717,0.0038641759749999186,0.0005401344301598574,0.0025081396868865576,0.00039089696090602267,0.0003650766126286196,0.03783932401649408,133.8175294314254,85.70943883118163,320.88454427275684,84.91442969656917,0.9361878286861997,366.72018034612466,89.2515044448224,373.8139022897725,1186.6104059939826,1164.2924208712063,87340.56572736082,1408.0445389690542,27218.407881042112,0.018575015989000545,0.07503876179625296,0.07794965635784784,0.17972572437972867,|NEE| >30
965,0.5383278836130756,0.00043964822302162976,0.000722509200726344,0.004237827611318092,0.0007724207938851258,0.004704854801934395,0.050949216769053826,19.265291033696457,71.80714022828586,22.17197341574578,23.094690712138075,0.6870788961705829,310.38259554222907,54.47810902434773,866.6380943994341,550.3972702729235,672.5219610477234,89196.01097476068,220.5774544805008,111777.84797382464,0.09590648705606661,0.03802925386221382,0.03136032699213727,0.29637604847650667,|NEE| >30
966,0.6423805879143935,0.008318214279279076,3.090120978828061e-05,0.007166729609464986,4.994436484344308e-05,0.002812517644728799,0.035492795550552604,2.3466574090494263,73.67551371160698,30.314419574134693,105.86891746266389,0.7739539236430035,237.40481660464553,69.4823102834699,1759.8495834755188,1686.6100710296607,1878.9558201291375,45249.656779122844,704.4102156798334,143181.55280682698,0.2509763638426366,0.055412432966036256,0.007897278087468849,0.04333333718946481,|NEE| >30
967,0.697098543646754,0.006655081678740172,0.0001716571068111051,0.0014498448421251839,0.0005323957723592422,0.0009723304047737386,0.0746829413981443,29.752352084784594,62.294826211458194,139.92542007083233,78.09632077088679,0.525773986689364,392.00668087904825,27.59673596498827,1248.2526069038247,1591.7961185276718,972.4184025247645,11151.058276374486,339.0392903778426,108897.34940536965,0.08388592961644811,0.109520956918238,0.05862956790915746,0.050865001909402414,|NEE| >30
968,0.3842238411994009,0.00021878644975819862,0.0004284097793220548,0.008116340795557911,0.0005181943942652647,0.004231156244321343,0.060088372732286593,354.50057882747876,76.68447131458085,323.4151977571242,87.15596720443905,0.5965659103894161,357.17261478903623,16.67654313161995,732.0116235128016,1206.733911325933,370.4089593955553,51406.50854354592,604.9719754546583,34820.70186453298,0.017435159809970287,0.15534037768900155,0.3303621251392879,0.1126384961623393,|NEE| >30
969,0.3654668597970736,0.003490434528742992,0.00039541431018928205,0.009179227667110596,0.0006581211197879694,0.008125160444925738,0.0653420764294036,187.82563318142556,82.25004279429724,305.7304774666136,127.106573700457,0.35371695235705913,13.296672251757117,22.87917848846566,1551.6207562299433,98.28464257037713,1678.314626011676,87770.30376996667,924.4248544367956,124697.13563541182,0.14686427997234955,0.31394306928245647,0.1553896895054651,0.018336101442655316,|NEE| >30
970,0.3802255519901365,0.00813007727175488,0.0003146330234363019,0.006045056626671189,0.00018999897119226924,0.00012311731414980584,0.056098784673269744,287.5850310634011,78.73255456325765,315.6203325036542,68.95095398690816,0.519769610967409,340.3209274483729,69.05212858081879,1965.5703577482468,1338.253053983051,1238.4836525316682,92207.2548113924,1951.1412897020325,181519.9826333233,0.2193973860874536,0.010796781616140422,0.2131222429424221,0.17645803736384746,|NEE| >30
972,0.69365341647719,0.008617941473798248,0.0005133812177420805,0.008636435986127476,0.00021780996223285626,0.005563735100069668,0.056282763861681503,78.30834645606488,96.98617101837769,282.2845646026923,110.43387812822148,0.3789426783278172,189.33559416109364,48.96681390072144,1036.9880999102434,1408.8624049825758,435.45727361410525,4707.054370091687,193.8663652812092,88372.99273106622,0.046232559866532956,0.034522472015407694,0.19011257473373902,0.03547897690713033,|NEE| >30
973,0.6722364192677746,0.006920293532134307,0.0007181481265774188,0.00307858896823346,0.0008544787659408759,0.0033839049522896066,0.03110145165976403,307.6152457325757,96.09699458517088,86.76998451187242,24.76024151543015,0.46649536831882965,326.5348116960227,92.77764192742171,744.970470405367,764.1136213616633,1280.425429491675,46539.85915568339,1707.0102927945932,131009.07161334374,0.12299116637472074,0.006768756467977074,0.050611178680852256,0.14739247920867535,|NEE| >30
975,0.6750963049018737,0.008768714930229586,0.0008149956989028976,0.009343223009514214,0.0006536089133977549,0.006614691606257177,0.02214496439711799,27.79096234370735,40.07569873093837,314.1113022450729,70.6616626253863,0.4108362361885384,138.9335461590246,46.492429187254416,1154.7676976471964,77.02766673303807,1069.2422097246897,46281.31775707782,118.62870509023942,55228.84135636822,0.0034814402205517936,0.08626184888685075,0.017553234276449163,0.21760717171427463,|NEE| >30
976,0.4198683772314352,0.0021469377195673703,0.0006117855541141156,0.0074269768433463945,0.0005162798168631164,0.0021989139622082816,0.07479916107551794,313.95567481737925,19.7191311565672,307.01432617599113,35.646542980008434,0.19179990811139558,246.94237315302607,43.21336685380792,676.3785545957862,1733.1274781032116,1907.9810730433617,86779.01672448605,790.6370692115894,136723.79013448913,0.11173659670003878,0.17703273144845807,0.11132838279007413,0.18003391182999381,|NEE| >30
977,0.5527350881634814,0.005740516653307198,0.0005322738250134329,0.00830521785929571,0.0003824853303766427,0.0054526486719376314,0.03589428193814759,258.39762963526385,81.08487047754465,177.443034518111,130.32337654738916,0.6312359719722039,134.5382095459189,81.61300416219437,1658.8002771283113,152.24832995134875,250.58240961946402,90958.68513627598,174.00836989100148,45940.26413959174,0.00744932126835253,0.39894016479680605,0.03249605344795179,0.008379372323408305,|NEE| >30
978,0.45893019179849714,0.0047334048693955305,0.0005884457861322928,0.002323389171243159,0.0009302469477827047,0.0065286129831598665,0.04256749463683789,67.84959565999962,80.55033982793361,195.7465980877715,138.2490490592439,0.6071151331434647,189.49199407051069,23.08122383079782,698.2443547134454,759.7677306390432,246.3760513315496,88713.07360774076,702.167182266401,47990.41067435903,0.01377805696637669,0.034231580314259276,0.28466173682980633,0.2083984340910606,|NEE| >30
979,0.4750102918743472,0.00862381744105752,0.00025632659203722683,0.00010717011143728631,0.0005892943895729077,0.006226853504890695,0.04685068097375911,6.19993029228462,98.91597506943074,58.64506229266381,125.48543234825812,0.7318943828318583,60.55323808125743,75.69213605149372,540.8872739030082,1450.4034000718723,1533.1072682117397,62855.85560220402,596.5796177557138,142551.38566016834,0.09594581190282662,0.12792217927057983,0.046153586664516695,0.25496813028772974,|NEE| >30
980,0.47622706265667314,0.004607353581564054,0.0003745067767983333,0.0008249377537404794,0.0006102262451304723,0.008705896458819754,0.06722886212687823,270.8898770566624,75.77795148143814,70.30742168144961,140.79183242649162,0.3369320341478309,163.55891052282635,12.663009493939064,512.9178635316123,1526.8619947874563,1682.1050792685528,71239.17849200516,1005.3238620418572,151937.08362312015,0.3185861209894987,0.031075033974800256,0.06685165952259264,0.10726012285643524,|NEE| >30
981,0.6123467033238092,0.0035542999792490923,0.0005381872468355081,0.005214549053524748,0.0005305420345416716,0.008101636985084005,0.05754197374498962,303.1584614756426,20.152477507605916,267.9750981167043,108.6610915843537,0.8655996382605061,338.53495104165614,94.22229056524783,1418.2376753567821,645.6695671953947,221.86490316625296,7361.82035963588,1556.6397465643427,135712.86722314908,0.07470949315587136,0.04153100623523848,0.14893410994196404,0.12247868734311686,|NEE| >30
982,0.3154591094881005,0.004894212149929538,0.0007523189283497576,0.0008697828244453873,0.00041007862230808367,0.00888191602213569,0.023687198715553914,206.6858762733822,63.70747630833737,224.2869349706469,82.97532700740072,0.21564960912058834,198.49458987134665,34.15477119448225,1339.501442434762,1424.1836992482786,291.6352103521655,93341.60304057456,1178.6202679619594,28864.917586657346,0.24824550970578543,0.03423258545215195,0.0180317746192891,0.384031020734673,|NEE| >30
983,0.3685288682962842,0.004654567848647084,0.0008109023874981491,0.0090480770733585,0.0005048625902321865,0.0010397284568623125,0.05451663521857744,200.9652336793535,78.37121888418707,350.1439323409515,22.746074552432233,0.8273654390395953,154.3183895943349,55.922386950431054,1695.7157822862998,375.5245962590643,1269.1521973292372,57634.77849253507,1221.7658076467042,83084.37092173197,0.22035943964415491,0.09854584779810223,0.30136988917274576,0.011195955088712935,|NEE| >30
984,0.642865790280869,0.002165629039342993,0.0009209839420693818,0.004602337704649177,0.0006776644754328024,0.004219803308680648,0.05891741035769649,286.29779926166617,80.48628541837896,296.8238751416743,26.377583804116078,0.46415966568014366,309.8155231813663,14.095579385699436,441.6617839403101,334.58868697242616,1064.6717190995498,34093.730436259255,1639.6314643197923,18264.90692318138,0.037999250869398045,0.04947526787113851,0.0035210614794187922,0.2661386294991757,|NEE| >30
985,0.5225381927293933,0.004987467252833161,0.0009329828452284464,0.009012594204935206,0.0006164788521171589,0.0024771367433117863,0.0672455830033652,4.667827018831419,86.32465979398653,274.55199505587444,35.847118771630335,0.5905251637336011,330.40132678271453,74.59690280514523,1981.7430136395824,193.18404014308462,1143.4662507433034,46612.147678493886,1270.3075932067325,26617.47050321585,0.12095153268530394,0.003929160427388514,0.0970765673534927,0.25550454680442153,|NEE| >30
986,0.6506824281700927,0.0070653010712986315,0.0008643395653657199,0.0016425298389547178,0.00013280349989103202,0.004705437847022959,0.06565043211161779,364.1893072588948,11.860219640194238,180.10063530726018,86.32632387766806,0.23042288483353535,36.720672215794835,35.6271217350678,971.3445039555428,1647.8353358951251,89.2759471541623,23135.555113355862,1869.2995137209748,101830.3074172135,0.06497743783096863,0.011468388338296135,0.20663189291013645,0.06623985275050615,|NEE| >30
987,0.31506643528634476,0.001934273502694827,0.00042316951906614086,0.0023454361793970226,0.0003044651816294377,0.004914480120280761,0.06318739591962842,294.8729851967649,28.065857136555994,154.33307762090945,124.30595053425999,0.8614256923235567,302.29216230595785,68.65048639111308,1108.9133089276363,1468.0619933529626,716.2893845889503,70366.40981538856,862.825357349023,28849.03674990598,0.31832719490484707,0.10832995104270436,0.07441776997278603,0.18385864879331773,|NEE| >30
988,0.4784160689047864,0.005507481938036791,5.044501228254345e-05,0.0023162471082743695,0.0004992014798217599,0.0007027106789049329,0.07105271459288287,156.05088777304184,84.890301458592,182.7675574434505,130.9427888145459,0.8358030772693918,186.95974408849372,97.63639792420447,1068.6611199072524,1742.2485552982068,687.4791641927947,96915.68995807091,668.7324807341957,29743.935595733397,0.22909228888949257,0.0207074407100996,0.1549099365770375,0.11687426491858405,|NEE| >30
989,0.449135269263192,0.0031804644102021735,0.0005212900975589227,0.004313461578047284,0.0002730755337140178,0.004060548213444636,0.02172123423137861,224.586971904773,67.68277803260543,25.127028472427337,67.4174839089562,0.25221121627321286,234.21478955851552,52.240703431306144,1291.9702167481237,227.39548672173484,1245.9948868972072,74849.33065765725,568.6536193916248,83950.46712847316,0.10100787621176639,0.21304229973516073,0.15580749303492722,0.08100706175495366,|NEE| >30
990,0.5814548978228093,0.0005408314916267418,0.0001245783940181465,0.0057077485147243884,0.0006264780834839746,0.00883843921313779,0.022683793829600292,155.21148275457102,62.59810238266228,187.32754756078398,106.4391727196294,0.7689308583095384,233.28448166312418,13.319355806711943,64.44429646073934,62.50353587882982,130.14415729725593,15710.042390523173,1225.086717857731,51764.72367442351,0.02980536292229545,0.16679276424073214,0.13161817109180865,0.09032880392235439,|NEE| >30
991,0.35079357703232245,0.0017060915988315693,0.0007012766628628177,0.0033000709098408177,0.00023457370907699096,7.23981750875405e-05,0.028511929197284812,325.2882574190035,45.694866943535025,279.86378666823964,118.73218945881642,0.9487387252465584,140.6739912878201,82.78691335880124,1980.9218490942494,1578.584447296107,1277.6778811960935,82597.71077413956,657.2851123397538,156949.1632583539,0.045822233997254644,0.03659680686841024,0.2506992177539174,0.3160881643480952,|NEE| >30
992,0.5800787759772947,0.004469785620653965,0.0006798819294363066,0.008075860523565594,0.00030143145648125845,0.0003322704899526071,0.07857553377123017,47.99988218705261,39.69443418171447,193.56948750417257,132.12496181508857,0.25912322515934305,175.5480492307979,72.63806327562806,1814.5401908969284,432.84720717030547,1072.0300923231466,33754.48115636511,1136.1255287945366,12811.452895433444,0.024548438212057586,0.04236260640040755,0.21795500118981795,0.13505517822042223,|NEE| >30
993,0.684228600884708,0.007545161079742365,0.00016449669049770633,0.006609786769944114,0.00046751415700763826,0.00163357870009113,0.07859234533371684,289.9390792558134,51.412298152373026,284.48316119477363,125.72026324503742,0.5179703109026841,90.2280829294301,24.956890637405305,186.64508998302497,814.6476500441029,1394.357750050341,17174.82586787225,1248.904582310005,172017.54706280917,0.06646810750134742,0.19332321746684886,0.0014245958180204913,0.054555478329075195,|NEE| >30
994,0.5675996571224153,0.007292401080918861,0.0005498732811291103,0.00021127829652597507,0.00063781304914137,0.005958565672789701,0.056451511214032635,310.8941193677135,59.22511036311382,215.86586937345976,116.91655513739269,0.7256098493423683,297.5365159840029,12.323811238979133,1940.861605983055,1625.105719736095,267.34381017982145,93720.54200299749,1741.611492950551,116965.59724287558,0.0013498763991095259,0.2783972880188441,0.14909215461937772,0.0035610238402533356,|NEE| >30
995,0.6759758765100382,0.005591310389522718,8.663960561456839e-05,0.002773578771627826,0.00028141431556191456,0.007491845663645463,0.07448794691495526,59.806429567116545,76.43121804777049,212.03218784548636,126.14953695364179,0.6173259933071346,344.32696382016366,25.646394086340344,746.1255186599644,683.105423652797,1448.8163791750496,2749.797500597715,1889.1352499276188,66374.41988607313,0.06812761051875237,0.07823940957476028,0.10521136995481806,0.07244573344163108,|NEE| >30
996,0.5548300230470982,0.004869264030331934,0.0004322884200471364,0.006628432213522455,0.0001080631020657117,0.0042087580434759485,0.0757329255807382,285.7385291181749,71.98701444324766,160.6789289391988,109.8818550705732,0.15230859812971984,78.33780096318942,57.06309480901537,1006.6435712997305,389.1550654806916,239.9881149438436,99214.27549311606,728.3395189641607,26389.209540757685,0.2245936376576641,0.0627415108480378,0.13111608124186871,0.026718747205331253,|NEE| >30
997,0.31582441299459313,0.0022984609159816603,0.0003937556080356548,0.007617045403135419,0.0007118953494452957,0.00491533256808984,0.07427130529447556,112.13245572503746,58.72363242537368,356.79813814127283,27.840752554864437,0.33462736395356046,172.99597172434235,75.50963057860459,947.1202173402938,441.49149830020684,1528.4948441226488,53990.19151547108,1177.4101043663388,188397.60045498112,0.03537902920859812,0.01875300702255906,0.41771105363622163,0.21233249713802815,|NEE| >30
998,0.6373248573939498,0.004969135682075517,0.00045372156241743454,0.0029469173352949635,0.0002778456023480936,0.0025779674124449025,0.07244361680008676,105.83977094012322,79.92252507490137,118.52261148574,23.933890804172492,0.15048448058168512,226.60843660045956,15.606503295275312,1232.1038678558243,1594.096379660513,620.5221315223384,60635.81537560868,497.5790021348752,197356.08268719105,0.08501481685021998,0.03634602660923344,0.12997538690133129,0.11133891224526542,|NEE| >30
