draw,f_auto,theta_roo,theta_woo,theta_min,temperature_exponent,d_onset,cr_onset,d_fall,cr_fall,c_lf,lma,ceff,c_lab_0,c_fol_0,c_roo_0,c_woo_0,rh_annual,f_som,theta_lit,theta_som,rh_ref,c_lit_0,c_som_0,f_lab,f_fol,f_roo,f_woo,failure_reason
0,0.5768287839028841,0.008583694359701069,0.0002491446162044036,0.004798832131783149,0.07799103750303452,164.82509600656158,21.154095874744236,22.69200281640102,89.14861784948873,0.8445214930531804,119.74108986042425,66.25203842245968,1984.1033841337803,994.0036674238498,1643.7638061876182,62661.87818019792,339.02761326609533,0.8102047376282056,0.0019624066767829603,9.897314038091336e-05,0.5174211337317259,50.042675147392764,4235.66487114565,0.166732301403183,0.08860193659002297,0.10249910545453013,0.06533787264937989,
1,0.4644717354484778,0.007456985830144076,0.0006571967627083459,0.0017497844737190452,0.030339201205364572,291.80311443581013,28.128031592442227,217.58049204838204,26.532722325362883,0.29109552141779693,324.9710897566848,57.94376532902319,1685.6857651023745,1738.559442833632,305.1556554122479,58801.597311918995,365.6047673742285,0.5051304714178976,0.0020799475133861257,9.817571937701422e-05,0.8437791518935671,200.75535004495998,4341.384646562432,0.15634951657874085,0.15216903582008606,0.024494947565370746,0.2025147645873246,
2,0.3797401320340238,0.005702899159097535,0.0005764064567953157,0.006264700018016814,0.05394716648386473,291.8177568420226,14.517083186878061,123.87894545673008,110.70591600114884,0.6999406670440411,243.06762401963056,27.49259584319063,1143.7971717263451,1696.2546980131401,96.81308372887074,12740.783697757915,290.2313440539663,0.5943876251681028,0.001294171544773911,4.704166446208882e-05,0.5570233922672797,174.57931437823507,7038.182323664477,0.16660706653638688,0.11933245225561494,0.0328123731654375,0.30150797600853685,
3,0.49760941557257843,0.00204336335359101,0.0003964499086149748,0.009979662921786633,0.054316252043238686,253.54512373985264,31.300361583034515,90.7036704833486,137.43542128470918,0.31454389993380055,124.30918400626197,82.6893228818683,1544.7367592763721,734.6327256742534,1432.788350613961,83821.9438079941,361.84393685737473,0.8107399235140761,0.002066670638329258,0.00010543168403082882,0.6922361701328108,63.39310583691862,5323.100970890753,0.07129910325623824,0.04037621795514237,0.20474593140318453,0.18596933181285652,
4,0.6727922247104469,0.003453908323477189,0.0005582175316088257,0.0057164412890738,0.06919796639972553,223.7116301998338,29.47125433505358,350.33591124333594,117.75549764278728,0.8306946992425058,387.58767376926846,68.17947744774692,1485.0857107307215,863.9028066341135,1840.4296945933565,94695.7651395325,309.9129069959562,0.6163767165074333,0.0019147647213849323,6.133472332236168e-05,0.5166670076008401,103.5142812662398,5192.1896182520295,0.041221737531740466,0.1024206884600084,0.10711003096402881,0.07645531833377545,
5,0.49864931211796537,0.007798695027777133,0.0009231413154854243,0.00531757848153571,0.06684411449376648,186.7474349926223,67.68883538923096,76.52709792496981,65.92216249884481,0.18594769975018643,141.58762771457094,50.999461722378015,959.7001739003218,1474.4823994141582,710.4106589385227,76145.48598249162,353.88681453064294,0.5263756342543244,0.0006592084884907997,6.152513651738533e-05,0.6035716678632144,433.65073928013317,5163.831199296324,0.21386635589538266,0.14023424199795284,0.06678821362577199,0.0804618763629271,
6,0.6593089068767836,0.0026455758833741627,0.0004445397152291929,0.003937975276241679,0.0679623720919861,303.19660699599353,88.92927503972258,288.99949569211225,81.34441794636425,0.7218451492187685,222.25805703789868,25.195900585160253,1093.534917034354,1462.8051052722722,1912.1828127668564,37340.759272872136,297.322971116114,0.8738112612228592,0.002061447774873411,8.190581905049549e-05,0.5016640445949444,30.708686316907887,5351.996922800044,0.06419132668752096,0.024745453591397928,0.14018929331060775,0.11156501953368983,
7,0.6438507567403238,0.0063319962490943245,0.0005361863785424952,0.009675560208550663,0.07414061965683999,285.5509037336525,33.16926264127874,15.31098570098893,84.79803889691745,0.27296938906800394,399.34146973668123,38.48397571306056,1727.2317373624414,29.452269914786193,1955.8852051790104,37240.296345270144,323.9263808815168,0.7217217477277452,0.0006391232558803394,7.529647457816007e-05,0.5141890052884764,223.8811002616311,4928.536025600712,0.0671650832891334,0.12113488243532557,0.10087795799816951,0.06697131953704777,
8,0.3235035725576606,0.0007507977320423666,4.6751539811614896e-05,0.004232343088747448,0.06269398067209055,169.90447447692836,50.08399394450506,300.6803731869293,143.1959600270191,0.5840004359072688,243.4513075234531,61.064996787032264,290.0633260404152,583.2473525441281,1665.0271274690074,67418.79844281488,365.7359385874016,0.603189392857967,0.0025759489340359864,5.614958967185489e-05,0.648750685376092,99.93643505368526,6969.232265366753,0.03842189609042014,0.2529827077716833,0.1748405442040054,0.21025127937623056,
9,0.6639382573836234,0.0026261352641346256,0.0006100316424638575,0.0030550606754257666,0.023046239008763868,272.1362881711372,13.511327299748892,196.45929079963219,93.53567677585986,0.4927799088995183,235.22949815603496,10.200391341734399,1272.5019791136633,1427.6644004800662,1721.0117445657788,3653.6512732490582,332.83445770522366,0.7656838934848629,0.0020960565640738673,7.937823304953709e-05,0.8060205481098827,90.10424615509027,7774.8890066680215,0.0006687383877488202,0.2037538089846974,0.013660001302846093,0.11797919394108432,
10,0.5734018747547605,0.003086371921604577,0.0002229577121506962,0.00967625077808686,0.07955469854344428,180.69097092707239,22.046566723541485,129.20298282968773,72.79228765804689,0.8380878200709312,10.563262835018817,32.927150024322174,1425.6754633452388,623.1584459838558,530.4449671736622,91833.73049766594,349.14339176266293,0.6996983562972173,0.0011273040820324143,0.00011177559353493392,0.5242814560435726,139.6629228281691,3281.922836904007,0.17251560524976348,0.0009026115416773364,0.19745589601096883,0.0557240124428299,|NEE| >30
11,0.6946849096013655,0.006918596740490907,0.00042545975827104366,0.006774147123128689,0.07586774291980986,348.75026484070617,43.03363119433993,144.652631806029,113.0785923741867,0.16359352102551517,168.6631018301236,52.20267448044792,294.8403779947945,1518.4324726013463,813.2246225813642,17908.08275182597,334.13149085772613,0.5851281761919045,0.0021814820970031696,5.747880438308954e-05,0.5211819957507725,99.11780867241832,5305.577837096176,0.04830603017642744,0.00016557049070663914,0.21251323670171174,0.04433025302978869,
12,0.6639994389856849,0.009473003398026671,0.0007407349711671965,0.0018469067057227194,0.07396296447101654,130.2725918797799,78.71391428730391,135.4914020881881,54.97795136855519,0.7976043307697032,182.79909909285183,53.33738828475699,469.8564887755934,805.2026483120005,727.0183245450885,20303.75150681927,337.59627029053826,0.7925367263297611,0.0024920108272983815,0.00010916777663633981,0.5368482710104102,44.69334504809181,3897.413544105758,0.13336598968031374,0.09573248476275742,0.04068949316416824,0.06621259340707576,
13,0.5983556210608012,0.0007628188495927605,0.000749704611017822,0.009093008173977566,0.02239589802421496,340.18568692917535,83.19264814907773,118.85821231161313,92.09425749412979,0.7751713313172847,116.1381724642851,95.14771571700193,1994.6314271586468,313.6696998407986,1766.6428553168214,74360.85722062954,314.64696837055834,0.5458162837574546,0.0023540206737736368,7.00347686088422e-05,0.76509150712896,147.61641978971673,5962.744097690861,0.07739752293175331,0.17264843098200622,0.11674353617181628,0.03485488885362301,
14,0.4309952682377456,0.006917162856244822,0.0004319412618321779,0.0012947922262068153,0.07441048557147378,158.73615850014997,67.40501237672089,21.817801722606387,137.93300060696598,0.8495500693538938,92.5587119350273,66.95006821850401,1038.1893388620474,1674.6671543758428,1054.2975453454596,11274.988646819884,329.6239176658473,0.5528254281716591,0.0013686360779901667,5.5246950942465816e-05,0.5218101210309065,170.4910612836898,5221.462880071495,0.07409404902529096,0.16850081054165722,0.2164874282015189,0.10992244399378735,
15,0.4993995044663733,0.007067565216088107,0.0005232814221732222,0.0042764051242005175,0.020295691623322162,45.494908255580896,75.98455066958101,119.79319554342898,145.31638947223132,0.811313203443896,13.97760673434966,55.097995597003894,456.60423510406656,1504.3831465006251,919.7980200344833,68268.29294452017,364.4323798213342,0.6379236047602848,0.0023025002169511123,6.560768179705966e-05,0.8976877877759933,141.16461568852367,8728.493582484909,0.13833587412018317,0.18865811659494333,0.13952055236513813,0.03408595245336212,
16,0.6407030422459513,0.005062536068590345,0.00034300656668830124,0.009487002024885739,0.07518480191591104,31.830149799530858,72.03355015278262,148.28193085084075,125.06418697210805,0.12704973070160955,149.16865911323015,30.712017082224552,1891.869956066056,650.34445454879,1565.1020958389613,47552.896118065764,341.4125897924752,0.8842542278741474,0.0025447476617755363,6.157710018231279e-05,0.5362514777758742,24.390961147594098,7700.632784316773,0.018223395781635367,0.08258695366805961,0.028984999696301784,0.22950160860805194,
17,0.5174820759006613,0.007929813427782935,0.00026815946882769186,0.00857498268662467,0.02143040218797791,253.92524544750285,61.9541658865957,89.41456914474091,145.4241924598998,0.9180608171050422,14.035776003810275,36.73863304162351,510.86667813656646,813.5340606638351,384.78554395827393,45102.24400104635,327.845035586066,0.5827218271350675,0.00246017862047912,9.337942930558659e-05,0.8019755239277172,136.02544080388046,5004.620890232873,0.23269085808162276,0.16767363678595817,0.07940460528657022,0.002748823945187553,
18,0.5321364016926725,0.005148924151533855,0.0006457469330079005,0.008431573704282365,0.04570673906765954,217.85029865166655,66.40566074257633,362.65184724110145,93.3320350333483,0.4608875358188498,379.68087687738523,85.62240479452615,1897.9956391227577,1899.747268431642,563.7311874037682,44287.1954509467,352.5761011476712,0.7554746342583007,0.0017571440102300917,7.345087723052772e-05,0.725145893212436,100.9117998988843,7458.445005894152,0.04393911978022452,0.000372543554197851,0.05309416094680777,0.3704577740260973,
19,0.5147546471118718,0.0007100663203491632,0.00041290113213335983,0.0035574712167047197,0.05051020330907212,276.3527325983524,13.5579421200197,294.8007077208325,136.1470211118371,0.18134717202331163,227.85060952472747,25.615109173990085,114.50125284596581,186.30002725829036,1943.5880903224327,62448.664280055404,315.61288447789076,0.7931766013177024,0.0012592459737367288,8.44547230734134e-05,0.6238475723792045,102.46312306744235,5859.012725314447,0.1039079762926192,0.18733002327870474,0.08984108754581752,0.1041662657709868,
20,0.6761020492659107,0.0093688753972757,0.000393080764855809,0.00031642440709094905,0.07617436685599104,66.00869535890726,80.66635574615228,89.46077904487711,137.76147131099117,0.6170620408521983,274.4576585139339,10.780637874860426,1287.4084560153472,1999.7040952689167,1681.2894490235624,29668.183254892043,312.436361028593,0.7816257340900382,0.001008080173161171,7.712617705688416e-05,0.4858193157123231,105.24007837677895,4923.475968460057,0.05178811455444965,0.04086391180074301,0.08444720568939794,0.14679871868949873,
21,0.36545384716053264,0.0005021277923614838,0.0008176241433419983,0.007691959360809882,0.05889213760734803,24.5912051726094,97.07106330947396,60.416926079277715,28.323475003066218,0.9697496511935559,341.26605376260017,53.825561088318565,1430.945403918956,1234.3548707133994,430.6357819045949,26342.35855179342,297.94503927905254,0.897374985374122,0.002220262858426536,9.795849592842226e-05,0.5472781236889614,25.296295542143852,5013.487534555582,0.052397820285432405,0.09993446336453939,0.17219141733506368,0.31002245185443195,
22,0.39767597269772,0.0032086268343211803,0.0007469931816709687,0.005762718086033986,0.028666836238428983,111.60609827009736,88.50136082240759,314.26345434694645,37.92827691746628,0.7883018172947234,258.011933066221,27.7689474267099,350.38150793771774,1217.3237238200259,1447.9510379152882,28266.69406208977,357.6736605176266,0.5790870714564981,0.0025650178203787976,0.00010660735018255775,0.8349538572504126,137.0138134954804,4535.437595704884,0.34881163990071545,0.1598841972137407,0.06143551546610221,0.032192674721721694,
23,0.6544703030857228,0.00832434125509727,0.0006166337409027827,0.0011125431965344247,0.03581909934788088,179.22666771736047,77.60917234034882,48.5257542093922,102.78710817928342,0.8559764974803492,70.02655923027893,70.78789715018277,232.04793698917462,1599.808475157485,620.782588338678,90217.82674836376,290.0535721323188,0.611485711754448,0.002416787048216007,4.9358663896548214e-05,0.6438245863126517,103.49900339415024,7976.097899074952,0.013597857319918413,0.12807193719582188,0.0913234593586604,0.11253644303987645,
24,0.5100761223621949,0.0013507366441284563,0.0005721302725194972,0.008581466863941269,0.04543997880955769,147.59614582086866,20.04132223765698,179.55541623924785,99.94490748371398,0.36486354651938363,106.70206199142,95.52551774335203,486.56169451193193,1862.4642731844065,1406.7982479202271,70500.90346805526,359.6510587823785,0.5106830698285987,0.0013016546548772884,8.843225835597544e-05,0.7412929252838731,278.6662170327185,4280.855807190978,0.1728797308482929,0.06599039512629008,0.072707406569213,0.1783463450940091,
25,0.4301875614016883,0.0009035632817493878,0.00016358953220114015,0.003436229006861237,0.034080964024951824,60.20924286074323,53.73170351208507,169.3544582750083,94.18764947437194,0.9109184899385934,112.95797115807633,67.23100342584101,1685.7944870749834,754.1629867278534,202.01571183450508,45239.42480711991,367.56939282100245,0.7335587576977578,0.0023823003391094557,7.568095869946435e-05,0.8262468226474797,92.40909983531685,8008.627311129645,0.12040645504377281,0.04301740961007113,0.35706838107247024,0.04932019287199751,
26,0.6373079576620073,0.0023010026344655477,9.099161092862863e-05,0.0017991094157225498,0.05703547557804502,38.222406687193164,79.21822739993988,290.71015717249935,122.75484283230273,0.5307272598329305,164.06332313724556,27.929690053665308,1709.7571492577554,1948.1406772941066,1873.8505266177149,21560.352516238745,369.9795316212254,0.6266535454174833,0.0012560909535929022,8.723248533624725e-05,0.6910249231815682,205.3925349593826,4964.127944015345,0.12414154462758849,0.007683041662693992,0.016726574390599023,0.2141408816571112,
27,0.6001323901876104,0.006636086136716034,0.00024401919265961246,0.009884804554425475,0.03855496559008707,266.76808995490484,22.19092522563249,93.07519718029322,113.29796509811334,0.40811281539284733,110.1383417016411,83.35068714117088,617.2037058770669,1290.0446599958977,764.1895082528761,90683.3732289609,354.1445050180186,0.5250651610943374,0.0022976543782964737,6.306240230076662e-05,0.7702542356412796,159.214795217339,6413.2295879198955,0.15432038042095192,0.12035284008367843,0.01616494994068618,0.109029439367073,
28,0.4470562863743018,0.009105067172261037,0.0008188382513795304,0.003346630112082787,0.0640271220903108,337.67110729610664,14.94047357581842,60.562783615195464,98.34962815952849,0.7317596815840756,265.1723501776363,27.369685683156124,976.0231494309393,111.03165350658558,291.981171706922,34979.38818187682,293.6948767987632,0.8931321654783526,0.0015686593267481672,7.770859294139012e-05,0.514501697706218,35.051385188622184,5913.3488076566255,0.18055085394755166,0.3672001196673443,0.004776923587608836,0.00041581642319350444,
29,0.6079708251036315,0.007739947072117999,0.00011482442323299827,0.005564188764981711,0.02079999271583302,128.20817494384465,64.43131318349853,292.0604421301539,39.501198751152614,0.6503229943744463,170.23458449475126,76.90556982982389,1282.0538292366427,1370.3206339575745,1354.2098401900466,53325.61293753239,302.1647321518159,0.7626434886697786,0.0015207182678674336,0.00010200922608973909,0.742023284667511,115.81636250181846,5547.529847890509,0.08993912051458375,0.0006671354091182642,0.20380821847820685,0.09761470049445967,
30,0.3435351343638247,0.0038104637007241892,0.0009800208386744344,0.0008112324818108331,0.023377317396914975,61.2438593070891,52.84235711372947,255.9379905787802,26.08602551323683,0.7017869824988054,114.64082004773265,71.56743787920695,147.15514327646468,1559.4351247895843,1306.3208611333077,62252.62140946466,316.85107386763354,0.503394877770172,0.0018607578088341405,6.81965119437441e-05,0.7657113668716614,204.3555508044972,5652.124558094066,0.2613471050550956,0.2108401719623838,0.0699192220085608,0.1143583666101351,
31,0.3443257379015514,0.0027350266267310223,0.0002303900339161258,0.002156742686470683,0.018031157805915146,272.482941158549,78.29235855510869,130.45369166859527,45.220734764676834,0.31616697234449365,143.93565675045127,90.30388707956318,1964.808025310565,197.81123317077763,80.88311877965013,77954.64121746234,323.239396797701,0.8510840421493033,0.0012098373851950235,9.141425678868117e-05,0.807071249961959,99.34044832187958,7513.986175131979,0.03420189294151298,0.13893962076791888,0.13408523257093752,0.34844751581807915,
32,0.6078625531874683,0.0019911087658576374,0.0006863471347223463,0.006986313747868109,0.030221618214314603,271.047573656188,98.35710142839959,12.625858408845229,102.47118507479757,0.9746655341868644,94.56397403487085,52.32782827706532,148.55101112751925,1291.014574487512,1156.4489060811095,42119.91056096672,315.4365717973943,0.5479564728584834,0.0027004473170495354,5.4766931009258284e-05,0.728585985113255,121.96223064863105,7289.680090149524,0.03520208371078744,0.11390892025711956,0.01990657955544859,0.2231198632891761,
33,0.49862840469234704,0.002785419809751549,0.0005363314218175095,0.0016597326328676818,0.07540252856314787,52.4811108153026,55.056655423668325,71.45418048253777,140.26410318217643,0.866112010294251,233.0211495982721,96.69944255473666,1278.6314450719883,1344.6726735137458,1734.3794954678506,37722.37765102231,301.4482697065482,0.55847404353387,0.0019859454756323805,7.814137573601895e-05,0.47243422230498033,105.03408800995265,3376.4730649965327,0.0807766689945123,0.24839548580324428,0.06412221908172756,0.10807722142816886,
34,0.44471440822476094,0.0028992176867256945,0.00013848079186723976,0.004473089054148024,0.07431724230519253,114.57537419329417,63.00292897249696,163.28701911567046,142.97064882506697,0.5848275860001907,392.20968380606774,14.046615747398167,504.11148642755444,1140.8759523457395,265.2783842266042,32631.88586769974,304.39271223002805,0.7647319990007875,0.0021491129265352555,4.6363420035639974e-05,0.4823218115977883,52.800803090357725,7955.558991578316,0.0746407325529335,0.260561440690955,0.17107263816574908,0.04901078036560152,
35,0.4621744908541759,0.006660951392299776,0.00011723040410403065,0.0038202352929308284,0.06739547937859344,150.30848563389407,81.09857690135232,55.36133706177387,147.8451831115573,0.8321201765673543,168.10522128561075,88.0474824784289,839.3923648431283,603.9743978439611,255.0901147629694,40375.13961395289,291.30039523042745,0.6159649071143614,0.0012988341428707747,8.309418940017618e-05,0.4941998723561785,146.12342532425916,3663.4303874821517,0.04007330192173395,0.013433996382563351,0.0744746983113365,0.40984351253019036,
36,0.5588351793641129,0.002985293236609455,0.0004448799619657528,0.0017295895042068563,0.03879556627836564,172.8626818504576,55.30872162805278,114.70950810820544,97.126187975791,0.29092325617119796,332.38411076388786,75.19478175178962,1742.3526540988976,1753.1206007617402,787.3577843975922,78172.90528450524,312.94571051957115,0.6458405132935002,0.001648782926077,8.002721260249878e-05,0.6794123529077746,145.9381501119666,5483.0351885353675,0.2680101749204195,0.00397180138461322,0.11432531093020686,0.05485753340064761,
37,0.33787560135984185,0.0017075566581713387,0.0007807938197472693,0.005490934243181254,0.07521669101168621,26.809528736399276,70.77893926373022,71.36778216717116,90.10346822936859,0.23028044484123578,374.19586327832474,63.54830801913359,1408.580948597981,200.79038800534164,111.37353295177961,28942.931541495946,333.28130777912475,0.6360932606314958,0.002089606240177221,5.0281999140354445e-05,0.5233103733027268,91.13495545943574,6620.146520969658,0.03064785448930082,0.028025073562364992,0.5762964763289222,0.027154994259570197,
38,0.6588858487798429,0.0025528009037656878,0.00028842143867902255,0.006298898040578107,0.022485861808945996,133.54042957572756,53.29598226445254,216.11704668026232,64.37313618797452,0.7394476674754566,207.31794281684142,26.476555142776643,1435.3164095055292,987.7175973539551,1577.8990900081558,21735.92478883691,301.07399900036194,0.7129621332401058,0.0021657323061723913,8.40981722440304e-05,0.7316760830898985,96.97354629230993,6202.956938550684,0.12068901970656956,0.0200259872696507,0.1630259952224933,0.0373731490214435,
39,0.42729778668130813,0.0023955428028331906,0.00071080116876602,0.005736412384068949,0.03532558267752081,310.32539067275036,29.06506359166959,38.59921735576507,92.12383168196389,0.9286703341274077,90.26581922698526,77.04580102467273,1197.439584609666,1038.4475591169416,1214.5336610486738,94285.96973065159,326.81098001215895,0.5736509714848222,0.0026676833361356433,6.826403615081229e-05,0.7280358415228165,116.35465482463096,6117.986736715453,0.04559427017280998,0.2082868836916894,0.2775467696765999,0.04127428977759261,
40,0.5156442384055643,0.005592362672038128,0.0009388041831030984,0.0021592872269085963,0.034835340303196585,275.2440181444511,36.592056889554996,34.62757980798033,46.30592796646937,0.33856735083405143,145.31500535902433,75.49481057256399,1827.0623925795308,832.899977755584,1817.2737767480075,58853.63589007153,295.55587293016987,0.7973193796175595,0.002244320683996142,4.9770861516165915e-05,0.6607601824496809,59.67208013449209,10585.24772723986,0.0053570052463144295,0.005221625130883413,0.43539727309023685,0.03837985812700096,
41,0.6809512560749652,0.004022196235006913,0.0009538548170546927,0.0032951831248808597,0.05364423428620928,261.9651715748491,86.1932579880622,265.8284895914592,81.99920667537214,0.2554388997015905,29.47422405264384,94.98289505792658,1616.0000926232901,294.1705067145382,329.5109598985007,71811.43636267168,323.90124808885236,0.5460236637884491,0.002494945582621059,7.206783362530686e-05,0.623281797701718,113.4113661311671,4722.309435901182,0.005071065377548328,0.034695908032182074,0.09613127784711609,0.1831504926681883,
42,0.39888572701920133,0.003262456557732859,0.00028590151294802935,0.0029822153064560444,0.04305629583371977,263.7175515335584,41.99630874906497,297.86288132649156,99.07111957881311,0.6220999596186695,63.327763338955734,65.01977980608832,632.0098793074503,1091.1102833149703,875.2199911614022,91840.53799708502,305.6271259432903,0.8228779913633748,0.0005812835553404693,7.88263225728134e-05,0.6420377497312897,195.63432477689383,6702.31360076866,0.17219380415787236,0.13539672420748874,0.059134929199292835,0.23438881541614476,
43,0.47676740878321133,0.0047047488159988535,0.0006547630405795177,0.004940250863873785,0.03757672536684068,222.01860244342546,79.94861992354643,59.52315994365963,130.02134912780932,0.8249684282414271,335.63543068494084,94.49107452378114,920.2709250655244,593.8113232000528,1467.260428570134,15982.80496498172,344.2265783467292,0.802496113193617,0.0016324896714335314,6.408345127371768e-05,0.7541998336025133,91.2455381322078,9444.597989145997,0.26483729028999414,0.04874701409303176,0.20709588781929636,0.0025523990144663785,
44,0.6218024728923097,0.0043607964274887745,0.00042123323893490823,0.0009139974703934581,0.03940870448009117,222.10479453971993,22.5146637987649,340.74977236148334,40.202496388891134,0.24229191313739712,32.45045843324503,59.370821197120335,1676.3842747548922,758.1455805888198,66.96192290638356,77175.42998307805,323.3842337620789,0.6399207314157386,0.002526640375224618,8.283927675086558e-05,0.6988169440102852,99.59054582555795,5398.253913800621,0.08437129191085685,0.07717789928354712,0.0919775589253426,0.12467077698794371,
45,0.6861454279637554,0.009317357157700589,0.0007112215677161875,0.007061594380590349,0.07431719600603588,243.77055319650333,27.49391477651374,359.4852052760421,107.48815769309422,0.13425773493978235,143.78480885088675,65.04664497714336,71.8362048060959,157.11809219179662,486.21680192873646,20794.515783555253,304.12915034754076,0.5652781264915058,0.0012758355446842629,7.848696620337295e-05,0.48190441299621384,164.2017187423398,3470.76765613068,0.057156065734924356,0.20640963476046395,0.02425624504127533,0.026032626499580946,
46,0.44722564041089763,0.0051405205883690895,0.00018258316115118733,0.0016210399199267688,0.018807372510746028,159.13687661003857,25.87529265424664,272.05633475960667,29.91907948166058,0.3359987271406491,175.54106879892652,14.773180688878064,999.7373901415273,1802.994854645124,399.12569791926705,99090.81756456809,327.4577567735166,0.7102720788395016,0.0022359791945431116,4.85631520182529e-05,0.8138580182216276,105.45598649335233,11903.27650612965,0.3014017776586427,0.08671029124153085,0.10519697082040975,0.059465319868519065,
47,0.6356478285690053,0.0046142372226413405,0.0007268464545806232,0.009376951502642122,0.07561349165848522,259.8969600187241,59.88560234866716,128.0893491480452,56.91232195446996,0.42580564777787516,109.04675629936433,10.661360191397312,671.7614063629115,134.63362274139115,1782.0168737945269,19028.427405580023,358.6640252938532,0.5390341554592155,0.0023222418762269565,5.515338249288298e-05,0.5608988181415038,111.33861638332506,5481.869054431832,0.03303842951649346,0.1154118274424671,0.062210829557102255,0.1536910849149319,
48,0.35731975250155473,0.00016946615679850236,0.00029797156113340017,0.008042596648271361,0.07825265147650576,40.31662100543631,84.1068068337611,353.284034148013,56.78210521219177,0.5739004784904327,279.2729480305807,23.520389193643155,1366.5739531468332,727.2472106377104,698.4194008441432,56244.43714535118,299.2929339826469,0.7949251124470429,0.002311408895843258,7.367524218806205e-05,0.455544677913773,40.41724238689187,4915.136938279853,0.023990421405713218,0.16508445781070097,0.1476338825812309,0.3059714857008001,
49,0.6959973354278004,0.009321653952737296,0.0007368460545979945,0.004660537456816424,0.025976049672477027,276.1916294664232,57.260912509451266,23.562876337064665,138.73376859360172,0.5371903845684857,253.5543361409281,60.56978440145245,1092.850689124525,1760.700817289409,1559.8596131771337,45556.98564945624,364.8642798974363,0.7249580306257887,0.0012901748991425441,0.00011146293635543291,0.8671192377759185,184.85414884343038,5639.767580958084,0.039475432426424324,0.02785309833361082,0.05028992084357119,0.18638421296859328,
50,0.548226772798187,0.009286509695758546,0.00020559949148088276,0.006644715762213505,0.05913552300032142,106.71876147559402,80.48573241655856,106.3775045559649,127.44068128349524,0.8903208342272547,187.54643983448221,57.72432817168174,1816.9919811487705,71.06072212842426,1360.7799039033087,93671.10549289324,342.83017181175,0.7051588777728726,0.0009593609802663336,6.415720998740967e-05,0.6283382688932228,193.10766661293363,6906.1343010621085,0.0216147459840229,0.07819226254407265,0.004919288367783167,0.34704693030593425,
51,0.332935738650393,0.0006007252634375972,0.00022542165953474088,0.0016657722812712101,0.0734828739522797,239.357952159509,47.48546352024891,84.64019363671139,139.8218265323266,0.5191695016580335,298.2488591687286,86.97873081494036,1330.3120457964026,718.8588343926208,369.4424351366776,25186.425970244672,306.06130772046123,0.6854311885815144,0.0006065881479867879,8.402315507193388e-05,0.4890562928612742,253.61830308206527,3989.5483073944165,0.3631119916568338,0.07988250654062877,0.22079636763821878,0.003273395513925659,
52,0.6636643174297646,0.004137777792271934,0.0003333521057148861,0.0016851233327662078,0.045584621937590455,55.19908866143071,62.82045790093002,64.08357275643786,79.97588346622226,0.6983926976732068,52.656029587008405,93.3398007159628,1029.438962225357,46.975621128339924,963.2435721932685,58898.21029914029,357.2449524008028,0.6792950207880051,0.0005752839321003044,8.492236201088459e-05,0.7354741063986894,410.0065982069298,5883.066445220899,0.021268477292825792,0.1336305399320825,0.1803511068561367,0.0010855584891903921,
53,0.5579839239373391,0.007251274998683328,0.0004708308417879183,0.007723718019964127,0.037768978818999516,194.3920681607306,81.77816759912876,211.6379249286639,110.52663462007988,0.26018864472229136,37.464205550146026,21.766945372899457,1958.9533171960168,784.1497463933276,1697.7191298514915,62982.034318972685,324.9313872420263,0.6939462315223894,0.0008697737190265788,5.130758502468212e-05,0.7109018174539639,250.1503270216875,9615.101489716866,0.06539695751117994,0.0445882714393015,0.11800236736880533,0.21402847974337413,
54,0.3740239507462048,0.0017939369522371289,0.0001572665504429646,0.009439889378398904,0.025608447864567438,18.915984685519753,25.69645687691704,206.8483125595808,20.828466381490703,0.9599218221084498,149.1092948088947,94.0719099886137,578.4649989951334,635.629704728699,292.1406418362262,37064.75768567815,319.8847338058393,0.5807815250310143,0.0009050774524892156,5.227190020002435e-05,0.7620489746423603,352.96980178064496,8466.957656934474,0.04203360855602856,0.20590705632082576,0.09279608401924089,0.2852393003577,
55,0.49588239813718893,0.007517068035077341,0.00048084381152567734,0.0004037675691860019,0.05120726401775014,157.9765613747964,98.21853160566468,2.88130273989896,123.53243107741963,0.2589344957340144,118.84329499786888,91.86473168445119,890.3031868283232,877.3028848699447,1909.8379598389631,31970.358482897413,314.14753630026183,0.5833492631444379,0.0018831705220255955,5.8345382933254724e-05,0.6172950209181233,136.57628043484738,6171.843897352753,0.11395346985683392,0.18685005985377973,0.1797221167372382,0.02359195541495924,
56,0.3105068666662584,0.006764976641092263,0.0001359546074695333,0.0024270532401282534,0.02201769073121252,166.76558514171802,34.06157736922344,361.15425037969896,132.89868568613196,0.5082194281720132,325.3442881066007,96.23751013873385,1394.6824801102555,1991.9138503167842,588.710663098469,17760.336516339696,356.6446204641542,0.887531396894065,0.0018153341131497136,9.716007454151898e-05,0.8692586701025312,53.85471889498485,7940.446375519169,0.14838096730293807,0.06146501961927626,0.22388329556051456,0.2557638508510128,
57,0.46178724232633656,0.00897671023470642,0.0007482601564631614,0.007474221605858783,0.0531403894208833,66.89837866521786,40.18020256922179,109.96273719330895,89.8262623902348,0.9865642029390997,85.16788953332068,96.61577226348906,1388.8685247108976,542.236748207114,710.8417489769472,41939.60458295661,322.9197039151636,0.7905965113050741,0.0005653284321701287,6.466998509017492e-05,0.6241091503456837,231.176473659974,7629.791722525615,0.18343639933466566,0.11902066049657736,0.15226322179439586,0.08349247604802461,
58,0.379069720038984,0.002744936753944313,0.0006141606935968222,0.006732080646426958,0.024086686418028632,246.6105736334473,67.2181806907316,3.971073784883502,89.85100737526417,0.6490888354853115,36.440434910481166,43.621649238001595,1973.696035373134,1337.8390259556343,955.8321677912514,72423.21809595502,328.17336664356446,0.6036650156370459,0.0012914910543839466,0.00010542117422646247,0.7895047115192182,242.28455662335824,4520.879012417001,0.00945196169596999,0.06510544933074992,0.326816044740956,0.2195568241933401,
59,0.44192518702888284,0.0005438851178222493,0.0009600904527799941,0.008988617585903561,0.06134708552351746,228.35046950837452,87.01554884873839,177.59146951768065,94.6230451842461,0.7212227464441426,353.5631282221916,10.461003501709644,80.29441444294132,1239.1203223914897,262.4609647963965,80053.72282424489,364.1841871407765,0.5809611092360863,0.0020784391410741867,9.733230808736182e-05,0.6541129734798398,131.87721950791234,3904.29659078336,0.059165766152554686,0.12303426363590372,0.09042445423428296,0.2854503289483759,
60,0.42064161683762474,0.008896282003369841,0.0008923211082059636,0.0066485908492413745,0.055061534533960774,105.563672129818,27.031828951251203,76.36792923119904,27.851018669556062,0.2553156870783869,13.4767781912254,58.45989150602461,927.2196478356652,352.16469949368155,391.71841869911486,85263.455098726,367.525145066748,0.5936895102527581,0.0010298539985424396,5.903840966238926e-05,0.6985345319935873,275.59431550624674,7024.454529948278,0.036723058699289095,0.12625971058472807,0.16274182950160257,0.25363378437675543,
61,0.6765134880342347,0.000553922673510589,0.000787873984004447,0.008614092543192628,0.036243275981869126,14.304164467523108,53.663039027543164,46.14476738269437,51.88970778523958,0.8511071440208323,290.95971680738097,10.825786498601804,515.2225076625311,1936.6093430165893,1997.543727533544,63463.77818810256,336.4000485251778,0.5612525330585649,0.002412955705993646,8.272935327470074e-05,0.7443755631221639,135.34972563388354,5049.993186360025,0.003579674522616456,0.2078706697825279,0.004810424345923931,0.10722574331469699,
62,0.43405916755543517,0.002309617571665169,0.0004703001950465987,0.004007831743209038,0.0494366933583288,334.54646950820387,73.27944455573773,337.3594586231174,35.463326628260496,0.21905429059181614,352.8110117339334,45.46128668974549,851.2008775918372,699.9170290280081,1207.906884963481,17620.001860621996,365.4990315353467,0.8765772968254855,0.001077982901828075,0.00010447341739417302,0.7290030493775513,83.46656224700628,6116.65185594428,0.10573143657718333,0.325672741767664,0.11508869471456201,0.01944795938515549,
63,0.5713635259258554,0.006085982163955806,6.117039604795042e-05,0.0033450856356473514,0.07028976849977712,79.22860244202563,44.810718850277624,18.411902454372186,78.37848412426663,0.15200000324630686,34.359184179947086,63.618802496253785,644.3894978059335,884.3398546013017,1381.4094721762756,81402.90603831939,307.13726737216484,0.6016074806738669,0.0025555579112506127,7.218005157819055e-05,0.5065939612781127,78.97424027077776,4222.367677847537,0.0018906574465094193,0.31460872318413163,0.01625048761334695,0.09588660583015665,
64,0.5592023812322962,0.005884993850716464,0.000897666952082452,0.0006593490947314833,0.04946342331369194,70.82516290214167,47.364896013916905,45.70585664176268,20.421811952804156,0.893036192382368,108.10154991377959,94.0922452552863,897.7469595421112,957.7489253346959,1889.310600974671,52894.35379208451,294.64721508081396,0.7856203392073289,0.0017208284901504285,4.5242224822839495e-05,0.5875547110110515,73.19717238797818,10202.746066863201,0.19388732306199563,0.05706511588734613,0.008363157150127502,0.18148202266823457,
65,0.5500318153709207,0.003102051021382782,0.0008257154109760464,0.006374281190402247,0.05644311122290145,65.77429019378675,14.597617621957976,143.86568512577588,96.1866958654016,0.444061090630535,378.1487700521017,38.25788851503623,310.1393227601513,143.84496253518478,439.9867229227707,74402.01994172917,302.07090148363335,0.5112968668657618,0.0017279862355420084,8.54026503710484e-05,0.5671706476675378,160.40525487748448,3395.5922195705625,0.07305063804926142,0.03825883004284104,0.025386720891559373,0.3132719956454174,
66,0.37566544309581085,0.00990271216482121,0.00028704961102423256,0.00563201768221833,0.07242049691491045,170.0720280884042,54.7379623292093,292.0923521982913,32.727494136006754,0.7834328137592421,32.726654423488526,11.069229963591418,1713.2485456407685,580.1617251783351,1836.5663929423822,90971.67185118826,336.78245176902897,0.848646852738042,0.002381387636887184,6.434301060437762e-05,0.5438960929194627,34.568242553928606,7173.672837764542,0.21148343089620802,0.2945403970671128,0.05219329965284102,0.06611742928802726,
67,0.659047966499086,0.00811347115176411,0.0003488184146775649,0.0006687289498193298,0.07443339245800272,15.755127396516732,77.48488838458515,55.86013622390256,49.61689151100791,0.6824527844752958,116.00967133453372,55.49183710273765,725.1733069874062,452.8457286367876,95.59706335968107,79881.5895170184,333.5736423253901,0.5002337361828297,0.0026896332784985735,7.731376055149603e-05,0.5279405553907776,98.09771502845818,3415.8689814300665,0.06398727318132448,0.037269526623595346,0.14128335059834035,0.09841188309765375,
68,0.49135113022301147,0.005073621557294088,0.0007090389708429266,0.006761834890974823,0.05593645438308931,77.42931607490908,77.62827895156121,93.130006234949,56.47059820125297,0.3531030445765314,108.7890012790276,47.393572520166444,1223.543975452792,862.6817434271422,1701.6219404627911,21836.18732948998,341.09725801919456,0.6633013547635657,0.0011226790392611602,7.104092453501289e-05,0.64332752255208,192.93805060184192,6006.678827148032,0.11761489728149628,0.015085277370330327,0.2096235712386316,0.16632512388653026,
69,0.6752047893910744,0.007235350113625149,0.00021842788050307704,0.001569599238722988,0.018772389124608026,245.11524072547886,23.12626967585402,152.08195530761355,94.16746272688654,0.37608505825736205,160.8869350891794,60.35516460140398,562.9011775343537,1744.1648258707962,304.6391619464052,23737.803093807863,321.8606752435662,0.6232910320495748,0.0023859662358160913,5.966807709422724e-05,0.800113563421066,126.32616094686401,8357.963470383524,0.11542518985084636,0.010056542221408806,0.07653190006815835,0.12278157846851202,
70,0.5139624539950388,0.007683506250508673,0.0002719117437687423,0.0051778213630120145,0.023091983552313768,313.66934600588314,19.299056247046558,201.9787572376424,102.07816467499268,0.30401631336980706,349.77812680035635,36.74325127979769,1136.8262915989014,805.9457744850203,78.69295341505777,30670.69358655033,360.51873952439564,0.5097192974626348,0.0023609822518972966,4.7031134220964554e-05,0.8728115079788747,181.2477154246709,9459.454381306025,0.22967913332781076,0.12322086802874499,0.1296357573618602,0.003501787286545272,
71,0.5015426648073438,0.004861207568504694,0.00028796505192437756,0.0043016005877929316,0.058576906538564205,187.70184080314226,39.02359361642638,335.5587560393116,48.780099319305194,0.9534806685012239,348.16800979245284,18.899079816707648,1660.0715649868387,761.805533898398,989.9852621417145,36632.47625855364,346.26821616970767,0.5155909375166388,0.0010664941858618687,7.963196827233774e-05,0.63785498224428,289.71816072264255,4129.902292132967,0.0075580735119010894,0.1824634417703085,0.08897880945973329,0.21945701045071336,
72,0.39228179772754235,0.0021184538348029192,0.0006565708889364479,0.008824503260527493,0.06340932014253291,73.31173487677779,47.70099170077338,34.61929280302466,37.96319932652253,0.6957241609409905,347.0186667091448,93.9891399801161,948.2315378661069,1768.2339165334179,1735.1151523390586,52399.94842526537,304.38903041719493,0.8024542103379071,0.0005901638763030799,6.927812559873399e-05,0.5363368767103174,179.52825662312955,6212.434028144985,0.06658620647736951,0.1536398280361378,0.03767940195942909,0.34981276579952114,
73,0.4625982895475657,0.008113545332679335,0.0009720711050400405,0.007562555726414988,0.018867738766832034,30.01350308078106,15.066847347990269,207.43538290379877,87.52432367667821,0.7127845500656301,164.00464329395493,48.93106641766099,1775.3484973699613,1357.2608154649697,1581.9266985503489,96384.83249246777,343.62408713247646,0.5021852672387134,0.0007224152342449957,7.136145355530824e-05,0.853730806041964,588.304001512413,6007.879767328739,0.08090935746197565,0.396679510512913,0.05968744425499163,0.00012539822255403733,
74,0.3190761458881489,0.0031793860622698965,0.0007556051739098517,0.005301373728377384,0.07153280171258737,313.4401105125659,93.63082331610201,342.3161808498222,123.05981227405945,0.628489300708298,335.02222060789495,72.05800831806246,498.1240721212322,930.6033565375757,146.2598538893111,48918.18883643213,298.7473830442039,0.5865651811423358,0.002132616267238133,7.435684908835294e-05,0.486746700627448,94.36204585651505,3839.7090533613623,0.1904780227620305,0.18091762039871437,0.18550884120574973,0.12401936974535645,
75,0.654382211261577,0.0030583139900924802,0.0009410127487302791,0.0032751176859121124,0.04816766680922918,128.58875991667117,89.50941132537619,255.92549147560206,40.32311971958643,0.18681175740379707,82.7609652751862,53.5472092429875,1003.0011342443496,1738.946927345615,1169.3511931774706,5345.169165875192,369.7146641403046,0.8949576374091766,0.001161471238452233,7.426895880601402e-05,0.7452384886835219,67.39866554874764,8980.291199189163,0.26411837417930134,0.0029693932329318677,0.07046460829242067,0.008065413033769156,
76,0.518178191698611,0.00010947069206124331,0.0008851459658836837,0.005334612662194191,0.06436547002750924,153.16882378341512,11.831399135570669,66.85640267130604,121.04222886152476,0.1614341818010573,282.595132424887,86.04069986864884,761.3595604821004,1721.9204847413764,1083.0066860116092,18595.029338161756,337.45246219746616,0.5505706674879103,0.001514026275385107,5.154845111265197e-05,0.5892764431245577,174.92306626660377,6293.852048376285,0.14569954370280358,0.23514525947250314,0.005732837927732054,0.09524416719835026,
77,0.5397092223714681,0.004737489888017922,0.00010240951611456259,0.0008020995327480252,0.05779276411784953,343.87313071843334,14.603548283404727,155.1513629115773,60.09608958940519,0.17212389701406328,127.09001485010693,33.74813462381988,449.0586608781052,1284.895699342348,145.2030668616119,28996.855503780167,319.9226471495024,0.6322435255482133,0.0024586190458533727,0.00010121897749792269,0.5934978020682914,88.77449300314903,3707.1619577709444,0.052307539705691505,0.019322628750024586,0.32981075715755004,0.05884985201526573,
78,0.42703910358349184,0.0057959899129833665,0.00041087882643158413,0.0056728141777879024,0.03806084913661066,187.8905685470624,35.09586037567041,99.4149798015604,61.962266215035235,0.46465813307567416,339.95025380993474,18.83634399094956,127.39680286260851,968.774438592051,1870.1674021509095,38140.45965308564,318.3085205533815,0.8761579208176024,0.0007887024065863493,8.432107365119752e-05,0.6948905370860594,109.11173618625047,7220.423339100856,0.14886266077577404,0.1482395064360363,0.01478642559380299,0.26107230361089484,
79,0.47554885349717224,0.005094826991412476,0.00090364983568971,0.0028406143475255964,0.050178314501677174,165.1778460221726,68.1621440508213,27.180657411913476,139.62498027005,0.41002211025355595,76.02587609268186,19.313430215428063,415.7971203676388,892.6070177577656,835.9069877520421,80118.1632769828,295.9518847540381,0.7354134945395207,0.0015586035812744459,9.529813187778884e-05,0.586624944495472,99.58468333114524,4526.9712208914425,0.17748025571551015,0.07695571323654155,0.11945664628541165,0.15055853126536442,
80,0.43160129924625273,0.007214660658303238,0.0001219674504243427,0.008420779007619391,0.06354799945376723,345.9222424419877,84.97566932221493,95.15063001324201,44.90504814888391,0.6687429368344098,328.4780719829319,81.79075224758813,842.8771391932441,302.5515694243024,1492.1654678827515,52152.12476040328,330.89263753653773,0.5865237385337699,0.001522714758130696,6.947498149284409e-05,0.5822794826239689,158.11151912614798,4915.73702765644,0.10119769712490478,0.27900639358800566,0.136807818800946,0.05138679123989084,
81,0.44129678114390575,0.009739004333464136,0.0004909537365410429,0.003149520241135979,0.07474731674153601,77.14515422784943,65.22549503801389,244.93146845629192,65.53474140341297,0.6397127603474705,198.0788518225013,62.74141390366466,42.4456382989992,477.04952789135683,1936.179040426335,59103.73460506659,297.37770682147806,0.7254235167477805,0.0015703036658328369,8.44567508399543e-05,0.46916234889910374,82.03569197346577,4029.771423589153,0.20323496591355922,0.2411351674960267,0.06683004123301867,0.04750304421348974,
82,0.3136624090063301,0.005002572276468105,0.0009916927448132007,0.009693524239793928,0.0290330504122059,141.50960940318865,53.523451335508675,322.0745668210452,39.97326123101354,0.3293076983163957,197.69642815791303,68.2933921870888,450.70342848518385,120.53513970371951,1983.120257426018,93406.70938430527,347.1749840805443,0.6026131913673398,0.0017687813873240752,9.980006526411352e-05,0.8084375589335244,181.62924136679072,4881.511210647808,0.32902257323211626,0.11681928515861277,0.20649597421773805,0.03399975838520307,
83,0.3759696786939831,0.00822279746648398,5.052132743282528e-05,0.007393422489000196,0.03584274797734087,272.0494295628796,19.898195696244777,1.4248310336351135,100.3910188806391,0.17445356388688404,49.33327853357351,18.689134766414437,861.7615889482225,546.6404557800796,1412.161418811548,15378.33817400619,306.3251537231312,0.6219701560859927,0.0010979394448312088,8.762401880382255e-05,0.6798243445479293,234.06927592250304,4825.50857015802,0.1790959164677123,0.17793017169627495,0.1750895587448101,0.09191467439721969,
84,0.6601271291313778,0.0062315661921657035,0.00014802939044622346,0.00147006337348414,0.07130231445047991,338.42953307096093,71.5607930128119,349.5914411969678,35.38092001905177,0.9936060492236574,20.083166884578404,93.81439428489165,968.0976868129554,1883.815174150033,562.366855551616,34199.7164004009,315.1592144111089,0.8607365130713684,0.002273515502477172,7.55024395876229e-05,0.5146598730400533,31.525330891173155,5867.181867999764,0.03163109147967473,0.07941509097403784,0.08183145827341001,0.14699523014149954,
85,0.436285915363604,0.0025538492638418693,0.0008333932551601844,0.0036200048997792273,0.03017967837569077,231.54194936342807,47.73246104813459,66.00803576286839,22.24696193963401,0.7698462594366287,120.72601075080362,17.33587513443528,1786.09918758916,696.833409087666,1075.50931608797,44689.804004581114,343.1756301641627,0.7249874274648163,0.0016395617135068299,0.00010455639931659347,0.7928856963333931,132.9950152401437,5497.819024140479,0.07821966646319112,0.09371121449238073,0.21211294710556464,0.17967025657525942,
86,0.36311772536746223,0.003560755776714463,5.084442100670109e-05,0.0032839835541640773,0.05787949785775082,85.1479414573084,11.606407947334333,207.1862540073839,34.37817048585019,0.20568843839546042,223.88855692433214,88.97480287527411,1426.6508459532288,855.0661959197322,72.25255082999223,39682.19568728506,309.24399275451077,0.8865241156202844,0.002158926862300719,5.129683942985732e-05,0.5732411183039058,30.130267031385944,9906.888632709011,0.44531791651366337,0.055935231210032556,0.12985046913162618,0.005778657777215668,
87,0.6844728516010702,0.0031245076583935228,0.00011326920302239554,0.0014058382680099853,0.0321280818245208,57.934331119280614,30.160798654813522,356.43789559264843,98.37235817041581,0.24651350862977595,162.04003282158763,81.51900522648226,895.5429172722787,1890.901003869586,942.2761406225802,85153.94927826065,359.6793858218915,0.5852707701623932,0.0014295106099923766,9.370417416635027e-05,0.8198238351048467,237.8470683315596,5120.571539507856,0.05225963094315137,0.011509346829491746,0.11515751951942137,0.1366006511068653,
88,0.42424733089909566,0.006483245510269453,0.0009776249084339707,0.005143154150754271,0.03526279966153402,182.89141241361492,70.64866157484036,42.13337427874095,31.745521455767232,0.8813132095798125,300.60035792062206,23.45649148355288,454.9666278019047,1986.6278544355994,1475.911941009441,36074.25785543494,294.01078980186657,0.5608202306550679,0.0018617068096330874,5.747654113525632e-05,0.655266722044693,154.57852243861902,6393.683874137605,0.06364539110994065,0.3770380303339637,0.09068953339022336,0.04437971426677661,
89,0.39723067950178576,0.005261421391433307,0.00046942720900090763,0.008946033236448216,0.07190052331167977,302.90086357043623,90.10417764433593,299.3978420398092,40.22896244979465,0.6750308835504041,367.15057270669297,81.11137594247525,1947.751034869085,499.0553339695434,1212.0331376614706,52337.76854476997,340.53373304901083,0.8226246772842123,0.0013933719804712255,7.771483166450939e-05,0.5528078756495054,70.3720734430148,5851.565146142122,0.08885461933514294,0.4636348274261271,0.03081423569508571,0.019465638041858486,
90,0.5955044657819013,0.0039011996359544663,4.7773646877473873e-05,0.005786368230281106,0.03155450605971946,20.59462919653498,26.1930069990121,245.31765068638782,48.554460781738186,0.35771065940745417,148.76685033234523,58.69292427229728,442.3111208235729,1704.46814978402,154.07510227268006,82892.98723502668,338.10713200378734,0.7514604236393507,0.0021905349042765972,4.9264758157745746e-05,0.773760721213246,87.79141637022175,11802.565994469938,0.09438538841804725,0.034070251516964425,0.2583987305032069,0.017641163779880058,
91,0.6000112424259096,0.006125228202984512,8.695588368448671e-05,0.0002211405100575027,0.024219743482921895,318.58113722433507,20.492330334473394,162.0392189784003,114.25376206995482,0.20139009515790962,202.0632935443618,74.84162259618276,635.3749040777369,1921.6155776452458,324.8842505706719,7312.190521377831,352.412405268865,0.7314285114795133,0.0025423534247421896,6.693684001076617e-05,0.8470971446207017,89.48643364771615,9256.352756849747,0.050179314653633206,0.032735157688609476,0.31644358150135127,0.0006307037304963787,
92,0.3879823659864794,0.0023684171464861945,0.00034621032034236766,0.0017490668975062977,0.07752076242452874,349.65313560192,27.471918788103128,341.5801287731489,76.26463063994454,0.8160235271621146,34.59169182503079,82.25522539115101,1605.0600906573895,66.7754326455705,1789.516162807924,23886.612391628103,301.00225420313694,0.5259714681591938,0.0008143422253983839,9.899278465670345e-05,0.46162093701401063,268.7095034678807,2452.698374091453,0.13162458570967234,0.23112817492559468,0.03587512192743121,0.21338975145082237,
93,0.4356483400836184,0.0055300687229040794,0.0008321163072061432,0.0057444837645357315,0.030116551403535637,342.361303061528,54.71441829780285,319.6879208751061,22.710575236018947,0.9190664853276523,120.96745972545824,91.45631627532728,1815.9746639145667,1551.3473778695843,374.38213331264825,42327.27977950462,368.32161492215926,0.6894431377344755,0.002170733561754624,0.00010378438206845865,0.8513535376089738,121.79923320703867,5655.570159904252,0.06594830066165451,0.11690954087702529,0.2873348288502924,0.09415898952740952,
94,0.337758889098146,0.006572852561140452,0.00023710406751380268,0.008394660558362025,0.07467528780090804,7.801764583174585,63.35014855514206,132.54679874387554,117.10555495241907,0.9506029134450771,236.97670073332918,13.2129072301192,1502.1492852399576,212.4434544518747,380.9117158908665,41843.776498394465,364.3583478095398,0.5083478349909485,0.0024701813689398376,0.00010614789616412087,0.575254490991396,114.49568824514445,2754.9238904571007,0.15148452480103197,0.28971917001366154,0.08157981101510417,0.13945760507205626,
95,0.42682008146793704,0.0024205643956826256,0.00010100429755000317,0.0028124810614513574,0.046171933169296825,263.36879575912576,73.39056597889709,49.932348416550205,117.27510325247553,0.9892184493048053,75.57079227775128,78.82022112129668,1469.4723778410455,675.8611355141053,1366.5592267308862,51646.16096298476,293.8718680892433,0.741940621810248,0.0018135350184085213,9.192181422061128e-05,0.6021334251984115,85.68137682300048,4860.078662419082,0.09859680205124859,0.08225044716985526,0.15142915295002146,0.24090351636093763,
96,0.6064259056874483,0.0033429348922955856,0.0004798805601849233,0.009360094130861134,0.05876535735623943,341.0810460378336,28.138193187298548,180.3190552276152,42.11921751574802,0.8539259975598862,37.32176767715524,28.371218218490277,1017.647959923486,1260.6921106814723,1959.358273482968,42944.95658442261,346.5841715757165,0.5411240553062038,0.0018742314423162857,9.264220606287083e-05,0.6373510085096933,156.0453205128091,3722.77363671813,0.22239124234838326,0.05172522275985519,0.0031346601344873423,0.11632296906982599,
97,0.39367991853127804,0.008917959372377405,0.0008059269155675143,0.0015088107804869782,0.025943474240425972,90.5423282947461,97.16635242410811,256.5507867147459,86.77741993982389,0.9110603288230184,261.21727382171434,24.48463092375688,917.9127915140978,653.1401147463821,1965.0584285895561,54148.78490943056,314.053493043028,0.5831654446712841,0.0026782115453640926,6.309249535628252e-05,0.7465237411003287,116.18831686485828,6900.136806731856,0.43276169738507975,0.09512801930343122,0.031382178796989034,0.04704818598322198,
98,0.412402978991704,0.002562965839936037,0.0009226910040677931,0.0005072140483000533,0.07921989109072161,291.7948323535446,36.954478014872834,5.414465583941942,58.55178515364028,0.582518310038916,270.73414246293396,10.862246640797498,146.7462572426453,1259.0957811261221,185.97043948078422,28558.417220557894,351.64423205587156,0.5943063794927946,0.0024969066646106097,4.520950909470982e-05,0.5298818049224815,86.09439468712323,6965.617263900717,0.00564828765514147,0.4525002430948851,0.1118068177639257,0.017641672494343737,
99,0.5925220324718501,0.003997802263645748,0.0006678098505096731,0.0013697723315246706,0.046406051710357006,139.67455417471635,82.7127532292122,216.9708404705396,121.68206720462918,0.4321667987076649,230.77760215484915,80.3078497551423,357.90730745259845,584.8766242913459,1320.5452522357652,49986.81301027369,334.6546853164959,0.5938410363492621,0.0022507570469674646,0.00010249928565714665,0.6843916610281255,123.50147171544488,3965.0993726257034,0.06896813104446899,0.004847686438721553,0.1835365706221613,0.15012557942279808,
100,0.3410164318164608,0.0060645023361855874,0.0004830895892477799,0.007344158688734122,0.04051248698994736,353.6035515125464,89.88476970552465,250.44613009293798,35.38629627991546,0.23207922092988365,327.1181043311043,81.43067750461798,1134.1314022318695,1070.5968813060467,1017.444420141501,33713.406769365574,337.2267424133048,0.600864778225895,0.0005911598051197551,5.950868137897208e-05,0.7226011207012581,487.880867520902,7296.171786615457,0.24326523836748204,0.27917943123509953,0.02407151690205742,0.11246738167890019,
101,0.5392031462668311,0.0028846215841266264,0.0005062741694419481,0.0013663526388968204,0.03773699773999607,15.560812722657353,81.3403783444642,140.9766534624344,103.35543628637645,0.25766136386629807,80.60481187338439,22.129697869321244,490.3774314186609,176.55256313930448,220.58741612973512,12120.000680085093,336.4530598052514,0.5145712238814872,0.001657452075062008,6.823207369556695e-05,0.7362856601911832,215.64077313478026,5552.687948213148,0.054289175805793836,0.0005434047642277069,0.38527735011775777,0.020686923045389608,
102,0.6833262708960639,0.008866215614537635,0.00028076526079424843,0.005875639868251857,0.03393864715505818,129.53923847035608,67.04620816715808,48.84818096680761,149.68071635696495,0.22463958774451684,149.04318305268458,39.726428129855805,696.8894722103437,673.9407145867018,724.6680407274808,92216.07754334681,301.394494579194,0.6362861007691188,0.0014357394688716688,5.4233512644034706e-05,0.6781878129157154,171.804383172868,7956.7311433725,0.03860869299640036,0.16646913883021439,0.09510109636065321,0.01649480091666817,
103,0.4352071064535634,0.00965006338875942,0.00033670188447430544,0.008763920357241096,0.03655306620362983,177.63763358427383,91.0505702436274,47.68539121266758,142.37198556205706,0.7139458227582339,306.9912191136798,72.86119612533159,991.8051059641302,1582.3215944159854,931.6758723950976,89988.54209358754,349.6388407652689,0.6863716718119834,0.002216758631037147,5.1447850361418234e-05,0.7719043952389302,109.20949245904202,10298.06506039133,0.20598289185545515,0.16979409490364503,0.11300038222503934,0.07601552456229717,
104,0.6090267548803919,0.004377216716831786,7.299384131369401e-05,0.0009819609665181737,0.043413906793217785,58.92372234953654,70.0806456477986,68.32441432944314,30.30713200579194,0.6428368423320722,187.35999880684676,49.237975786055344,600.5807232337185,337.0329467958348,1396.5744565593286,79590.05919511718,327.00033351658584,0.7198547505859388,0.0020507947474490995,0.00010814496738311918,0.6849983953893738,93.57301434640559,4559.6143861037035,0.14241361803613642,0.1576445829727642,0.08822684206463433,0.002688202046073057,
105,0.41048519615522827,0.004986672982090196,0.0007381974835466493,0.008626039543830727,0.04315264680437793,65.6648800174029,87.87437401573264,156.39994861388752,148.6184503579138,0.7774617466498228,271.1268297685164,78.7696873318334,420.11062317359364,1314.0060523619204,828.5399393717852,37628.55103201393,347.77944030294725,0.7344227476875951,0.0009762745662550143,4.885892214588313e-05,0.7300326990484073,198.59175380877542,10973.484415724035,0.05993083800551159,0.03508215569929299,0.0979744809047681,0.3965273292351991,
106,0.6090667450689475,0.00947065987377064,0.0002591720013669161,0.009517620478192509,0.0770862923693313,330.22949785501487,27.521284493859007,326.038468883964,68.71491351536326,0.9097501402158646,242.16991440666993,85.07019587954576,268.3421877835459,1938.1129746051422,834.3775563929897,54586.96188915674,332.01037967305297,0.532839406651821,0.0009740735558900304,7.163748840414703e-05,0.51145595419967,245.29160615294597,3804.207730271528,0.07093847062162857,0.159984097170019,0.01096757724792724,0.1490431098914777,
107,0.663698296941018,0.0009580657402031067,0.0009438690133237225,0.006635754041313891,0.05318823558651746,108.39977327402865,35.16492885617879,225.703925832342,82.10415862485394,0.8882422145513882,329.05678040991074,53.045053570592074,1513.2749492320347,860.7983652254709,280.60462661387413,63403.11966076907,325.2803564970248,0.8000430699678702,0.002558751933771693,7.739210226649889e-05,0.6284117684115079,49.108038317105006,6496.224623446,0.13189437994673336,0.033317238018103684,0.016609531054766168,0.15448055403937877,
108,0.5208470942452004,0.0030508581154621893,0.0009338358056271955,0.005644004354233004,0.061468290843154166,155.44575305452665,55.78393457940112,256.3601205617319,73.01183174594108,0.8905752923620736,264.75555041856256,48.223806001167944,268.9185353180952,639.167421933715,587.5667660091344,46526.4893921992,312.34716149988685,0.8482766799283319,0.0018053116414062987,5.25393901960224e-05,0.5603812671770158,47.09597191531669,9047.656606622328,0.0999995260526591,0.1348505560861306,0.1315480066559325,0.11275481696007733,
109,0.3787818926380677,0.005354845914430324,0.0008475210878861405,0.00675020647657396,0.045280042787941066,65.99410673934989,32.520279489689585,178.0458476365323,84.26799907571257,0.5480052667799006,216.76048734203786,71.59703707453255,1265.9445644294249,1478.0811005484538,639.5676711884047,67372.12484321625,295.4878069403267,0.7388741832591346,0.0024224863652868127,6.416813268909692e-05,0.6098290875130332,65.73499064062797,7021.974149489577,0.011683445456731063,0.00542023939821479,0.11621255782486745,0.48790186468211894,
110,0.6399355777033677,0.00735350461473454,0.0004095360345930658,0.003271726619617534,0.0499883277303875,290.46383789637883,36.30285190908805,357.92982031950737,21.03682158765532,0.9046955544097417,351.3975432768853,43.130986239694465,1383.494396038792,378.89224817951833,1415.2533929010526,68576.41068781371,356.0764575180092,0.5736084337885503,0.0006570085219652816,6.702656530525129e-05,0.7069309260113946,458.79067724061804,6049.863056824665,0.16900204176023856,0.11206424064486196,0.027988896528312338,0.051009243363219416,
111,0.6638316553132088,0.005832692565684712,0.0001778580570430951,0.004289502973864374,0.054843338543888565,15.013283486057091,14.591389703190918,219.7686797461583,42.74704693031928,0.46119617664678525,37.74087184408693,98.6700776434251,1924.2004271462401,653.5626051180167,1331.1891831009807,43134.06182268432,326.8543961264964,0.7072897111343175,0.0007453842213072568,7.473636930992776e-05,0.6224237020853683,244.4240385377768,5890.490594017033,0.18316237079034536,0.041925314267640706,0.030988272795209854,0.08009238683359528,
112,0.4258945196398367,0.0068413158934331275,0.000794606148258289,0.0048745525783700705,0.06546071715722897,14.699826287953274,22.31983772408664,345.32804513809685,32.7757166634515,0.9900354781639362,114.45346666697371,83.68356185718064,1206.8111081363616,1707.3057060042593,197.48891653776778,80588.20254896396,352.6270758871589,0.5684084115724153,0.0024662558214367056,8.148559387591479e-05,0.6094230259393957,106.64824366691482,4251.072584405066,0.02375547355918632,0.29776781228593985,0.0718427252395578,0.18073946927547938,
113,0.44996144646429964,0.006394937705976619,0.0007879157834668926,0.005453753329652579,0.029382829405356612,285.96856659879677,63.57605762071605,177.79179465680505,76.41280733251128,0.4078436269773217,346.43298291587956,43.46868864504581,1737.5837687727526,991.1862194060149,271.6702783204653,21162.70389885986,342.39610387728305,0.677729898736243,0.002372661392073659,0.00010224258016053932,0.7954142753021071,108.03827293038785,5272.519877798588,0.1631049528697853,0.17367162985373844,0.12131059242138167,0.09195137839079506,
114,0.346327241439383,0.007627206091405573,0.0007617777310747306,0.0016581609694739066,0.04186764299864118,328.54650817757397,89.59156543490157,292.750592907449,48.67331323146233,0.695108480855284,265.30612986752897,96.06157811879618,1796.0877838752608,1019.8385907085488,1681.2494711619809,37877.018719815285,350.4449270796242,0.6874823223323452,0.0008347266506905293,8.951865719283657e-05,0.7430832341566679,278.206819514271,5706.705211225347,0.10373777986869939,0.06435924937241225,0.4629443014430726,0.02263142787643285,
115,0.4683107294465675,0.008186802518545451,0.0002774542595476067,0.002030328901554926,0.018866618292703592,149.77800514407824,89.50819502523844,137.00381017803988,83.1485950868701,0.12647237555422297,370.2133018243436,92.3080587021044,417.65070196158615,886.0741401736889,1061.1973020829996,65083.77094122251,331.2725074094151,0.7319402768429586,0.002501844188548375,7.15021460331706e-05,0.8230489127517964,88.18545323758258,8425.238716267,0.03469811686292616,0.12406779180900818,0.1776796224881749,0.19524373939332326,
116,0.6966580390456641,0.0055979587171388475,0.0007184187515906144,0.005000897771593896,0.025258136020705327,358.1347451752199,30.243738910704966,169.29775710113523,27.339963653458973,0.8093588006621891,331.9039256527907,34.87313171787652,1519.3600577885124,63.396698708837235,992.4069380185696,9844.81792582338,309.30009455744823,0.5624054349518663,0.002286401739929878,9.827574858037858e-05,0.7385124953336201,141.3439504240574,4226.306562455622,0.17204713668698524,0.06612398153070687,0.02822643065162863,0.03694441208501513,
117,0.6842237659463746,0.0021670323963730582,0.0009189534242813087,0.004920803835147182,0.05639300298281501,57.0670467405978,20.94969833778905,163.88274482338323,32.95214009276376,0.8769042062698007,133.78556097943425,44.586655609918694,1011.5112734231848,947.7045177171382,1383.0379152352014,17781.369371099252,329.335834501402,0.5633126428823658,0.0012078512790187194,5.981906411423389e-05,0.6186385208790555,223.66298350349328,5825.6829214132795,0.05259446594288561,0.18532029886947535,0.06908566226971156,0.00877580697155293,
118,0.6201263184027936,0.0006711274783549835,0.0001404218254033957,0.006945787829009921,0.0240450070590722,221.19464292465486,65.12524490314927,30.605514220070365,49.238565975957506,0.8381237685256075,164.2476742172418,85.155992406361,1226.0961459853665,958.7017801185674,1227.4046426141451,33955.77036674845,292.2501887799899,0.7955654087989907,0.001499909543147351,5.024031052389552e-05,0.703269470992911,95.85418498298174,11136.413337258633,0.11427741166313675,0.1341732136664414,0.07825946367407262,0.05316359259355559,
119,0.5842095570103611,0.0058433822237163105,0.0008115359480822855,0.0009363287852299483,0.04881981442243517,280.9762587871022,72.08805016336598,325.93337639478204,86.09250114880587,0.7082356559792189,97.69569550312579,21.371078534953803,1970.1388979611077,236.90844977159023,1598.6752920440795,63870.244120663825,302.8027186828515,0.8083666427718194,0.0021583128507061825,6.521421195427746e-05,0.6070694504435854,53.90078496780813,7524.965477286992,0.10257084862849275,0.04200704572221006,0.006855878853949509,0.26435666978498656,
120,0.3032011033185127,0.007466812124227655,0.0008816071079904511,0.006851831166305979,0.07049758051518336,170.7526559717384,71.3310970726283,135.34508225738594,129.63032151708154,0.8785138765524252,392.0559731050998,12.231264705837827,1271.989997507925,1039.1744825838505,222.71165673656998,22980.719623656743,327.444668386124,0.8653607885894727,0.0016267033056965583,5.876976027890407e-05,0.5389862265565579,44.61088893751074,7936.352706534212,0.38670916185510856,0.05862722014504178,0.2013697314538014,0.050092783227535555,
121,0.5378073803053931,0.005665704110030369,0.0008334502075331197,0.00685256239118077,0.06853793099330795,317.42190437054415,83.4059298371461,292.08229554272975,20.02958731368198,0.7993745209924066,268.96013652258944,13.777960294347315,650.2583120277841,402.3539401786874,1711.829788503951,89864.9601810324,336.77847827229016,0.7508259450390797,0.0013904230343349596,6.544063845612282e-05,0.5650747010889043,101.26555095046878,6483.322236338235,0.1756674885103691,0.013513884152062177,0.1957036688349385,0.077307578197237,
122,0.4056947650384454,0.0020315104757580044,0.0006586588651322882,0.005751616315157395,0.043915754031133646,338.3643646615122,20.10378646691972,196.0329944816507,145.06672542065974,0.9105572194401239,101.11916768316823,89.2141109086076,1342.9237710202967,1870.6407951342346,606.3686245667761,67457.09720680563,291.5467272617214,0.5873319615855916,0.0012313376699089693,5.944246516858042e-05,0.6083031936012439,203.86551292888115,6010.449043850293,0.046782852004643626,0.3250828304983967,0.07168654276695441,0.15075300969155975,
123,0.39166514305673095,0.0037356755630007493,0.0007339970669960746,0.0004942510676977726,0.05486093247883721,3.013719761770653,88.50069179646803,230.5390515632136,125.4147530435989,0.228414758173337,358.1572226094603,14.67779786809211,901.7158497500054,1401.926943796436,285.9890616507538,5694.1684284476505,333.25921783102933,0.6107335206851437,0.001828238582386324,7.100206103472618e-05,0.6345224808692812,135.10180484853166,5457.928165009674,0.3216802860126491,0.045224993969563324,0.1134015963518868,0.12802798060916984,
124,0.33033006708377816,0.0023167993593228523,0.00026143190609679315,0.00231731691237936,0.06603506111908686,106.3057371389938,83.60610059607696,74.36800081415915,140.9740187908801,0.7950562397718004,372.3747029234389,94.79355393624418,350.57487696770147,508.95886054434175,1718.7535910875745,99628.68191646237,315.2000424166851,0.6422442417959346,0.0008924439196304117,9.053269450334179e-05,0.5417685267365525,217.17982025582282,3843.3376869167864,0.05850901293709167,0.09065618355775201,0.3718024546094413,0.148702281811937,
125,0.37715194893019777,0.0014217481984613975,0.0008134375538036249,0.005664812308899227,0.03676755242676967,360.51696337119665,21.21641375709913,142.31026919264008,97.6526792764783,0.6671361380775281,167.90405178920898,41.56704441845297,522.0207375807397,32.46994787458202,941.6736231738269,53729.44182414977,346.34718587919804,0.8351533856853868,0.0017261889912398845,7.333152746740792e-05,0.7634254339313659,72.90516780254525,8694.450502882079,0.13281746492012309,0.1538584926633793,0.027233070743521118,0.3089390227427787,
126,0.6689244094576019,0.009648580349780795,0.0008910253591196724,0.0071409718645996075,0.050941305584004254,112.44109704829134,70.4725850313041,116.93230211520829,110.8766422700626,0.40609126923650274,124.82867774733948,57.08846719845837,1019.6054582616912,1735.307153096172,650.4988411948196,26503.443054724714,367.6236595456623,0.7789199882387878,0.0023879841922891287,4.607753504100316e-05,0.7240072565819571,67.0287237734621,12239.016763370191,0.0332377384373272,0.1655920382610857,0.005485723161998227,0.12676009068198701,
127,0.5818690024956638,0.005015950203424986,0.0008804109369555881,0.003951004713051103,0.033362041950492374,267.7210499864951,42.112133674529254,200.5740960416594,82.3021074240398,0.4832658424152616,193.48169479903115,79.18133630893624,1437.009336641958,1797.006967466647,1213.7591838725411,60621.77990756592,368.4385996924738,0.5927814973690316,0.002515002691456206,8.939271075931543e-05,0.8324772724644975,134.79116722973433,5520.328446307552,0.11978132399722718,0.08913431565837492,0.1813107532737332,0.027904604575000914,
128,0.6887222165305507,0.0042269888661133495,0.0006247302973819256,0.0036642046352918884,0.07590038861146425,144.71224684749814,37.4651060327542,237.5999047639432,105.20258706398099,0.8461488370052488,251.14367384461343,76.48858633859001,214.33748028207836,1378.8590239945995,1830.5782868013177,87603.5999817762,303.46839961550575,0.6942706318135898,0.0016578997024243108,7.085950420570005e-05,0.47319585041283757,87.26092909215213,4636.300884691521,0.0020230721722035066,0.016922462227298873,0.11891269053704409,0.17341955853290283,|NEE| >30
129,0.4931260495774333,0.003979151333691671,0.00020270330927981315,0.008682952929890679,0.0534153325831247,298.3335987819958,17.137144335524695,284.852180517378,46.84641854919607,0.7986046352447865,375.1806620942463,15.615651253425222,1084.1834221977144,453.4271758507734,815.9163467849922,34183.612430992194,333.98522325863775,0.7478136196987033,0.0009152564227483592,0.00010890019300863039,0.6439625488302335,177.435066504574,4422.067135849574,0.10917367821828862,0.02821660928673626,0.12737858987340295,0.242105073044139,
130,0.4027538472018174,0.0016277843717046202,0.00028499372360223606,0.008174567368341481,0.047788019720557635,184.8994910962431,96.33816683976958,300.46077409135813,98.10489073506584,0.3213417622234625,98.95105819229258,55.37184305990752,722.7892618028509,1029.0627238114193,1820.502317908073,64049.56192943838,319.5411763529976,0.6216473179089044,0.0009239910246289754,8.937422536427091e-05,0.6461259114966706,264.57342665366525,4494.164153885063,0.07747694005696555,0.12961550508652767,0.24239577113054134,0.14775793652414806,
131,0.6531691480859712,0.005553058781507124,0.0002892905630507017,0.002944638410212907,0.07349781581607845,33.71721620431241,99.2648989902589,221.20872265430458,65.64454423505526,0.8242848468525652,396.9615268250731,34.06469728769818,543.6448850968587,1577.6197574613532,333.031722829662,65113.20298814605,301.67540353510486,0.7432255050054006,0.0008331787356533594,5.276713965965564e-05,0.4819757336628637,148.53844717230376,6788.631340686699,0.13792177629468777,0.15115713450682933,0.024846133108379784,0.03290580800413197,
132,0.4542290372463032,0.0021499131138912045,0.0007240671097806178,0.0007879598564072652,0.041548031479866424,121.18382768437097,70.00606040496339,264.5762324515341,149.65656455160956,0.48512718548596506,346.9586704765166,62.65683733096615,1726.9076137875643,1184.1124569119554,1415.353077915761,59285.26346446859,292.3485455747765,0.6969701555042395,0.0015881289251967927,0.00011129350853387546,0.6214402101120774,118.57660121034604,3891.7389305465863,0.27810295403573454,0.0740096772247389,0.15130942954277415,0.04234890195044924,
133,0.5548011773949119,0.00831005990793557,0.00046068054654841323,0.0012234956745321966,0.06988203386432465,139.21891335589777,88.67830500724703,244.7152265522152,62.340456757685686,0.6156700556405829,45.45678652601847,52.025837113031685,277.55850468746627,110.50973924036892,173.19285469787314,8745.208810948958,311.1552461405569,0.6320590982353972,0.000961338623496883,8.977713257080986e-05,0.5152794204088427,197.21705751957253,3627.7283142897472,0.1919646764487903,0.06725872686688807,0.058067178096298244,0.12790824119311156,
134,0.5338998238171228,0.007776302662586364,0.0002871268222461551,0.008175853276173116,0.061846598525645835,76.77707322192938,37.68907798178393,209.96682478165914,106.552240331217,0.5037572861260822,236.15171475092774,60.93189787368225,1349.04346670654,1224.867963639646,1851.0026132994,67138.44126643198,351.4358491115247,0.6754981310338429,0.0010389648575851683,0.00010669608944708517,0.6283093023517968,196.24103877379395,3977.8567485390745,0.23673234178692545,0.047095654575382326,0.01306895479358093,0.1692032250269886,
135,0.6304579872853251,0.0035798908009426014,0.00036402629863482915,0.008035529366645219,0.040258816507069944,211.83631490253177,89.10446593641655,336.9202574611826,124.47624059444549,0.4198032777229292,32.9146574188956,34.02136725401773,1900.685185985892,1313.6760596824709,1320.146681665361,17545.663720402827,363.1485633531243,0.5742838771155576,0.0007944453895442783,7.11327827407851e-05,0.7796640891435177,417.7953293590224,6294.545197152613,0.15199359797836204,0.02762244523759223,0.08431394807074472,0.10561202142797597,
136,0.3961840999698383,0.004680528162763766,0.0003274368744620677,0.001140192170086176,0.07778724768029978,39.68485376409722,88.62353759517705,226.10401640426414,65.71445311121792,0.6888620955020465,297.18728105184977,35.21710617512404,952.9950079573227,1690.7370053689565,966.5754787079819,1734.626875602282,357.07742146390643,0.5666518123006923,0.0021628345121118006,5.973422929179595e-05,0.5461162943467375,109.42053361130529,5180.577226615675,0.13881590750836997,0.31211839024813653,0.12928883552183454,0.023592766751820662,
137,0.4875775069119537,0.004496562395491288,0.0006278546580407146,0.004163410935683791,0.023186787129964324,317.1820822101956,78.36250255124854,81.32125427318626,147.89833628595412,0.6941130051825856,137.01808659342228,72.90508211878284,211.67480684033185,728.9172263010673,130.5524475817108,73757.88497033992,338.6634080410712,0.5732726246911721,0.001541307472593021,6.170260694336792e-05,0.8194098095841561,226.86232537229876,7613.05292447604,0.011206710880967785,0.3033184436814391,0.1819545138697045,0.01594282465593493,
138,0.5857512495614416,0.0004851546020730383,0.0008575903332717247,0.006275911489585966,0.03700627938654547,118.52505160533109,47.54297359798984,290.7903674420338,75.57542187184572,0.957178812606253,49.95451810273076,29.251037057718193,1357.4173146939956,386.1944996357327,1472.1301396689908,25440.86024174641,302.8748201946927,0.8951120540378151,0.0025875382199179644,8.312137865937346e-05,0.6664223556824691,27.013966979405957,7176.525380987355,0.07355786154568192,0.19562072396346863,0.02138104979732715,0.12368911513208067,
139,0.3254329109513789,0.005781137213644644,6.338650550826831e-05,0.004788399365370575,0.07080878213358811,125.95851798440374,81.97114115633298,284.6457424570865,148.39375598039746,0.6880364483373651,171.1028045264309,84.57737142500577,1552.5191436737214,1986.1388999262344,1446.1958955159428,42956.18682448044,326.72537662941227,0.5517308745889287,0.00205580162755777,7.574576240142799e-05,0.5361556286764805,116.90914703504153,3905.348689445295,0.07985366066004797,0.020800859130988017,0.20325227463537796,0.37066029462220695,
140,0.339865414892177,0.007531122074629761,0.0009237893233621473,0.008075399598397828,0.07522085133792879,91.815313243382,32.77295995338948,308.62561097683886,51.45681508448299,0.9150982033438579,90.35629913391398,69.06887548693015,1152.8967486237962,765.7579499900811,676.7171981685591,50805.51642503991,348.78950116729493,0.7084011333801354,0.0019904949401248944,6.0867845759782384e-05,0.5476378386859504,80.22656569473897,6373.599406458805,0.12776410231610325,0.3674422127179592,0.12838183550971838,0.03654643456404229,
141,0.6169678716316649,0.008410066620577581,0.0009366575132777142,0.0059550613062169,0.03542223723955994,298.8281825997416,34.409106530683204,259.5341517418211,102.0939353005659,0.4693322209068172,374.0462372406237,65.21345604385087,291.16648795643914,1731.84900513994,152.16780490367583,17350.717410397203,308.6451009766168,0.6750527245037357,0.00101867554042131,6.622142052408168e-05,0.6870831713081329,219.17263711227542,7004.038316930291,0.08354163519474131,0.296588657280694,0.0006493712728678299,0.002252464620031986,
142,0.6589876896542821,0.0006271888425742252,0.0007486186944066788,0.009134663718173949,0.050468006272708685,336.352219270321,33.658037669636926,329.03792241015486,132.16830218312697,0.9206183415770038,53.91429892851821,95.69852851398869,1040.8102523393623,746.2187685075833,1256.0415826487463,62439.160742362925,320.7175379901647,0.536540110641482,0.0017208448257065093,0.00010377025836818193,0.6341634822669068,170.79363167214441,3278.917777510348,0.013436321402761206,0.07368934869418807,0.07835973069238969,0.1755269095563789,
143,0.37061586538219066,0.0005030276966861967,0.00012867174415022656,0.0004559776646495615,0.018493797652067163,292.432327703782,60.74335979064859,248.9851444817391,60.26613984322338,0.13354747243021325,385.9823537335061,52.03247746838632,124.06603599468396,825.1080015018384,1861.069803196772,55247.67714868862,307.38419224923956,0.8032009087705434,0.002511877585054044,7.491947652436335e-05,0.7653906669841036,59.96637280185708,8205.643015754487,0.015976414732733524,0.5288767959320931,0.04257049809615788,0.04196042585682484,
144,0.5429383362490574,0.007385999521303902,0.00022950096149480537,0.0037862922736913406,0.07371983164708183,45.17762318560213,30.691995495173064,330.0945301123959,51.66894658105247,0.33035422113463986,35.397944195196274,14.342743261152993,646.2585051809605,979.6177389558516,1381.308747775486,65886.55917615713,323.2194753616071,0.5261829687767362,0.002371135922514769,9.179011111211892e-05,0.5152452406795864,102.95992227716633,2953.6217693179597,0.042394258563501236,0.2892862422894029,0.0012154094244486763,0.12416575347358973,
145,0.5983541419136822,0.002271634109508147,0.0005446877898661601,0.006296505869244163,0.04975295150644163,307.88673880136616,11.249613387438512,352.5929957969926,144.8298539493745,0.787783820749175,244.41175715866717,87.49008884974062,1855.0402381573804,347.3399015261462,1962.1612519684577,81822.6143197222,292.2304160613152,0.771178573686559,0.0023641401040035296,0.00010252738424965042,0.5813232795108106,56.26537181176817,4372.529942364821,0.10800624338452966,0.23029794718905217,0.06179225051481773,0.0015494169979182934,
146,0.6811815005722277,0.007993898922013206,0.0009400622139926605,0.005453808031776023,0.04245633503323808,234.75533842376777,22.404853059149275,109.07059772908221,28.30927552924548,0.9502712046081963,112.94604355525567,94.52985319014233,129.78287723118117,1038.642098051498,1450.8318236888595,71054.32422885588,310.3302001321536,0.5136849104645913,0.0008168827651194588,7.163568811277069e-05,0.6550014469444008,389.9422302905442,4696.881798610514,0.04565946087620947,0.2180349418991809,0.02916001700283104,0.02596407964955081,
147,0.3040640275819025,0.00778679593867456,0.000675669947344837,0.002956713198158751,0.03138572905572937,154.64168851850366,30.356893030300682,330.52155436448976,147.83414390770145,0.17590226726081304,72.34496842488983,91.38345063763228,240.93467872745262,1000.5345716164129,366.84246569637617,92091.48244396945,303.5077001363974,0.6816220497835815,0.0024062976955086927,5.844973496767075e-05,0.6953989905847338,92.00844335186466,8109.519840286263,0.09085645744352087,0.26516175196362446,0.27226007742707004,0.06765768558388227,
148,0.6678381750066753,0.004894179041579583,0.00014489908083279275,0.006924330660920183,0.0345794839072734,128.671733766398,53.574938510862395,332.22869602944826,77.48297178429166,0.8737871775196844,200.81646885385445,79.37138747454537,805.8440814236565,1828.0500352107158,712.2288223934888,10878.630225781597,331.6450965589774,0.8943539285780511,0.0022630432233008498,9.505948608561215e-05,0.7428182433912164,34.67712343574733,6988.701933419496,0.017202497479618762,0.08108185487478836,0.04281469110822337,0.1910627815306942,
149,0.6677453367608208,0.004502974327413925,0.000830888322204586,0.008620430715522669,0.0651613346647007,275.33488298348095,96.72704222282364,225.4280512306783,69.81583003545975,0.9461138399414739,191.85487250746175,48.71713281724171,826.653269880134,716.2265463529822,799.8821700279332,28300.819074266212,348.3454678663039,0.822083760457825,0.0020010925800926947,9.778951599044881e-05,0.6037370905865184,53.67799266154448,5075.415832978536,0.007932946367265992,0.1216232591910089,0.17352970682624405,0.02916875085466021,
150,0.39034681646147706,0.0001247700399112597,0.0008975558014951491,0.007269737236653338,0.05440063656161273,64.46573384645109,20.5029435220221,98.56409395799544,65.63877052887653,0.5254914377214003,173.34929518440305,26.81463613975854,362.2952487134666,1119.8843382326568,1824.3491028271908,76687.43893423521,342.60312921524496,0.542712161004036,0.0014144112745235902,6.530627047433628e-05,0.6549445221286451,211.74758048173157,5442.760003909182,0.16779790725051433,0.030646064875929725,0.28928624470216385,0.121922966709915,
151,0.3074743493967332,0.007002336075997919,0.00076787215919339,0.004208648608519694,0.07671029047732496,286.9178151810452,84.72626619034413,29.06235389251824,125.41148514795101,0.4592402548346705,289.7146344979879,44.1674057674384,1928.6479683840291,483.53562892508523,437.95306519775346,26651.502558707656,336.864854973823,0.8882896546591579,0.0012427499448641331,0.00010586827133234034,0.5209399908341056,46.82710831606218,4370.956460633303,0.22701112259418504,0.13354704986307722,0.19355868601832435,0.13840879212768015,
152,0.5485955912174683,0.007056087179146616,0.0008539127401264792,0.002299455069800124,0.054416607974781636,17.038438526302496,52.76831658201752,5.260650084896556,135.6640517721675,0.71442144402431,344.0542699011116,47.523035235123345,1566.9286953307258,530.8221244565648,1859.3690270583506,22933.91224186669,344.6391279701742,0.8283838204540539,0.002727364996455684,4.8968675091001855e-05,0.658744827557553,41.450730191226626,11143.727208105443,0.00011905745476003336,0.28224278401882263,0.1504511390801418,0.018591428228807234,
153,0.32062729204380525,0.006829807949176373,0.00017155848683371433,8.178393875301974e-05,0.05032149357572212,28.087731984833567,50.27204741860493,98.99663222570773,72.5035118917833,0.17776111925869328,184.22582046886885,82.01990390624702,492.12068821750825,1571.6484150480942,1316.6475150592578,12558.943187845935,342.1320911906814,0.8026858732909814,0.0022292686684452718,0.00011274345626747872,0.6773438927117976,59.952180983786434,4822.402931747914,0.003048722031016828,0.028523342732080084,0.029536953536269034,0.6182636896568289,
154,0.41241160539494026,0.009840149116277013,0.0004366264268889365,2.2394794562613996e-05,0.027779649994230313,62.1920584425088,21.11633754026318,21.201238785991972,89.13927416528941,0.7736522324052315,135.1464653925563,45.89041314332677,513.0569337644422,1068.1893968944792,70.70940471728355,17314.287719262193,308.12741748216877,0.5274020104361098,0.001833798741731063,7.962261218993227e-05,0.7235966960283979,186.48193829344777,4792.939364008428,0.0409297220179507,0.2171735160050522,0.32683530427282964,0.002649852309227165,
155,0.38958110380733496,0.00964720117783908,0.00047012525078697105,0.003712723765645031,0.034362814142869264,243.1000659904047,46.39808487983519,117.5996662418375,95.83273704723383,0.4286414885523926,180.73480475532523,20.002435899353628,1819.1092812927043,702.9986217111954,1311.9790736643567,92609.06281162071,299.62518276464226,0.5901793070890424,0.0017260163782271921,6.701727831913422e-05,0.6721512340980097,159.59378368236037,5919.216052164693,0.13958015794462497,0.09059141846226552,0.37414501231995806,0.0061023074658165056,
156,0.37581251309361374,0.0029120131799848796,0.00016301100631359967,0.0003045341712264918,0.07890287954268067,282.23587669461824,47.42236792629802,194.47393577604643,90.30700051241726,0.47383504349526295,11.558824546464532,63.85216754469188,1588.662202690411,763.3712337326604,360.9003776351501,3458.376685065325,293.76854316404314,0.8333613080400463,0.0018693988761836345,8.0167463503512e-05,0.4441322274628564,39.590059876767,4616.868213685855,0.11275959773397864,0.18162753960812295,0.26217500141981276,0.06762534814447194,
157,0.4074985529783608,0.005707256091770574,0.0007707346276432573,0.0032951032665546045,0.05419017558062157,78.34095644342845,72.48096141530687,100.46544883806799,69.31410791480563,0.28546839968655086,390.41251253848395,16.460615800876806,531.1993464391786,20.85520770622103,476.25086733832325,9173.64996053138,301.7299686639949,0.894703639023751,0.00094974545200634,9.722376268494397e-05,0.5778682358822502,64.06708474741862,5317.844107674618,0.15031665334132177,0.11210332942751022,0.02741044816892337,0.30267101608388386,
158,0.5146107758903784,0.00023679328987636549,0.00041657753997452257,0.00222854314732593,0.036681364681121965,21.118483492677637,81.1531882218147,265.0995991142359,37.94552656310282,0.6633797521468104,232.14457321201303,14.821103664236013,499.9024329168796,1496.638799563603,443.38983875553834,78815.02614406278,356.8835180131522,0.82701384543227,0.0023931424026302607,8.334017660248644e-05,0.7871517328793004,56.898557805192524,7811.1831302234505,0.02124774577234802,0.21107543150406524,0.1530799027388537,0.09998614409435462,
159,0.50856852191348,0.0024979969387317266,0.0009532913306075771,0.001787824000505193,0.05278110003353896,41.55392321320415,33.27445914163826,50.59669671642007,108.56680983599627,0.4265573440617766,102.18451180584428,18.80523587987573,1560.3366060688788,1996.63244702252,739.2164251384676,46287.70704384167,320.7965654798922,0.5950638436090718,0.001986340627574926,7.617717424432147e-05,0.6219300802282526,126.78690287828317,4858.254558114042,0.23859314071587845,0.1264384720299266,0.0786009359738259,0.047798929366888974,
160,0.3870202744352962,0.0025843447757715908,0.0001909699912112479,0.009234670763303747,0.07145088037749384,232.15265516419842,36.10306835032027,267.7463203498397,113.38414943152834,0.5226466931329568,128.49310339250079,94.57389184105831,1959.0226173052324,664.7918623563189,986.3178141076864,91536.57225214184,364.50916524730593,0.520516880965088,0.0023103969535995155,7.107415466878279e-05,0.5943741334734256,123.35212048626681,4352.943366314859,0.38943217009080394,0.013622932325919915,0.126608746469505,0.08331587667847493,
161,0.4575965015592658,0.009690873652580308,0.00032365475432131693,0.007847809748643677,0.07422748229861137,222.4052356069795,60.24182571094827,87.87154713458794,123.01310248932501,0.8837701567099749,329.24787895647427,51.51425847502764,1842.6321647812706,1818.3699565168351,1725.309672900805,12864.246817633015,348.9564919883364,0.61342423192009,0.0012883708157927216,0.00011399819397050478,0.5534358635102106,166.0584758649549,2978.038139609655,0.038137910891799666,0.22340060314299337,0.1135180137505605,0.1673469706553807,
162,0.5411043071202704,0.004052440973986318,0.0008225174266529772,0.0018207150857882572,0.05910359096191929,43.375317008263174,45.43102209288527,312.6659816858804,53.13928814738589,0.48659605922516946,179.70321644425024,84.07382120820364,220.9137709429236,1211.014623150615,942.9404074882422,56341.56540337101,340.260233611622,0.8773374349147157,0.001253153571207177,5.867939555081887e-05,0.6238086485005189,61.06032868241958,9326.794770390632,0.2357587880984432,0.030414456381803852,0.12049688437059275,0.07222556402888981,
163,0.5326629186840058,0.007451936824041595,0.0003785660006634514,0.0008217999065033376,0.03883950589515243,329.2552425872773,42.34779394395943,297.0112031363178,147.91469356693224,0.16470286150190228,232.43924203394442,59.09361623471348,94.97613990217053,1810.5759519065068,189.14132952415156,4590.125817154863,324.9350524515803,0.6902967593659955,0.0014315507647534777,9.587558935106002e-05,0.705207090277967,152.56526457500377,5077.436002174849,0.33283214537686384,0.040741000839234744,0.07788845921582956,0.015875475884065984,
164,0.3408538894965865,0.0026887785845599267,0.000690667719737054,0.007659214022200533,0.03366781247680915,320.3802738773519,85.94553187569448,121.9509695497027,55.38886731987614,0.2804706592162239,151.24133668134579,79.57616940555883,832.4493578647305,1695.8900030787731,1880.388433406407,71987.56213122772,308.44648543474915,0.8114108707956472,0.0017181928142269121,5.840092283904028e-05,0.6954051602190435,76.32778610410551,9661.82175176041,0.05159898294902906,0.0565254809779599,0.4357476802466186,0.115273966329806,
165,0.5768613311054656,0.002342805912964775,0.0007929718430459609,0.004113497136302521,0.05819585747515463,51.68970863573867,38.60681959503958,125.81753907658559,50.68597834585383,0.6000232230956577,297.3455847298684,50.265199540233084,1917.4692083896184,1260.3986253755934,100.83592019513986,60845.363466294075,323.5774444430932,0.5585728300859971,0.0016917907262670052,0.0001058945417959137,0.5981074978617721,156.0600232559726,3154.899129930381,0.11104054284018672,0.2137199189043693,0.0071589933832570726,0.09121921376672135,
166,0.4631136202976477,0.004474048433570229,0.0006053940839572758,0.002397774401148753,0.06405224046328405,86.34662544931523,20.061413070383093,232.9341540711237,58.68459351789164,0.7276479733103693,311.14661226000936,94.16358951361177,1090.426611460825,1800.2826407296507,1069.1338858853492,77261.8215326594,313.2675283254034,0.855813177856054,0.0007933745664445417,0.00010554541754491403,0.5486598697553926,99.71270368858144,4448.798987389839,0.15109873878198118,0.12109057867879194,0.23324295412737417,0.03145410811420507,
167,0.32379212292350323,0.0018160162094761198,0.0007645472762976053,0.0054068550679851,0.04286310357976017,363.95688233802974,83.18598649462808,225.58176509891902,76.4863824903752,0.5170670251548232,11.487632670855637,99.36445421987193,1096.4682391346241,1273.0261130036706,1036.308914946714,53425.248931113514,308.63871427139134,0.8939565869707742,0.0026966513058406154,8.471732710042737e-05,0.649352234492784,25.53519880550656,6852.113105514712,0.03651888580098678,0.3993250751596975,0.22565174004176378,0.014712176074048738,
168,0.5127842017405045,0.009240564266597574,0.0005853665111737298,0.005136125618569553,0.027522956687152364,207.2537075829628,18.887351113689242,176.9843800158541,128.9019865004793,0.8002314459621088,87.34928694371085,53.09575946929879,263.7184631692341,189.52459546034058,1384.1889967457073,94886.76262929066,302.9486847707343,0.7312525821161466,0.0019295619779672272,5.388789858874515e-05,0.7126556293291788,99.25794683432672,9670.654873437787,0.1827718112248404,0.16517173483362105,0.11237964986945549,0.026892602331578436,
169,0.3819351338633405,0.002652088623920617,0.00013213147940164223,0.009444371618535048,0.055955944502161764,88.03517161770074,62.00109333335156,232.0092404110807,98.63674903607532,0.20256496927950765,302.9512441403643,85.14778816253758,500.64685947841605,1662.4269319383116,1715.1330313282892,19418.781081726745,317.92183241659563,0.5264923229266834,0.0012035595855234911,6.945032462237132e-05,0.5995141355715844,235.86247753878047,4544.825262959135,0.19092434537038583,0.14969801613399653,0.20081987320849667,0.07662263142378034,
170,0.3957934288868409,0.0020850941925221185,0.0004566205911130446,0.007527745612436163,0.04464073405046094,4.950018571531391,20.121011261220445,359.3051110251442,44.28917587313897,0.8558536970721672,111.7824583950711,14.495056566072128,1489.5057145837063,283.4329566301551,1003.7707474970522,65502.43552636576,324.5502673319223,0.5896035397985206,0.002599441558734082,0.00010391797714685261,0.673257019683146,106.29294463473876,3819.8849987084054,0.5218979843169425,0.031242211127509092,0.03446879986826193,0.016597575800445685,
171,0.3629387596716747,0.0006852469141416545,0.0002207842712343308,0.004913408679950352,0.05033883926176745,7.942519743796132,24.957333343763587,199.27125718802714,139.22660258338027,0.49690536947820085,91.4078895659068,53.15904251698267,240.50871361457126,594.4718050738127,1901.3201562932506,45166.19289529979,294.652650160666,0.5962823225381899,0.0006268231535970718,6.507475354792848e-05,0.5832600524446816,375.66001252178444,5344.432975213816,0.02952757877908503,0.41677957420218315,0.07777335152590663,0.11298073582115058,
172,0.49234587074102665,0.0007388175692163526,0.0003797199043149717,0.0067267590215808575,0.02456364673344631,354.78959407472473,58.79043939593487,219.81141081452063,95.52828103200112,0.30970626077807767,373.7867385480227,36.9851577409339,249.5430841831339,762.0622675098869,1468.1707445838356,4630.065893705392,302.6417464810827,0.8497117789258681,0.0016502413244397851,5.867528143211365e-05,0.7258606794448077,66.1044591756624,10511.621830003192,0.1323618108631593,0.23831750997444875,0.029574064663514057,0.10740074375785118,
173,0.3721212047783655,0.005041671440165463,0.0002682408049330848,0.0070468779054342545,0.04518591148297998,214.8965137560596,65.13643425837432,52.11344577946929,100.30299865671945,0.3965618993888541,120.51376917240218,23.539672088509995,1007.5500000862568,855.9627854295632,1304.592776417924,31425.926630233746,302.0907347746994,0.7125589291846903,0.002449171932053547,4.549489823300788e-05,0.6239290559679401,73.22590693330261,9772.221441857624,0.05168962823023421,0.06448289817512294,0.327678162741955,0.1840281060743224,
174,0.5796290647932218,0.0008731599633346216,8.527818597642196e-05,0.00028804910699785835,0.07220533641192103,255.92554456762232,96.5773632179826,84.8758418578513,84.31339890820792,0.6174772416209326,232.55830182767616,43.72989373779081,1619.940864626104,1370.7524439537406,1805.788570544934,22345.832957744577,348.7137903787865,0.7336085167272723,0.0008036053734304054,8.898362348495455e-05,0.5643734547786152,187.08720313360283,4652.869335113002,0.17735884959435672,0.1378708799578833,0.046723868937200236,0.05841733671733785,
175,0.4293019954696588,0.008563210217921592,0.0008801966084492071,0.006938746283883196,0.033126483111888136,186.31297598486347,59.25482613717203,163.5504597160053,106.46284237846533,0.4096623419609888,296.58799695771063,92.41737566404905,1916.7604452089217,409.89638393864783,1319.7134412717933,20075.243417363203,314.4957167150286,0.512868958829111,0.0007918483394230205,0.00010298866070667164,0.7117886016398852,437.8797117425997,3544.6065277925154,0.03263036406397974,0.38026807060706214,0.13250154572591555,0.025298024133383612,
176,0.3787672566906791,0.006872027146935401,0.0009872265319973482,0.0068500856291123435,0.07278709560079473,52.682367976803796,31.017023213353006,247.86060683519716,106.71557272011947,0.7397430457915044,389.68213127209407,52.22225172240554,1396.6984516008486,330.3013563077588,690.0771416244175,57902.549257667146,319.1672678550488,0.7741666821675581,0.002715405480590072,5.430963362280744e-05,0.5135651794072835,42.71190038386349,7320.7095039499,0.23212825913735713,0.017423752251315202,0.08690754995752405,0.28477318196312446,
177,0.5972759963840009,0.006807777284638697,0.00023082093416910426,0.007185397837990151,0.038130285835771466,292.99292118702886,95.20317302704694,142.7921174247341,75.57073802132112,0.4800735735349148,290.56693271192586,38.68327496284892,1687.058450399402,1547.6845164093484,1300.6115551556554,74888.81788702724,345.309346232527,0.6928483378072361,0.0010564403686804662,9.226124678865962e-05,0.7534424354169383,219.05741513260276,5658.07809001153,0.09717512920760864,0.11380557906181372,0.08773419061041775,0.10400910473615904,
178,0.4783632835443362,0.003929222993017424,5.080032175568562e-05,0.007571361868343664,0.07297469228204657,104.6160794414772,54.84113088019143,296.93852020921537,95.89898398330007,0.8520580568484979,232.61143902864364,85.1624779248552,1687.1590589782415,1379.9336926962249,1234.9787834632161,61585.36636692212,357.4586152979972,0.832076960850187,0.0018756109257441313,0.00010874577416729363,0.5741009361057339,51.399132222147685,4392.7790830862305,0.19469341218846434,0.0989770549529085,0.11243057095864155,0.1155356783556494,
179,0.6144609998398902,0.004605997419177831,0.0008370222651420547,0.008546426269301003,0.07064508357872343,299.0926553410429,14.250338573182255,116.48558057377791,127.2467564331834,0.9865027408623639,267.07666480656457,35.729407012974214,1345.6783833744273,1145.4060063749646,270.9075967448439,32207.2081391761,328.55842829447386,0.688426704632024,0.002022421844448395,0.00010980307298810672,0.540034475431201,83.19744052621607,3385.826500038428,0.1349960029771223,0.027241506680756318,0.004650561054016278,0.21865092944821488,
180,0.41210384013627,0.0029664705724255897,0.0002265142581188874,0.003224275270235938,0.04765235278316312,302.07896510480623,32.883157236684724,58.1978900242071,30.82368193734858,0.8641833652095279,48.62605429328591,15.853873000008228,1702.267297735115,1788.383775414464,1734.9552704248686,59172.72709347351,333.3230012662149,0.7961707559761497,0.0009445038854089143,0.00011272996915285042,0.6747472077954726,145.61423769327453,4765.494025771531,0.012518978254479876,0.09031016942123282,0.12734549144123414,0.3577215207467831,
181,0.49854220926624415,0.005191615487088328,0.0006304021426099514,0.009840547304201907,0.07072927268431031,117.72192453564185,43.359756703278066,291.9759357397904,65.10556220764727,0.9147338255378914,36.092548270562354,35.04557820299914,322.3643857139194,277.8240239130535,253.47813463963018,26677.198812997456,306.9296512149807,0.8852399120726275,0.0007118141446675729,6.50027638422653e-05,0.5040659506370889,81.26651212209629,6864.620386043443,0.2600448655496478,0.12655572783364388,0.03165834971913349,0.08319884763133067,
182,0.3907783235090659,0.005145607005203752,0.0009870158551024348,0.004756063097448623,0.07402192724566427,192.73565789714354,11.72952184353572,203.53653233870747,105.96978203398848,0.37716654037659897,327.3121765044913,95.1016636121643,397.20267504452386,662.4688842833227,906.7345244196623,48539.041274285955,334.7097636206633,0.7282110791205794,0.0011027634037627668,6.309275062490891e-05,0.5319421040359016,131.1033445006743,6139.629827087043,0.1079693278823341,0.10859475076621086,0.37415393840200395,0.018503659440385394,
183,0.4831183352840044,0.008416936641674762,0.0006569373308425497,0.006114044717473943,0.06637059560814856,239.63712409860912,35.766916250232796,20.603973312506785,110.32322116370774,0.7139839507246714,301.8647949448258,92.77889628317979,355.7334709522083,1877.969475170083,300.64815921402004,91210.45919927534,355.1310672250159,0.6124941133706963,0.0025044630923717693,5.9126022836648563e-05,0.6084484269530208,94.14287152914294,6302.9959046626345,0.11341334395044202,0.03760052194904423,0.3111547342601646,0.05471306455634478,
184,0.44656088186976906,0.001077704720667985,0.0004925804721718876,0.006074617485254165,0.06564887411433476,40.945376893687005,13.133169798663511,165.3138824981202,73.26186640333744,0.9024086614765574,80.29495223682969,38.12756527294128,88.99840817528725,1588.036568207361,1041.9937216537369,87893.7897738323,330.5446734014937,0.8096766389416342,0.0026288377157238315,4.837731812355632e-05,0.5702379976439481,41.284257170247514,9543.90204413461,0.20830212418908078,0.019452388090930337,0.01161054384793493,0.31407406200228494,
185,0.3587765416371988,0.004842759488251839,0.00010186002436036849,0.0017222920827372685,0.04441977289405304,331.0784953500617,59.71363853986621,33.67393382639657,80.83785042089409,0.6843965306224079,165.82241131000876,34.318856526329625,742.4791724036463,586.0873509270291,302.98406653308297,96351.64748306204,315.1839313069896,0.8874887287849871,0.001521223892229734,8.818168323665397e-05,0.65498406837175,48.44328999465745,6591.969634483476,0.16204981927360806,0.3061209629590171,0.040405450108585914,0.13264722602159024,
186,0.4495545631561984,0.0035920078597029234,0.0004276325855217392,0.0005657057183777257,0.06253529823347473,248.20112204441486,81.05105438859218,332.2968154209091,89.08943492801819,0.8435528245692177,370.12655596675586,77.7317655794226,198.33893974456691,1183.0445773071913,212.51880436527742,97845.13142572553,355.6003479734126,0.5682254654477393,0.0022788201230013565,0.00010538746407026578,0.6317044419220272,119.69083853193469,3406.008045674413,0.2128773525129521,0.07994484841585467,0.14078839237867652,0.11683484353631836,
187,0.3592736212575065,0.007668806835544042,0.00039701348922277545,0.008126028773963907,0.02589644158683989,87.81638993986265,16.278770231057816,53.728873702906796,71.71251762789981,0.8929011175930015,266.5170811158924,33.56400352164431,1431.2958479834078,1660.8576530996481,1289.57775207353,48059.687975357534,342.9021570631855,0.6098957722153313,0.002315278193441843,6.560484746802835e-05,0.8153493525057133,137.37927063578178,7579.899080080695,0.3188390455867224,0.169582039737283,0.10963645300635376,0.04266884041213432,
188,0.6825306999855288,0.004583264324173085,0.00031366141401784216,0.006233875001285628,0.05335501857960023,100.15288706691523,17.84739208533221,258.5464701082821,54.82034317725559,0.71730259148731,102.79151880074436,23.147233943093354,1138.3374938593897,283.9889440878486,1337.8379177164484,37100.113365672434,290.6456330727534,0.7563754334389511,0.0027142638564179775,8.236748571570666e-05,0.5606913997294569,50.32605761986081,5148.793808756382,0.22148418817325508,0.06615407982999448,0.013725004931209777,0.016106027080011857,
189,0.5009974121501866,0.007234505172264331,0.0001576132359100545,0.00960207194984192,0.07356560084321119,201.17027636435128,12.275187607493248,83.74764799215936,101.45171905190256,0.5912092754612247,305.91073941643583,95.3329144261618,717.2659294866301,1756.3263636244078,335.0747069603188,48588.776407810175,345.66988418615847,0.6468343989230342,0.0016738546573223862,0.00010292611742480626,0.5518882802332714,116.44258081983325,3468.3162344887905,0.008032155236733653,0.20017537421875722,0.008776361681940384,0.28201869671238217,
190,0.37316541969436295,0.0014828584561566607,0.0002650368681530368,0.0030830312675672066,0.050125370358680685,136.048723129708,28.15851651794994,222.31385878611258,82.95320010678967,0.9806526527263535,294.23712556549134,16.144843120055175,1358.7414406893122,1923.8460908139675,1825.8729917165292,41922.82527213364,300.9560811399604,0.6536952289251745,0.0018981262049813227,5.980940714529343e-05,0.5968100652050089,108.88536940461552,6522.91856448768,0.42295210800275973,0.06898822299510146,0.09855807413285482,0.03633617517492092,
191,0.6580386677083776,0.003967807591678572,7.469125080285654e-05,0.006503085711031717,0.06695306499649564,252.14695008748967,97.93334202315415,293.7835785395479,76.004443973131,0.9755344062206227,121.53346798446438,79.59352176152044,1972.1578683521013,802.3570500349743,1142.3754356143986,80233.11674709471,296.5695251954872,0.5646176893521913,0.0026182357329420053,0.00011249933650694954,0.5052852659546425,84.02309381838145,2535.952728124703,0.08476925993447161,0.16344214269038798,0.07182067404174697,0.02192925562501579,
192,0.48841592970494163,0.0022065399179851506,0.0004912881037554219,0.008789501983718551,0.024169185402505906,201.09221028748766,88.48721180580641,77.35998347788781,136.34441557759936,0.36990166919642253,255.94939392675423,23.976018846144207,1011.7401682161553,1794.5532261062922,274.86494460079916,78657.02637418683,330.55082520643344,0.5268849608774409,0.001656740955696343,6.659583528166815e-05,0.7948051975544373,226.972292103282,6288.2446574543,0.11579654354735042,0.16978946694220887,0.22069646891216527,0.005301590893333898,
193,0.4360830119099708,0.0012942914688536104,6.993888366693938e-05,0.0019343466778346207,0.05016929782578383,269.84773983384247,13.496239271203052,364.5500141261584,44.24257740486245,0.6982273899781601,17.606137285763424,75.32152359321113,223.6971410265326,1866.335101993306,386.3683046682094,57159.72901517527,320.94002121476655,0.720309511834075,0.001051753266462283,0.00010596381089009668,0.6362038170636665,169.18431522070568,4324.718571809442,0.00378876106411031,0.04085662379027851,0.4933450092197562,0.02592659401588421,
194,0.5911455830889981,0.0039071698713072575,0.0006652575105357353,0.005286682192180153,0.039096487867983074,104.43156365879591,36.65206740215295,147.30402634563177,62.08492446356993,0.26762740825578535,239.60114722935228,24.90361958266972,196.8166959975765,1191.3663052423349,780.6906776803811,66401.1810721797,295.5390066919677,0.6559243853536583,0.0013445258254764015,9.835778323362392e-05,0.6401614280709076,163.82276387910363,4269.082500946269,0.11094480893228309,0.06446018282329631,0.03387260261610317,0.19957682253931933,
195,0.4142837802221455,0.005493062325817994,0.0003088048055636684,0.006851561537585278,0.03676853378087443,62.2150150894025,31.48513029616839,33.868068608121376,118.25438564642585,0.8371480700340737,178.54447459928818,92.27919121429139,637.1253908455905,737.2066905487238,758.2612825944602,32502.47252039297,324.2444770051302,0.830045116191502,0.001318163701520294,5.084015449237456e-05,0.7147010055727415,92.14858990566879,11668.61283440411,0.18757343710320704,0.005358664440515052,0.22811335640063507,0.16467076183349724,
196,0.5933324047473749,0.009914903710293136,0.0005782211150674361,0.0010677348510207225,0.05759181006634441,359.82569190151077,85.43812280678875,176.25533339346762,40.956639206765956,0.8747404063126447,257.62801956933265,82.99691138385833,773.4288206627778,870.1884336030797,1098.6577098196008,52585.17108993492,348.83147122324385,0.5455029086706228,0.001062330575769681,8.339112645355199e-05,0.6482942526680633,277.3598528402597,4240.815726381315,0.17935654644175023,0.18356365241434502,0.02409541140960998,0.01965198498691992,
197,0.3459869335645557,0.00916219764673648,0.0006209279749909273,0.009061808690268236,0.03834195853108494,281.7745779825885,74.20618594625013,85.44452516428218,94.88525397752504,0.5888916766548772,112.75707584538709,62.9798388492279,515.8637148596868,697.3979164933877,768.0974194500999,50780.9978380217,351.0466542072595,0.5958010623108687,0.0006783494740953605,5.889895867772532e-05,0.7647428847276148,455.67701224276334,7735.868907436306,0.11827318916258618,0.07807606864962567,0.4172435326096767,0.04042027601355585,
198,0.5897283513849152,0.0003824525361699106,0.0004001812164747407,0.0012585277118205337,0.07163205425308344,206.36298035671666,22.122071125176944,322.901058779289,27.228161585710602,0.6696462671356486,26.649423482095735,93.41902927112223,536.7124594856942,656.3981613834173,1335.05599856582,88774.33094064819,353.58421367449637,0.6838135409524246,0.0005534182434591224,8.933596751909122e-05,0.5755252621048587,328.8169424628016,4405.302570920197,0.2686163792039905,0.010008488655490696,0.07246947770633952,0.059177303049264045,
199,0.4244188128425497,0.004035207726737954,0.0006877371522817074,0.006170495617621078,0.021654069778402108,145.93761394250004,43.17450472184661,126.66187815940911,128.84435870388467,0.9805805934548139,304.3684657932082,57.3978380092295,1556.9015687762744,445.47115292645935,810.0480154058415,23431.96165369056,303.43027778436806,0.8207283155220207,0.002471722267600918,9.914136193571731e-05,0.741227401837128,53.76052425079046,6136.150493100935,0.3147896097643618,0.037601688085801645,0.06617748419116899,0.15701240511611794,
200,0.5632304244507376,0.004874528116102137,0.0005294980807226823,0.002149664208202201,0.05836780339872309,47.612835717016154,56.79366513078346,351.8321853113401,20.944137230390673,0.9152253041555481,256.24612836220695,24.108598378451067,1180.1634330263369,1133.3129004673567,1271.3437549749806,61726.54243217587,314.71647141070025,0.7948992385199349,0.0019030068143467106,6.892065160143623e-05,0.5808285006359141,62.60007419397833,6699.009979420193,0.07067480183268975,0.16319218805889177,0.015189599627448667,0.1877129860302323,
201,0.564891968226235,0.007408347984913046,0.0009256792963533049,0.007451851817572749,0.056520882039541614,31.36650251562684,59.558387107096024,250.98331917107112,133.54609777136497,0.31612966694952793,98.36504516325769,77.10527581117299,1473.3770228541755,790.6181797935136,1510.5278781976324,65626.77206359411,326.65415149553104,0.877594885362017,0.0013733517969850833,7.84080928344016e-05,0.6129049905562964,54.62744927842418,6860.035303512253,0.08484410305576665,0.12716824265966425,0.10034136977780564,0.12275431628052845,
202,0.47162768518658416,0.005174109808621572,0.0005887718885558207,0.0024207467985371397,0.071319534165682,157.03660888760595,74.24277745269691,325.10723893215487,37.275209088979906,0.7855779178884037,389.00937931468115,39.798614025844444,1221.2492780744196,1949.5400417158708,1123.5449283907285,54267.265184207805,359.164084563095,0.7747343629282197,0.0011840832518236265,5.945610211057905e-05,0.5864205578985459,111.56343978648012,7641.270470213078,0.16893188602038062,0.25647767595421544,0.023657914833497492,0.07930483800532233,
203,0.49053429880375876,0.004922653549626638,0.0005050430783121071,0.004938173807172182,0.07644849632565594,287.7601814189426,11.145165873861114,78.58136330852916,39.181003175757496,0.47396657090446204,30.815501095200986,21.38154423298054,1282.2476610895785,119.32170848120923,190.4131268763725,23943.612684464777,345.09259231024635,0.7665305337419898,0.0017640159926034986,7.338304723646803e-05,0.5350961579295667,70.82056790434572,5589.404623922515,0.021762314426760337,0.11079977526532456,0.30623777171347905,0.07066583979067734,
204,0.6933174710916549,0.0020895568863505565,0.00044422767523498083,0.0030895460686333723,0.021624425251406974,291.97304952963503,99.30084282429644,49.50538375735303,75.559055008479,0.2794930987289401,213.32821857430352,42.19410477849651,1981.1646286426042,191.4121176833049,1653.9501531691737,98323.90296750958,333.5133102116489,0.869483833704696,0.001036743529400766,9.61313129151038e-05,0.81486439567223,102.58369013901716,7370.245939782979,0.1992927894846454,0.026728943761799382,0.004698239141540369,0.07596255652035998,
205,0.3472818562305334,0.0016703442136244524,0.0006822502443718789,0.0007868769026168495,0.05427711488397503,268.9020580092499,92.55248344865731,59.52530276073221,103.21631811707783,0.7861424188660894,319.6756316974472,35.16605950920082,1849.1807993739396,1589.770715712252,589.8542743116576,38354.317759626334,358.0094356228679,0.772935010262104,0.0025953721786659985,7.962915708571475e-05,0.6851342945626372,59.94131124727847,6650.381623764466,0.0014135012353057382,0.32152934480243256,0.17620237471699976,0.15357292301472852,
206,0.6538910433829971,0.002737437215721871,0.0005578630028926656,0.003092357807064067,0.07125993295155346,204.4272641766825,29.86812895140079,149.09739923941936,23.934336528072578,0.422593145218306,352.72615943646406,93.33989894510533,421.845664459531,1183.7962259836902,377.32317172325963,98682.85466397471,316.76329906919625,0.8357065312223632,0.0018769350080015557,9.868392022192014e-05,0.5174963443239132,45.29792940419787,4382.42698367315,0.2264775446882837,0.07513817426727855,0.03900125659106715,0.005491981070373554,|NEE| >30
207,0.5697363690437517,0.00836594347432294,0.0006523632393377415,0.006385385819291133,0.018909689099729027,235.23262447559424,99.73794466918055,252.34478046372305,116.21988903976423,0.3844695079643922,299.4730062234341,37.8222919373452,1917.3698525568254,630.3941942365899,1183.3820887311563,65213.56573451161,339.48712329084583,0.7551224909849793,0.0019048648285807624,7.912773201317795e-05,0.8432418752797823,108.40190170843562,8047.126957437246,0.18673009448668068,0.0676832278004266,0.02478111177612884,0.1510691968930122,
208,0.5679716772021604,0.009091976682546427,0.00016853050723165678,0.008939074178666958,0.058346536755319506,258.5510799292635,61.063395345299,20.257377204116413,54.42115047558607,0.8727360861773293,302.8852786751416,37.03566823916901,426.81576341870544,1294.507178584477,1586.0479020069795,13940.820044543298,358.7382749987659,0.6641470286575906,0.0005807995280307056,6.180881073339744e-05,0.662200331360798,382.9237769278872,7115.464239335503,0.009646365209599819,0.24568981245420005,0.09777453509327554,0.07891761004076424,
209,0.48648244430634036,0.0004178677376839456,6.477369183762138e-05,0.0008900740085511606,0.07034107329761598,284.23850866984424,74.18992818705256,134.92742673709486,105.40512305132515,0.701817379616054,159.02663975851988,85.73611103032198,1917.4637723629146,58.15341860479951,533.5400130059493,5014.404788079678,295.3301851982298,0.8363799772214782,0.0024396573084897494,8.047818295445578e-05,0.48687365787569703,32.65306103224723,5059.897775205267,0.025178833442986204,0.0005910098736477383,0.07744134829156583,0.41030636408545984,
210,0.4424815262819151,0.0029807679688373463,2.7304640600971918e-05,0.0012563257206082302,0.026223937764605017,222.9895182257213,69.39279202922458,358.7547645351098,139.06243920587605,0.4327780999553932,223.39959538141528,12.410850000268091,1269.192380810268,45.29339906515749,778.9032415556348,75627.41766532719,302.92281632899994,0.8037963349925277,0.0010937579179537975,5.8221494960334346e-05,0.7187438870370384,128.9318070512387,9922.85929092428,0.1257372121662321,0.270440070244771,0.11323956924821685,0.048101622058864944,
211,0.6273779146008094,0.005544066561967494,0.0006407316740927021,0.0004878496833874221,0.06669639257584975,125.92173871711866,94.96359068939643,83.25492227840533,133.31578966604388,0.8910363656915283,171.5075173415887,70.18434354026472,1671.8703055740748,1456.2950750453172,1385.4953044917456,92850.9036540005,316.98937561503146,0.8327045292065466,0.0014153185866850235,7.320217752442362e-05,0.5414079786075917,63.996264533369214,6158.735862532013,0.1439243434211549,0.05276533800663591,0.013445415570874579,0.16248698840052522,
212,0.6474223255779598,0.009846613386755475,0.0005675102114225256,0.004304575668695087,0.06357200758576054,66.84361025883416,58.75015293858535,106.81525281633893,58.63432022541556,0.34409402937821354,265.30603850773275,30.63432531161807,1937.9101947793627,1922.5701667379499,1445.234432155383,9099.993007134142,352.6301550833549,0.7442401652240049,0.0026641106451243545,7.394968935033366e-05,0.6203918521991334,59.558831726907314,6243.711618542807,0.09259744106628832,0.05984037934951868,0.0060470575026860375,0.19409279650354722,
213,0.6856788051644727,0.008967893979285522,0.0009658197653292934,0.006623818277789638,0.03403328019772851,190.21600381849365,57.214433003684746,288.66713769762407,59.25084224376543,0.22227271669988258,246.12449348826667,79.52130757160563,920.5289872523938,1016.2146796522021,364.49161253570895,74015.88647223172,345.9476819740006,0.8917834380710146,0.0007546636574527795,0.00010028597996673926,0.7779107919229885,111.55013304006577,6917.496949859884,0.06317314610096969,0.13414017305866813,0.030094996314045434,0.08691287936184404,
214,0.6923986457471317,0.006996556350757368,0.0006385969481734379,0.006927880294029011,0.07734869714296258,75.68375274846699,30.17115270410517,27.417501187715626,57.326149432866565,0.7109298597916861,324.26720863260624,10.808688855625999,1172.2664375964353,376.9796419505773,126.06266319477095,69227.9110830085,365.84575025879053,0.8924452977054639,0.0027321740808030795,7.381644332736569e-05,0.5620604482911931,22.12605873551212,6795.345068024173,0.20851468119305547,0.03206114119589939,0.03214486969294953,0.03488066217096389,
215,0.3526223291312434,0.005400013493717648,0.0007286830742869181,0.006072270421706794,0.05938341192246499,333.34039460734596,64.36948375361175,222.3299218332075,136.71680564519914,0.25282027241210075,342.93959733535024,82.43639081984628,1982.712461104221,62.05244092733626,967.9345766573078,43198.491377435144,326.7371364166238,0.8142846003768461,0.0011548468748034675,7.281547356867821e-05,0.5974972908180723,96.08585394225021,6681.7232496765055,0.01874029755745287,0.3678550316560816,0.028858961101163094,0.23192338055405914,
216,0.5021103602997206,0.0037371676187874805,0.0007170081900798159,0.002300197449556029,0.048001085149169495,114.31573528681845,34.1732638754191,60.446055293840146,132.054539500796,0.6606062129387374,131.43832874499543,70.92999920332022,1512.406713241877,960.7227120831601,625.2173336666252,16329.893151355665,318.0391820960686,0.7156473882843393,0.0015835338592697533,0.000109959495070623,0.6419590127029607,115.27554072047027,4178.050204135627,0.06701952215893418,0.17827511282024913,0.20640003488729264,0.04619496983380346,
217,0.5270701806676056,0.005243306078645786,0.00028992999757528726,0.0053734348199597215,0.02869981781925672,97.01976676716974,82.26176466580792,59.94825629234281,56.03437665917955,0.9066238480392758,82.94657858885407,92.67840338717916,258.21733140330593,1319.5813119149188,539.6988194602216,16901.375988547123,313.41198771825515,0.8304457199198156,0.0013143594180051027,0.00010001365837561591,0.7314662216239564,94.36020841138068,6073.600374982714,0.10685968370835107,0.09454752341288587,0.14733492858614705,0.12418768362501045,
218,0.6865346464601285,0.0013014264192287603,0.0004433881046240339,0.0010523387648791566,0.04310537622556286,28.70695884297984,83.57798089801312,223.05522537447595,116.9240809494526,0.6967965641804578,356.05788226727515,27.150189835476173,100.46718467822119,890.8060240651279,1391.4065181691071,81869.66786619183,331.6877390993444,0.6964293514791771,0.0008328967073882522,0.00011222037562403641,0.6965140675828694,253.8624841764986,4322.5023770011685,0.03488023230732916,0.15700550139317543,0.10899829510874368,0.012581324730623211,
219,0.44339045018318546,0.004424143452103074,0.0007539336683169834,0.008037327562856014,0.049004900828049425,305.34464094869315,53.49144368464858,33.53452647041978,142.66194327688854,0.6917758816645796,33.51460042410896,61.756367147540395,689.7849006322283,459.7364170549503,192.37847397793337,15586.845151128107,323.6151779216972,0.8350780626288599,0.0007724814143410225,4.771484767596606e-05,0.6477956746635996,138.3019910936026,11337.35060103556,0.33953495439643827,0.013013408765076078,0.08390982872093922,0.12015135793436099,
220,0.3455400400026939,0.006959548653903231,0.00023338783550985747,0.009347361078130502,0.07712853823321886,57.95657308194013,65.98855886161871,233.8302359096984,24.889181968262683,0.2207321101022276,33.323781682493475,50.999708541228195,1194.8418451807847,599.8338865082837,1656.0997080716236,54492.92066809523,297.06331378587964,0.7520539983036756,0.00228052305815518,8.749973035754679e-05,0.4574220663794697,49.73243837236516,3931.510331829716,0.2948430275037063,0.1874764078815362,0.14610928485635075,0.026031239755712896,
221,0.3759342081955898,0.004428391581518295,0.00034525420506728116,0.009776471682641324,0.021532326027454664,353.922452149976,60.45275072710426,23.433017363114384,121.0089648679237,0.3370098899574536,357.01439688857624,98.45218513783095,1022.4200315326797,523.8719130509016,146.97246181561582,80313.82897989592,338.2918984120421,0.7790722555470138,0.0017370921019219659,6.673475442676358e-05,0.8270103206742064,105.18125353499593,9654.651484413347,0.4061596686167572,0.016282833515299047,0.07852329406380834,0.12309999560854555,
222,0.5454877845885966,0.0027502615630430193,0.0004114613901979174,0.0008267059000921115,0.05328452807891179,95.72971747171236,75.94797487597481,21.066199486075597,113.93638510772645,0.9570233253106839,391.0990078145994,24.884412818142515,951.2829680342779,265.46429162047593,296.740819231147,56235.04358858004,344.44813104884867,0.6523791460445526,0.0005664088945780901,9.385227414105054e-05,0.6648884216227252,408.0604720760009,4621.724350133991,0.11927951684311118,0.1881237786577241,0.11767800614056748,0.029430913770000677,
223,0.6917373545003705,0.0024956456770558635,0.0005737286755432618,0.004728806440131976,0.0182523773011337,121.44031504864161,91.59687323287271,44.548993788355034,47.084828944587116,0.13924066182620615,143.03985095996603,50.868691802010446,461.04708843803763,1734.7673235873656,1586.9874243694774,62087.123074243915,349.6489388434191,0.8030655696655786,0.0012907784352500875,5.451695510472109e-05,0.8718739279962792,133.0220513794952,12843.195870311247,0.10301628305956127,0.030266375920859935,0.1665303282323875,0.008449658286820762,
224,0.6720666374162803,0.007258207077834292,0.0002500592909877837,0.004147576934157942,0.07152151008612165,216.18214502411942,95.07062416332604,324.9963956626709,60.96736260798773,0.7533094239720726,147.40571942726697,98.65395861340417,972.9171862332649,599.8480802975453,1331.371275219469,57787.49376692858,309.22998946825277,0.82003907785826,0.0007284907594846939,7.809014729665113e-05,0.5038823154419864,124.47532787100535,5291.361376672054,0.20188628482570486,0.02163049177087802,0.046304568784658905,0.05811201720247793,
225,0.6478298608876212,0.003745600189146549,0.00034840020520914504,0.0007983786395456289,0.0343910553679097,203.2820604292949,74.9625237430828,77.89338063783515,147.79994294571136,0.5097884237038435,192.45925237875772,38.82590448675195,123.207370852925,1159.3687820055363,347.16190727936015,79345.62411580097,312.9956412398093,0.6415090948078712,0.0006565866673705791,6.259741561416512e-05,0.7020022023677656,383.2874127364057,7194.23945822086,0.07250940176892101,0.03297348922026021,0.16581977580457316,0.08086747231862441,
226,0.35907018033261173,0.006047041173200063,0.0009645065253380865,0.002115281704000472,0.07518140892178062,145.7019023825115,44.482821294162775,294.3676188188165,69.13473783566121,0.3410620086201951,46.5340639850313,34.48949597342124,100.84209780478183,836.534241275618,1622.878986953273,1680.9133271297371,324.2753023849756,0.8089943164284901,0.000676942081101403,6.328415924995872e-05,0.5093517462154418,143.71846747351083,6511.30824261504,0.015046290381229175,0.1787086773514076,0.03856598143630374,0.4086088704984478,
227,0.3466809922447724,0.00762029480116274,0.0003785444577926438,0.009651729782727598,0.03914211733523797,248.42203213341384,78.048768337699,208.31390236749849,94.42343738161469,0.6806399468559631,368.92261299433056,43.34705527903356,1859.0970093746964,184.60790810917408,1754.8273136096004,47879.523870718745,366.4154958768198,0.638411086302857,0.0011444167551518491,6.247072848937366e-05,0.7934109364893391,250.68542325085642,8108.154812615738,0.039483745367553995,0.2742186411309433,0.2250883490344239,0.11452827222230627,
228,0.39064511731441875,0.002436480660813983,0.0005038096156142409,0.0016843727738517975,0.041591748354346036,43.737098848450344,91.66461961716263,296.95507298400304,133.0825133210513,0.5125124248039027,264.2527448857412,87.90896153409045,1889.0991878119664,879.8304258277482,791.7115188283219,19682.91093174872,335.58770455782866,0.5179864469031726,0.0010875168273281018,8.884615388763553e-05,0.7131104993468899,316.06768456663593,4157.541521416928,0.04933715821730915,0.171955938989193,0.27354748103007176,0.11451430444900733,
229,0.6019297046760521,0.0012181409218544807,0.0009123956436703191,0.0034940627543400995,0.03424659971384042,350.84208077884637,56.059461077314374,221.4768684944193,132.22441771464702,0.7165535731321018,385.58549407720875,73.22743179896023,570.6089317616512,373.96800532513225,1370.2090702669952,38191.63868325352,323.3451611112419,0.7202819927310584,0.0006853597786201165,0.00010255399646986011,0.7259704837244594,296.29258001151544,5098.811208538924,0.005664326911757718,0.06221001142093394,0.08069882573494176,0.24949713125631443,
230,0.4758259757944511,0.008820399825836805,0.0008350909273001431,0.008533044689733909,0.034347187339628805,249.28253592863283,55.341628276186604,274.4996975984751,100.04603117517391,0.6015789969761053,230.65079459116484,52.61648177575659,411.81866275559975,227.87625977361566,1776.1672630541377,46435.57697428734,315.8741754571306,0.8619906604609322,0.0010113497022945673,0.0001036111873699889,0.7086825998944378,96.70721940428675,5895.8670182860815,0.13101867614320364,0.11247401774977306,0.2044737712461632,0.076207559066409,
231,0.4461418933576562,0.006852162884712106,0.0007999056556740652,0.00045302955134888774,0.03038448200737321,247.53473652211707,60.81808959600771,89.23858748899059,104.03939837267649,0.8252417924587097,297.59427014212815,82.8382203248326,1990.524264988191,1998.571051446185,749.4282847586488,59120.85788427489,316.8814400315518,0.8561770139382548,0.0009949759813063534,8.218196901956778e-05,0.7311022610066089,105.6802498452356,7616.670155020302,0.1367400547401916,0.12744855886439188,0.08619962023346127,0.20346987280429912,
232,0.48434652672755335,0.005977937084676242,0.00023206812311899562,0.007440309611683798,0.018676815071752152,102.03374860429459,48.551875360206296,358.7404557009238,77.72000496228311,0.5272074040631425,77.29462458028303,23.596760777620073,243.06636219214042,1839.523674948136,803.7140380518491,48610.87011804589,363.7898706406986,0.7682606462962343,0.0010726899238530483,0.00010502692134242291,0.9048590316219769,195.48188392400584,6618.94660488434,0.1881075739886825,0.09036480663599439,0.11259801150967527,0.1245830811380945,
233,0.31703226985015537,0.0022887009836997175,0.0009432021460863262,0.009282427450987757,0.0675923394936833,161.72472093141977,62.65962870518505,20.0829761746941,148.1557934983078,0.7933421814486539,115.55577782073888,23.179665000838092,891.7344766940274,1027.7909218941472,1234.4360014226647,9689.219352619135,315.4217525408046,0.8114357517150836,0.0012793863002650346,9.150847893662005e-05,0.5341076569813661,78.72024956109478,4736.10809813188,0.14838217914268992,0.37415329865565866,0.02827655225018004,0.1321557001013161,
234,0.4516486134344832,0.00040400178267564925,8.820182479098526e-05,0.005244110344086497,0.06555156618190044,55.62643688905436,60.42393095490512,135.39880700877882,99.80667004075922,0.37145846665604226,137.43044226112733,58.17390727331811,1525.500841260221,1480.2185004732307,954.6572986586181,74309.52385222435,367.76820525457487,0.639737680605492,0.0019201800739556162,6.105591431416002e-05,0.6350417049163286,119.1459075263206,6653.902606396805,0.11768589002866944,0.27041394629608917,0.1150083542430878,0.04524319599767035,
235,0.6462979576512803,0.0003405227018473464,0.0008190798064866494,0.0036121061375924443,0.07269453295120042,96.16853215697891,58.90931678702937,300.92636058351894,112.81365854357605,0.22754613038873522,259.20502019091236,51.23636227890603,51.559738297425255,1413.3427331354558,596.3905989079475,59874.26974629526,299.1495181552074,0.7885951841820175,0.0011110895317699174,5.352110097532294e-05,0.4818004104837671,91.67121471939231,7098.984821324957,0.08740105324606325,0.17595699305019613,0.019995451872283184,0.0703485441801772,
236,0.6928943192965669,0.002227513581737076,0.0007376237697639349,0.006560461506845776,0.07719736213184597,35.623502792486306,57.591176082444676,25.563726660409696,120.38184453813551,0.36855817319012407,247.86830191965515,96.9945443416905,1998.5253472709385,1688.8939546311863,940.5577606380615,63962.313951656004,353.3686635290705,0.5674199840743125,0.0021849191033172827,9.22025323196214e-05,0.5437370766587624,107.65148829690023,3346.190995154167,0.047333186414572424,0.04989612412180953,0.0927693701250305,0.1171070000420207,
237,0.3756926186827381,0.005528913934764052,0.00012160000128138674,0.005331350705054406,0.02140527471738397,169.47206201096557,64.92406215987774,107.74439446227672,131.521842151729,0.7678997601474952,298.91642067953444,98.31240095192837,1156.7263664811016,718.3275088610042,1391.5613893356565,56083.24001029205,308.74855948662423,0.8874163875729038,0.0012677569866304562,7.34528663953481e-05,0.7553786917772138,67.08167477488527,9126.06223286794,0.007525910992157178,0.03156787511741995,0.12097299963664225,0.4642405955710426,
238,0.3992771802139078,0.00021407813007557418,0.00046696987317053243,0.005328191576310663,0.02505562944976581,331.7182795693792,56.60943054025914,54.05705786282631,84.54709539134791,0.43385524067563475,149.37359010246308,78.63374737633877,987.5488721374121,448.690907963599,377.0882011260897,95098.33089392363,341.2548247496814,0.855490571612913,0.001064048760832575,0.0001049586488285016,0.8158794425536464,110.80532792872096,6650.020541117214,0.3882163202837225,0.14457098002918148,0.021513696750334377,0.04642182272285387,
239,0.43827741527163233,0.00585212252750803,0.0008324028672763251,0.006184014712843773,0.034029786370152276,194.89906682100948,45.90189339359238,102.6366201549415,100.90523925071514,0.59769614620129,223.23340102833956,38.24006752435354,970.5780772433296,486.2460431360274,1754.7493068851206,4229.725889828772,339.4409876062723,0.7703380252715908,0.001632711517536909,7.300548900528883e-05,0.7632987682281136,107.36783598090105,8054.162417383241,0.004079183386566366,0.2774478910146353,0.22584521978543037,0.054350290541735576,
240,0.6327762341034587,0.002344005076652088,0.00044087236071676687,0.006172037478327289,0.03190140813122793,198.2697505223831,50.22791948644887,108.6583871985626,144.51691810005786,0.7679169578002986,73.37159879572059,42.78603825773544,77.32580619559253,127.36772226995924,1476.4692763419687,57953.85281375257,294.6718782342411,0.8650486014720877,0.002196198526035808,4.53170049056835e-05,0.672721937735988,41.337231239175544,12841.474687686714,0.10506346697635016,0.05073795603130474,0.14844776661668824,0.06297457627219812,
241,0.365378769503769,0.007901741331423023,5.751554033312958e-05,0.00700148788642116,0.0604582290944284,128.51105058319303,60.68477846369242,201.20779883092382,123.60728624205177,0.7398297430120128,29.029899399074516,28.642017130759058,1176.8895439615378,737.2015738379716,1125.6275944974993,20119.51751744072,342.84245616750815,0.5843201472407881,0.0018605386914856549,7.889776031531955e-05,0.6208319574184264,138.7057080988926,4597.907713992278,0.09257373913222043,0.4409107418774708,0.060027378180006676,0.041109371306533096,
242,0.4437363618845901,0.004496007883755221,0.0008781895523425435,0.004548340128479235,0.029378287372194268,220.15202034233366,20.343518506626218,106.42117831468228,58.40397998021806,0.6638905273748239,65.37423865009964,65.24037164995329,87.70409005192917,883.32090872244,1906.611084955403,87280.49586577697,350.75209747476976,0.7104273150467231,0.0022593300867581965,7.787813257611357e-05,0.8148511660244147,104.43743539996133,7433.312881194737,0.15447822741758002,0.19699267356857483,0.16869412039442278,0.03609861673483226,
243,0.6574140955425227,0.0001590656026355926,0.00044964301140695134,0.009609829700167561,0.07697298470085569,26.853294152607145,68.91242942646014,14.395245933668203,49.45677578945805,0.5810716148219,357.910358891915,90.43908692570417,719.7597048390348,910.7225859529836,1615.359475480021,57351.42732822474,316.08162620861884,0.5123016040767827,0.0016153716968240878,8.656837336893489e-05,0.4874848536907379,147.1770129743256,2884.878885786248,0.0010146247057558446,0.05253366606169827,0.16178239824297688,0.12725521544704627,
244,0.37108544943147526,0.003771213292714111,0.0009743376765930078,0.005840555343512946,0.02428378718600302,159.27627805771172,75.1869437143966,25.518600746919226,131.46778505046797,0.8261306115127273,117.26479316227113,32.85525006699285,541.8626284439712,1980.2457421045528,1738.4739231953556,31096.422846675163,328.54589431018934,0.7791443491830206,0.001140058840886069,6.39491508870762e-05,0.7894053500878481,152.9259947815976,9617.965355347533,0.26810555258047825,0.20010924151212872,0.003631976608569757,0.157067779867348,
245,0.3754257618213648,0.009414782186007921,0.0001547442016547736,0.006959655617076017,0.07601046351501313,271.4410326286904,18.215629962729192,154.00389199883872,44.65584418387031,0.23960955933045044,274.5971832159174,62.71229925261312,1598.3925638709147,1955.1647447225407,568.2632839641822,4346.035194270033,313.67218739777246,0.8312547292638919,0.0020486849622557888,6.122434533615588e-05,0.48855771487654487,40.24132816217919,6633.24219768598,0.14648600209334184,0.38768107098648985,0.08730340149308673,0.0031037636057168255,
246,0.6369487642144338,0.00013697914617396718,0.0007021755412976207,0.00036061591695421953,0.06968603525740887,146.737918775663,20.368138839136783,128.68654234637933,23.711784827559562,0.9075766234371646,373.0511437890972,48.309741041783255,1382.1343902683768,877.2156107982386,1699.682539332613,78001.86263975724,361.2918001829007,0.7629767506995923,0.0019081912686303411,9.743329494495048e-05,0.5994564136085383,74.46062106208596,4694.199317589401,0.05579871045792322,0.002034143287417439,0.027749480695832378,0.27746890134439317,
247,0.3051007730491698,0.005119669536933636,0.0009721024377279248,0.006368473560359453,0.07135462451409405,133.20300638860147,23.188599262443375,5.368911229948118,132.5914247224556,0.4588767319321171,225.38241895285967,54.17748962141372,1312.6271048672404,1354.5366366307157,837.0067314421132,67090.00825555294,360.71296688850765,0.5142565284987362,0.0006841140785594669,4.860533488390261e-05,0.5887449386569187,418.0282489350224,6229.067838912887,0.2805013401719454,0.17315304860740696,0.05955715793748683,0.1816876802339909,
248,0.3010037563795439,0.002561286435099109,0.0005039718727545681,0.007299545315610423,0.022590448427666047,350.40194398447176,64.32264251844796,63.156784392023006,114.59501238428192,0.7564547090433189,336.28059024722864,22.737623821091933,1805.949246683098,914.346129343862,1395.1323817112388,40089.533112491365,306.7233574227831,0.8490463758897998,0.0025649484654041545,8.828433146207122e-05,0.7449174956286175,43.84025532868388,7164.006223143973,0.14342364818109873,0.16705458462672834,0.38454115178423365,0.0039768590283954545,
249,0.34159251315193234,0.0023564088657848834,0.0004225086837251925,0.008251366666412975,0.05835706710556146,266.3662189685602,32.99353326545813,85.42442381700333,119.5017060995411,0.68268644353093,227.08859617398744,76.02117430717878,776.3498289669689,1975.5541321995458,1929.2950574710258,28610.209909496854,323.9801683205529,0.764534674123948,0.002444829025581273,4.93394522885167e-05,0.5979830765040558,57.592689919866494,9265.988480238326,0.22911617660535255,0.1009694739657293,0.1389195189664127,0.18940231731057308,
250,0.5686597303784545,0.003493343634231779,0.0002761381704038123,0.0020032115599034725,0.024599280864392614,42.079012604146016,35.99312372500491,164.46648937758067,109.75149586590379,0.21805437369698827,159.3065550588933,21.319080146482474,1293.5791275405197,542.8722184163911,249.07071210921063,67939.44563266511,358.7151174041016,0.7666167616923024,0.0010700706724368287,5.509449952639697e-05,0.8601509080665316,187.59957592401423,11968.637693000952,0.12485670970262544,0.03326217584317983,0.0846876423709801,0.18853374170476003,
251,0.6314681110673923,0.0062599567164446515,0.0005990909072496319,0.0058684648794326034,0.05116238648758724,299.35998704434775,25.259769580149303,336.7312738329671,124.41940619017976,0.7047657730608877,220.81303885066956,36.13215179526847,1259.849260574153,500.1743585229129,605.2533028891222,69676.85091550775,328.5873637783825,0.8724460062120324,0.001162146878085741,8.751228086590284e-05,0.6459152745971045,70.89385556774172,6439.395660788417,0.055638340103587154,0.03444206713590734,0.07691379628992444,0.20153768540318875,
252,0.5186523893848943,0.003896279599106327,0.00022471424411389966,0.004174410371252887,0.03074046653085327,131.87962094499466,85.82695107389961,45.20043219256271,51.22098382682757,0.5278808808717932,284.44900799355247,54.229982079645424,1657.2611623411437,1806.808661884352,250.34105202085937,12973.783246436746,293.4525757172828,0.7197590890075165,0.0012770448842950814,6.820726950622203e-05,0.6753837145490117,148.20947154036648,7127.005239081807,0.23416071625293136,0.05903491390135186,0.07466136296716853,0.11349061749365387,
253,0.6750709919469573,0.007156262573201287,0.0007790289054705623,0.007791086136321603,0.041066346437727996,165.04606272550265,23.157984520373248,273.06942975842895,47.95862632241897,0.2788682609494566,229.84821392143752,76.72034676080068,1336.4590000279236,301.28290750954994,668.566493896022,9880.769629565793,321.3321262537603,0.5988769378449557,0.0025641971075087036,9.121264881338355e-05,0.6856064611558156,107.2509450723537,4501.501747457917,0.0796518903704524,0.02285488626095315,0.09569182503424883,0.12673040638738833,
254,0.4340032329306802,0.0032848681007315956,0.0005959531971118687,0.0014027024662730658,0.07249696217217128,318.26266131219074,10.493894096726978,61.53247245457904,111.11809144989506,0.6350014638087486,191.94323141752935,18.28848072680779,1350.9597915129405,1867.196242998295,460.65235196112866,90240.38225721853,340.70182105651236,0.6607480059095356,0.0015576952476939949,6.976238420480663e-05,0.5498063696080223,119.74287494892735,5207.440463736783,0.16532346008523258,0.31627563156574395,0.023601007916134533,0.060796667502208704,
255,0.5076014775934155,0.005573916617234166,0.0008637343080793601,0.0025600059023394373,0.07041436055486744,339.0355122747026,66.58389525855499,145.38530823607437,59.52339781893501,0.38082262967167574,214.08045167634702,96.30820504783601,449.8529808566793,102.3620469420519,1821.2054603226825,23404.76483505666,305.1234570838181,0.7631555035792652,0.0014510048247535945,7.755983145660172e-05,0.5026561441255684,82.04751582988395,4945.921046927549,0.2788434733877772,0.11820987454650075,0.03588303479611409,0.05946213967619245,
256,0.6608531490469707,0.005576307715724145,0.0007749361089611004,0.007426113147131746,0.07543137394078786,23.114709231590115,69.00827670023894,271.93478455822816,31.72934727887378,0.8430239602555897,375.30974855349973,23.21739441046802,715.0476727557034,328.1794652294139,1770.3423605649361,50875.15555423068,318.4499703815755,0.6959161600830441,0.0007721428462988816,6.608003692041756e-05,0.4989332271295572,196.48894281018502,5254.471875976801,0.019823955603365903,0.07084233537359946,0.045175622384549516,0.20330493759151447,
257,0.6866032057640283,0.004864559911333081,0.0002792260584103791,0.003715757866771604,0.050768572468017276,244.3723098001308,27.456409513206154,161.7074128964677,27.051164816376307,0.33025182422236776,43.56168016851632,81.78053204061875,1042.314760512067,1109.8775204016579,127.76139305873251,99251.18396310443,291.3725192313937,0.508657792395599,0.0015589865406627915,0.00010149093595390545,0.5746766601823164,181.1195231696221,2880.1957392764048,0.0036357823380211065,0.0377423032741225,0.2142927985045765,0.05772591011925158,
258,0.3601685754723726,0.009036746795607809,0.0009403254560030201,0.004553888381724289,0.04466742973801126,45.22164148530946,84.8951818719699,326.84518449697396,35.0675886367479,0.5814396934495955,30.282692172328687,15.967197810730998,1576.832394951185,1856.9431598896167,575.2825065998431,6101.771516815581,314.98666958269604,0.893409061804657,0.0009439043909770827,0.00010980548904344228,0.6532782943155218,73.77182155246014,5315.260221562055,0.15475703787401845,0.08704779987491326,0.035364813695440415,0.3626617730832552,
259,0.6081496954045704,0.003336719328518316,0.0008013114355451777,0.003041652302284022,0.01852669687341249,149.252560004902,77.65114689597384,181.54101541727456,140.19870111781304,0.22608230726118275,366.1223366773048,28.350928807219027,474.0215526167353,1963.627585604876,362.12086675189005,20148.392755969053,328.92298081400816,0.660256364739326,0.0016448396634258875,6.552095017221708e-05,0.818862942082844,169.13713774632075,8251.703736564925,0.16336052749763194,0.1441047357921241,0.06673900428265325,0.017646037023020276,
260,0.3171907662390686,0.008980363263284982,0.00019773188319048297,0.005797109489716144,0.027538707318165396,280.1839431741392,79.60942328062993,30.157846088945316,136.20854272389073,0.45604163522580027,73.8757447371311,59.79510891626091,1973.6615986028899,24.693328556627314,32.865668241805295,35667.10589783614,306.17343953644496,0.6087898893771904,0.0008574690503954284,7.097833625778949e-05,0.7201658962147319,328.56717078594886,6176.951157286059,0.22381513553165566,0.07010459438602593,0.22011548927570876,0.16877401456754104,
261,0.6550486423593044,0.002996938093627808,0.000765781011283317,0.0015633776288328193,0.057857975774784326,235.5323621142837,62.68444714164764,293.2492322198891,144.02012419361864,0.25982706323754423,384.36646072455915,37.87809126720671,799.7261282958377,1279.4248515499803,315.3727953960592,29299.953371725573,329.07373350590467,0.582836078603599,0.0011265690038717072,6.279020953402193e-05,0.6101170907702026,225.9238779177756,5663.275458268146,0.00678721331165886,0.17375043155443032,0.018357546667259687,0.14605616610734676,
262,0.6974058559262664,0.006894532368077779,0.0008822953580521295,0.008460701844557023,0.044689460385741744,255.79688644827587,98.94679690709332,106.39151488361836,100.70012309367918,0.8563516390460653,331.1747987377567,35.94944816917233,338.8839918340666,85.38308031955765,1783.5104048843002,92814.02792749228,366.6511158496755,0.8540409540575558,0.0019084574857280428,7.847869345379888e-05,0.760295483461255,58.14748519693658,8273.88239386482,0.05686791512638911,0.030730278705560957,0.18067576739784214,0.03432018284394143,
263,0.4390302244391705,0.0076530114769580125,0.0005285476278133906,0.0011702525950184743,0.04405337421542346,156.379657354105,31.081356296080717,148.39742304067244,121.49641704870692,0.648489267723413,266.51403773770056,13.62122503008096,1813.302292248067,1439.765085632702,1619.1598185525,18376.366614866045,341.57779599732567,0.8493089244394824,0.000805917717045511,8.355580519041363e-05,0.7119112428252079,133.1136772600537,7236.272459613877,0.01163838417302849,0.005809536081542278,0.29962517793843657,0.24389667736782217,
264,0.3871197076914675,0.008001488625706392,0.0005404237634208204,0.009628525288456759,0.057871406066599296,146.13739079488036,71.36150208686067,286.5833141061531,62.08572892430491,0.15395165862270974,395.36455637604496,64.83626980809535,1585.826525874819,1245.3194963216845,872.5487972330536,96685.69562153488,341.5509793318653,0.5541300137127272,0.002733900087880147,5.4273647212086794e-05,0.633174108022415,103.26395324867732,6464.661860477798,0.2614929519579348,0.017905824274666877,0.04228128461715373,0.29120023145877716,
265,0.516875699438778,0.00969915810447373,0.00018061053010382362,0.007397675280817035,0.0283887463662701,98.60396021691797,48.437548524393854,244.4636246678092,93.35735633758061,0.30420949943355396,376.08762224582995,46.35149891913844,702.0458470383363,1636.796806472901,1119.9234922559033,57352.103026692545,318.2395399977257,0.6026250612584081,0.002086928664931067,0.00010188812574626842,0.7442943013040418,141.72209494097822,4402.185197071989,0.17293833203500236,0.11624492632700761,0.09524958963779567,0.09869145256141634,
266,0.5003736727699081,0.009303902653509822,0.0002538562524881627,0.008100268679593708,0.07968557119197223,205.46177397636345,72.40398978664945,172.8886677838274,65.51576172427835,0.28154196983089474,306.70869403977883,84.91721752877066,857.8216520706445,450.92770741233744,1801.8283278337128,43694.87326516275,304.6394745543287,0.7979669548992505,0.001511648662917206,7.030622081662603e-05,0.4568292255631582,61.05558903709164,5184.955496077681,0.19989396124167505,0.1075270544374907,0.17094323613870724,0.021262075412218962,
267,0.44783113783899847,0.0044430224398974965,0.00010316326887234262,0.005116355843552256,0.07039314245210983,350.2152375600995,17.217603019118666,109.75644537810427,52.245822609335704,0.9351432917863396,191.7956676213501,73.05245708615055,66.29601350477628,671.3606338842224,1163.813179352608,1093.3171693378695,313.6237824575998,0.8792067256676963,0.000557226344530168,4.633745669996835e-05,0.5167673122443276,112.02272887246234,9805.141000126181,0.28962800691967944,0.11430557217152469,0.07861666664019348,0.06961861642960385,
268,0.34498245175140013,0.009566627694362492,0.0002527055934865212,0.0004137028637077866,0.04213451039777717,349.72780156925506,15.839387060338105,318.2555647229403,70.60874955384475,0.9875394624061254,108.05445344317857,43.30989514357766,1812.9480461353987,399.3297910642607,901.6845450426356,31839.32729422992,369.35993614160896,0.8085106256539043,0.001236816223325323,0.00011238756688680186,0.7815603021372755,121.0046330631344,5622.506353427158,0.22515224121514513,0.27580835944929144,0.020028838782780157,0.13402810880138302,
269,0.4076006974818531,0.00833735010017342,0.00035395123225661414,0.007356522005645079,0.03312766813971672,9.757044257215867,22.79361868593564,149.79092865906347,77.63102119112314,0.12948003473805506,39.54852514600795,19.494548188495024,888.0086346019278,1548.2244160304408,391.5454124690034,40688.171462168226,303.0643262656087,0.6476196420373503,0.001700535374221082,4.5813075115397473e-05,0.6859104980403571,142.13252514109558,9696.120814672424,0.18953550158834814,0.3333836221932176,0.02757445092184456,0.0419057278147366,
270,0.6128875419066682,0.0033238737085103825,0.0007194730607745878,0.008187354966808693,0.031263774607010686,275.8934096844384,60.94637415594411,340.95051794933227,88.40291803765497,0.13912260875315324,110.43973410704486,88.192606530975,141.00910311119694,1650.8772016924136,168.0161849356774,24955.417413509833,368.1718131192339,0.5380249182985513,0.0024077184705283096,6.047529714267387e-05,0.8442755619612675,161.9933046532681,7511.1874055620465,0.06181503822791067,0.180311236174866,0.053493957286198636,0.09149222640435653,
271,0.5714077221385135,0.006622378315577153,0.0005315755006650625,0.0021240919403481004,0.04081688731395172,213.53646690874172,56.750122730855075,163.61013557848645,127.82103853218177,0.8422983231103027,47.165100035055275,16.24743763883582,999.0509682293675,295.3511776590527,515.1983131901877,3146.2356266080255,295.00108256218044,0.5969786735863201,0.0009131504750313777,6.573257405023488e-05,0.6306400049340598,278.3345989819706,5727.428738273488,0.20967009660406077,0.03967619060707726,0.13940862812798638,0.03983736252236209,
272,0.5035269258411332,0.007869342473019954,8.416465603905502e-05,0.004100408203969105,0.06786557306068841,23.0732504912571,69.2783051810377,100.53158610385948,131.46204096345488,0.9895181600106723,377.0536141266274,49.54990518859654,1492.869065801709,513.6912311907734,478.2408606314673,9133.228021719788,313.23185608576097,0.6016178570785503,0.0019431287427032855,9.890344678877133e-05,0.5290016042523836,108.45642292222006,3217.8535923134946,0.054518631506274486,0.06509032818524536,0.3272212588167659,0.049642855650581075,
273,0.43447160191362855,0.00519554997194588,0.0009624865499677798,0.0009344978481211889,0.052772942220151414,153.69910354088185,10.377525514165075,332.53949605563037,30.294110710780988,0.832785195365205,173.66229942928038,86.2846935621411,712.0496618887445,1285.7035238679553,1518.3607582174022,62552.405948911226,328.6407854068629,0.7469506198033451,0.0026620292707515117,0.0001064815042528501,0.6371824756913124,60.569818791037484,4469.732546370526,0.006411071295088418,0.24615866394901942,0.2724019808411725,0.04055668200109115,
274,0.4345295651827501,0.0004968366696428407,0.0003769696418424164,0.003598475156624677,0.07602007745706127,286.7107391238412,54.30554093306352,279.5167790885174,27.910907434132078,0.8942981411703665,187.6215222116613,69.81301759508779,511.92830603389393,769.5570246598179,900.927080903967,54136.947579238025,367.156721869977,0.5631076398781504,0.0006121134984103601,9.1526134535185e-05,0.5718060480787736,408.12315775726563,3517.9935855141985,0.14201388098835963,0.2672523107674041,0.08996125727449802,0.06624298578698815,
275,0.6446997114380225,0.00159140096913866,0.0006056896677310582,0.007787937274372918,0.02463337227097242,86.15188274412527,92.55590906948902,73.38652304910472,143.97894831936475,0.1403116696834898,292.7532825602282,75.9552349558267,662.285458415274,1678.1897600475836,1889.3197361277944,14248.161969330493,346.56393531687775,0.8852365622817151,0.0023223644389012794,0.00010849632685069627,0.8308318539642285,41.056915154927616,6778.872203199547,0.10204968975273637,0.05294976135816819,0.034873524993670024,0.16542731245740286,
276,0.695685760300409,0.006660208508726778,0.000599940659872754,0.0071891095438993665,0.04072986572505918,51.58835450401446,77.07070305125384,333.4549908586991,25.16818351057848,0.31834153648329977,44.73332355475454,66.91955049247906,441.9772664219324,1468.6387739923377,1905.1847394100641,81297.52965000234,332.16715523695854,0.6510400433264834,0.0009979142665099594,8.956100014451192e-05,0.7105688083194455,248.47832011852628,5165.292337158955,0.06448468830254807,0.16237490617696443,0.03492621368190211,0.042528431538176426,
277,0.38814454261619985,0.009270273173236573,0.000356656689049083,0.003392560281664337,0.07077313513547547,303.7810213016172,95.30590505135125,217.85360052157372,52.03199320198932,0.2426390371826588,375.54028053652263,26.867229902072317,1531.799675084382,1698.6178883151892,433.11663586396355,78147.58763215368,339.4038918855757,0.7521559866390579,0.001150921736881577,6.383467184760855e-05,0.5571568927572987,119.98035656779793,6564.910263579862,0.01909106968172176,0.27705979033894806,0.10599737652790801,0.20970722083522234,
278,0.4869769734070445,0.0006480187902601283,0.0009358104632566434,0.005151895792493414,0.07099308752383021,350.93926558425585,30.93236963794903,156.76208947875463,112.4476734425299,0.4594967100259456,355.4975650697546,14.491877127003884,1891.9466620339356,566.4444206256005,1044.6138105317427,48099.280052519374,354.60109205374675,0.8995641118229967,0.0016962564687896637,5.9780509506478105e-05,0.5808420519635368,34.39184371755801,8740.384933109424,0.07560800093951296,0.23183597290549807,0.1476827333045415,0.05789631944340297,
279,0.4626833573250897,0.00880915227232418,0.0005289292426262345,0.00873862632353409,0.029772118427421015,135.16923302734227,77.54202379502192,136.22305184983412,138.61558015457925,0.5057546343338385,315.42132486492386,22.18003346178603,983.3058616953907,596.8826563873891,548.8514734993712,3301.6855179503264,310.3997827405206,0.6388930131695565,0.0006857553362094962,7.076135352315286e-05,0.7191685895821983,378.70183240949785,6493.258880707154,0.21349114122755752,0.3054681137342713,0.013379230936385619,0.004978156776695921,
280,0.457486738455803,0.00921759583461419,5.865166420464722e-05,0.0055737593917707644,0.027490745711508786,308.7470517882769,85.19952192974013,263.046832773456,108.72031642972227,0.707056800922408,151.9424421778151,57.789734228725514,1987.7536166714983,1210.7703772371322,1531.7570090991605,99939.82492491123,316.56821932151195,0.535289432013204,0.0014827625301539757,4.930809620650428e-05,0.7448540967091987,233.44369938528115,8086.147246293003,0.17659970644081288,0.17815014378673322,0.02570643081414096,0.16205698050250994,
281,0.4231966899656257,0.003712174057451817,0.0006083588572917268,0.004171929981358761,0.0498110339636061,116.69953842146589,37.982012049455356,250.36938786545528,121.24006201604544,0.9850914137761955,349.3569576070622,20.741561127140187,425.9016414039657,632.6527534244923,1371.8306279356789,4764.746625567344,329.04025221136044,0.602511150335965,0.001937247003457683,9.252369984272867e-05,0.6542287516300219,134.2361781633467,4260.315123557449,0.1804446138089013,0.20665700711955912,0.15089751945065702,0.0388041696552569,
282,0.3219496760840589,0.007050267637109133,0.00039785671128144177,0.005681550842865784,0.04215856277668459,21.71872755155845,79.86703168969942,89.25860512447746,37.655439685299,0.9862791761703187,19.965471940842544,49.32103678250344,737.9331241340832,106.98364855521817,321.27545713056304,52926.070927267276,297.07551471665084,0.5330629269974853,0.001481326113057961,0.00010607329833817622,0.6284892928825081,198.10961829746392,3158.422970712441,0.44275371512338424,0.11187447967669774,0.05090321819758229,0.07251891091827682,
283,0.41712323936994605,0.0037707800593137675,0.000442531619119473,0.006027303370698018,0.02633693684336757,303.6095457776177,47.745722484004816,243.46624651220864,59.50759216829022,0.5551825723045046,320.8388540853637,88.93910725865541,1203.5611528589584,893.5605831914785,388.2060666463118,64676.69583117301,328.1737228920377,0.64994983859643,0.0005914049661804734,8.654571618252896e-05,0.7780791052546527,460.541814753752,5843.297752703844,0.14700330489464108,0.29205345699485524,0.09871183673824337,0.0451081620023144,
284,0.6775867914729918,0.007449699312053148,0.00028739023126102633,0.004008057933669776,0.043239513287309864,317.4130490276104,10.03170785684967,324.47291117946537,117.79845130026906,0.3785141138297088,287.6168739301718,39.839906088961925,92.75366964138283,1831.2263019198706,548.3451288942912,32700.931641695955,359.3396099562492,0.5612752417981581,0.0026695922868835574,5.716388868842307e-05,0.7537815273857381,123.87757485072014,7401.156897363034,0.10562832712595753,0.0017389648649890743,0.15491941176603613,0.060126504770025416,
285,0.4380007253850181,0.00390716180130483,0.0005706965588274456,0.0009126309949191866,0.06879968977482244,12.875612896974467,87.14370307571627,104.13761434707656,83.63346893464997,0.4933008729563476,378.21991472227484,30.345455471374137,1837.7111274585648,491.21688041331885,1198.3794698161462,59107.27011623192,311.06546691660094,0.545788956530188,0.002160646526545398,8.008678557762183e-05,0.5206048340252909,109.44153150128291,3547.9057759390316,0.014788947795486888,0.08076364381365053,0.27534889852487476,0.1910977844809697,
286,0.38910823035074577,0.008126615118487434,0.00018827573174327652,0.007676319953734009,0.03264556842364555,99.71677930489847,20.080978411967834,358.43537763096816,90.43099138157238,0.9477330884178269,175.50741598312848,60.61989310306844,515.0611177135723,202.95508360516448,1903.4686161491293,25202.897245658845,340.398829849305,0.5553399631153579,0.0008837591430747319,4.584008224454639e-05,0.7730485962008744,388.9564481385333,9365.270694985444,0.10719591281811869,0.17673061610706092,0.17836464588742326,0.14860059483665136,
287,0.4494553323735701,0.002514006671374039,0.0006580537986963488,0.007402416708005675,0.02386477023531797,319.75489570726074,74.11558330898276,263.5032148860068,28.554116061766784,0.9073140323417461,332.94654867833015,29.488390612726477,1732.254483546984,188.15068301713035,333.15448170347554,29174.545004175136,352.4817104077085,0.782600343396721,0.0018342385631228925,7.085377575621424e-05,0.8491855763048041,100.64811436894485,9379.49906735063,0.021064389334993005,0.010666140914931033,0.16626882670788684,0.352545310668619,
288,0.3257803675260887,0.0028766163921129647,0.00019070736136388971,0.005400474303896615,0.06961262227817404,1.908326907684791,46.873893477668304,280.38681695635586,141.5912265923474,0.39681053002265987,89.18389554501977,79.63763950107659,1265.4589436674537,1218.108846065872,335.76058341106085,22545.585752090763,321.6175219696129,0.738533847924705,0.001574160335142484,7.43130554191117e-05,0.5340122777018809,88.69880170055008,5307.090928585056,0.023338868261035022,0.062179102752843544,0.5596929678741112,0.02900869358592163,
289,0.4738887010850746,0.0024416223182398764,0.0005161087710116161,0.00858200444726309,0.045655424803960634,119.11003881598145,45.76391558161577,117.29279031444534,32.74603899216067,0.7919181650691824,208.6927576490066,18.287465052835593,29.554991068193072,425.413743462338,321.06896724813856,98991.43473739247,341.89026000956727,0.7226603853083821,0.0024545365292634705,5.614179697241686e-05,0.7034601138847157,79.48439740444658,9054.978364849487,0.23575617373229096,0.0538129482051288,0.19466227729594787,0.04187989968155774,
290,0.4881692135065562,0.0030425826545556678,0.0008794345746134415,0.005239548304192426,0.07232853517294915,188.22813912668215,56.98022698464548,243.18144480151236,126.60678438391581,0.25798772447567325,322.8820230007265,67.11921304980183,1310.4999427396976,1182.434143209234,1276.3739638462184,78425.55208096947,305.22195066203096,0.8483094806604121,0.0013980909697835354,0.0001026602512819619,0.4933786089844792,53.530749461522255,4076.921167931332,0.12477154067763582,0.058481120170421834,0.13552442005987933,0.19305370558550683,
291,0.6626317666585544,0.005099680648625628,0.0001233858548740788,6.274151111485813e-05,0.040817102004700165,350.2365138387286,77.08412067464035,32.988766787354805,110.44438289693021,0.6454541325788546,92.10729237524609,25.9995693760443,1634.676913112804,294.9089081462965,556.8113659249435,23157.450480963395,331.10944059656526,0.743390272833494,0.0006922376741044492,0.00010367264803695279,0.7078296508590777,262.38961036365777,5075.530404935847,0.10716038811409363,0.180413710051343,0.019432883736416905,0.030361251439592132,
292,0.5928977263857635,0.0034473971100860198,0.0008456527931432361,0.0007769978515516731,0.04464596403965868,205.7165046172039,70.80018724784215,141.8264901345305,61.245812545817785,0.8521411692243211,183.07284269136457,43.37064049262332,543.7140168430296,1113.5765314200123,1448.0866222450172,50237.11168796283,353.76198686725525,0.7526111605115515,0.0022198427440003783,8.027415734914203e-05,0.7338239671903924,81.78050455271779,6879.973901890542,0.17945363522226218,0.0693961518539569,0.015571629460527737,0.14268085707748965,
293,0.5611599226229528,0.008355081349044642,0.00023379419980220045,0.005054679709029815,0.06798189084960925,331.09657807564645,30.960041610404677,165.2141015425191,139.29470748583623,0.6824443621552546,266.7692029623248,15.070703215441508,695.8806410544584,1982.860383089427,1964.3110081189795,94897.9499994524,366.5675474453022,0.6484437062995159,0.0009029798626843593,0.00010967978749608877,0.6183815358817736,240.75389699293993,3655.966374375622,0.021531431493211264,0.003144960521523648,0.06262633320226557,0.3515373521600467,
294,0.6632744948732852,0.004153011687309916,0.000334049358970485,0.00629354525542356,0.07690130192041127,62.848048695358415,35.501767188733936,197.33767472087885,90.3919899963141,0.928683825175262,270.2733353726243,73.98219438231496,834.7779177931468,235.13595377978928,1504.1940693677038,79264.20431441607,356.01698396462837,0.8429440079700783,0.002295427165196353,7.235385625947729e-05,0.549480239682294,37.596123916552024,6401.608697635687,0.01843547980304837,0.2356612741849877,0.0090386312889736,0.0735901198497052,
295,0.3624899536430017,0.004612357246206571,0.00011521567406387954,0.007289874796513252,0.07944120666041554,26.0384574207195,85.31782425859039,290.66798069769806,75.99228802691502,0.33267735143073845,187.6629945337254,85.65136223367074,1676.7160826518682,33.3508752806114,361.3374511719318,64060.72626135108,304.70039372938436,0.5289595955468062,0.0022400695252614757,6.761752921556379e-05,0.4580865328675061,96.32614670354234,3583.5273776206172,0.05827710648907017,0.4685739347762607,0.10664843433015476,0.004010570761512565,pool growth >100x
296,0.6610958621107602,0.005598626346744666,0.0007407750410310597,0.005584728492265613,0.048005270605976286,41.626829150725186,38.79193783117936,288.7965409742783,70.81519946662304,0.43093317289074473,133.3110977005144,77.37753483107701,1377.885977878309,1229.8266165920056,1029.05264544188,78227.11406958396,328.2168679213579,0.5770698065404866,0.0024213891777772455,0.00010005512364833567,0.6624796671520472,115.71153301709546,3820.863934006012,0.03698688867076337,0.013750029856219429,0.06725672912909592,0.2209104902331611,
297,0.3060492698092883,0.005495174712421385,0.0009143519486913778,0.0044933946052653955,0.05849370941752685,15.943282803592545,27.86543326490995,314.57638273026913,129.82223201035646,0.23268198360266185,60.950976070230766,44.60531483969298,214.46587986441588,1885.10881376311,1559.1510685119601,46551.99912265577,320.13955682338667,0.6101045395655167,0.0006991831091417779,0.0001133274496568293,0.5901667420585333,329.10310706801016,3177.1950178074485,0.08186295363265791,0.005362564674468548,0.20660646961348156,0.40011874227010363,
298,0.6061590637591228,0.009271229512791237,0.000956829498743065,0.007975339169026664,0.07534526515693163,324.1293367227564,45.40728640367638,247.57906212286807,134.59816450481674,0.8084539102220801,303.1840105384102,13.339053150695017,1947.2617409325399,825.6139472519161,1229.6943959618588,80791.61559763507,323.30212146544693,0.5261587463427417,0.0015305311710283435,8.04412255785251e-05,0.506978838939299,156.95693963507648,3316.1025133586886,0.0006948234287763882,0.35190766335000284,0.031027887859881483,0.010210561602216502,|NEE| >30
299,0.6625432351357012,0.005847485332200453,0.0003255695649944369,0.0009260147446231291,0.0306539858591747,360.15719084130865,90.02495857343115,236.36112706293687,83.00372785601797,0.8086641317039195,277.4260221784758,92.36821686616976,703.9310385954992,440.54165747089894,1424.6012271104257,11425.061081686783,334.57619905827113,0.7948773626933172,0.0012744759052608105,0.00010854719411169342,0.770491270081215,124.00799472822662,5642.2100428518015,0.06645889922094236,0.029115880352096446,0.2054121153174385,0.03646986997382142,
300,0.607908162573439,0.005369120087238343,0.00015579740245059645,0.008281120393756957,0.05611139397236982,92.92956702092242,86.58844529343327,135.6953853464745,41.12291193906745,0.9230176281526363,270.9260068706009,88.6523786556786,279.41396215793105,1906.161066216934,150.75040259572688,25035.29120300925,337.7996552672755,0.8961388034661023,0.002265033771187066,0.00010274420303542058,0.6361229061904597,29.16887466315176,5548.287914738846,0.20259750402408708,0.09334915548140289,0.07499203683780302,0.021153141083268,
301,0.5076645080665958,0.005681794224217716,0.0004269050430328594,0.003056473724416497,0.03285777053556259,115.04009333513766,43.822452764339765,27.469453061055066,25.65762969315393,0.7403336091356685,40.62362695344899,26.626711938334232,1051.7586549081088,1066.7977155209485,1328.4493045678535,48315.48047283252,323.4707761938651,0.8674802941614571,0.0011735975824236832,7.031666568338562e-05,0.7335008954114087,82.82508787337984,9049.029363596874,0.0030270967804093426,0.2881786070886161,0.18292033297122445,0.018209455093154327,
302,0.6102204132764313,0.002731636701583919,0.0007057810736800595,0.009716256359206693,0.046207944262612585,65.51576324715998,88.74116288538823,3.218382131496077,116.98287547190161,0.9852703663936255,362.49358786531553,75.49339034612598,1202.576931661331,526.0479381170958,1526.381905953107,80344.74545298435,369.38413199415555,0.6120924661487069,0.0008119273701891261,6.908428467157129e-05,0.756634047307154,361.49052008244706,6703.840130791639,0.01199804227788343,0.22566589364211345,0.12260989756150215,0.029505753242069745,
303,0.3288687592870556,0.009185079136285116,0.00035997216542192845,0.005078312550424844,0.07081972772108096,309.9349084860506,62.39224248244165,177.73903615303436,43.00551401380709,0.26123697890049324,46.44048064713072,11.603478354046633,330.8757150365561,160.35127308415483,1614.721800268516,34655.52028816882,324.5541522127979,0.8482477948772271,0.0012775427108834172,5.865935025858168e-05,0.5325351533041827,63.256893981588604,7700.763262695593,0.13759326991575285,0.4191887664196813,0.106195166005652,0.008154038371858243,
304,0.31647462289080097,0.0035277585437576094,0.0006268894661501693,0.007254513031445942,0.07558019977735893,25.612313082498115,75.46658749033242,120.38401431693677,133.58971416237446,0.39499979357899,140.42611779998143,82.42693381186116,451.6194680918696,59.89410197249511,757.9213327623853,80958.4377559762,346.50858766488057,0.6721047720853492,0.0009169445434086189,7.338049566350395e-05,0.5420730869016799,193.84288794095232,4964.942049401501,0.15569731116064578,0.14477429843189416,0.052975070624366224,0.33007869689229297,
305,0.32180821401064685,0.009199768927722955,3.4368710472584844e-05,0.0020798443673707362,0.06473830278409291,239.91504173996714,72.6830656402008,23.59314556548363,114.3633320020642,0.8185477379887897,56.3557909034372,52.550722755022896,496.3324130060573,604.1238912827158,1704.8004378655874,9783.247286631124,291.21116729522873,0.7864719312091593,0.0011543793428715407,0.00010996171927395002,0.5067404140336611,93.73288135745821,3624.3259443215707,0.07661278773698914,0.33286977607936263,0.014137318297685423,0.254571903875316,
306,0.31415824403400255,0.0028306714749907636,0.0006483305034614059,0.000599815634949647,0.07277001330190863,252.7458127278558,50.67649799338967,346.76933238175315,148.73849872900436,0.7154939236695257,233.70820115084547,51.4690738498289,172.81755071284505,98.44622423223959,107.17180090632877,45201.188371534634,343.78896385624125,0.5761978629602197,0.002175328074857371,0.00011264087740882163,0.553277863439453,107.79079423126464,2830.2116413738268,0.2909380116094987,0.09640144956521556,0.13495705651995482,0.1635452382713284,
307,0.5446599139446822,0.008917775413588866,0.0007715037716916944,0.0027142360339253257,0.053419183440798323,123.60348647882746,21.75517468761968,248.31520631369332,82.57253492434393,0.6535787844618454,261.9727863737065,18.69801033106895,696.0796201186419,665.3898739914738,1886.258981003985,80877.78919685748,366.1578330164487,0.8902543876444615,0.0017160945408829723,0.00010762726404644148,0.7059715622438596,45.14744354596256,5839.545271434326,0.0373299933414562,0.2864689242335559,0.04259713434290346,0.08894403413740229,
308,0.5516762471151968,0.007229170741961908,0.000361377915388163,0.0007823798040807871,0.06177847574536388,321.88221053649403,71.4394442069513,293.0100545186969,100.5827542770907,0.8970377866423946,247.0063957399911,10.640155662446558,710.4046278928918,624.1235156682446,575.894088882498,63666.618666915594,335.88617033974003,0.8094617009990547,0.0006806338941006398,0.00010151656644497909,0.600887723737021,168.21396313606581,4791.2928500122225,0.04366557388994366,0.10082554408997307,0.036440376513908135,0.26739225839097835,
309,0.471059727235165,0.001959515494850793,0.00046646021437793015,0.00875808523069309,0.04347248983301353,47.424784958319584,70.43234659593234,92.10907173970355,120.57260265932122,0.3603412222172181,184.3936816456173,33.161793337621475,167.94615030021146,383.5665822084554,340.78183482725797,55926.749538151744,310.34272143411494,0.776837249335289,0.0009756621802552053,0.00010239682676802964,0.6498026312637472,148.62904959998946,4929.751288341372,0.09332291394953376,0.0674892500713095,0.15759001476587486,0.21053809397811687,
310,0.6448367756293125,0.0020424641479861406,0.0002582107886512404,0.007901461599897526,0.054879866196064844,113.41141971950935,15.75594370435859,297.7610740516353,79.39714647164328,0.7989095194912436,244.275466213933,16.50486923810335,1811.406085648083,1940.1437518773755,1745.8708143987162,87395.36920827479,302.1429289324908,0.817443617294654,0.0012112032821242082,6.781585001122616e-05,0.5751819116121207,86.69323368848568,6933.16949286683,0.014728529619976534,0.038606588593138466,0.15411348944527584,0.14771461671229666,
311,0.551382693927926,0.0006960564499910173,0.00014611430489496006,8.250991019156907e-05,0.07873313347448256,271.2031989155292,39.747294030564774,181.7648061276549,81.02472167685751,0.4782173143367932,389.3765943281214,75.63338750335959,693.2888516658217,1978.6450605672314,1583.1656701450097,37900.231879912004,367.30177859270987,0.8483088637859181,0.002308431495220908,5.0333755534400445e-05,0.5562824990767624,36.5543116681866,9375.405624427949,0.1506846983807383,0.1363009200759249,0.0032181642422670076,0.1584135233731438,
312,0.3816881796889482,0.0016533973118119233,0.0007620279087051676,0.000533869326315888,0.03441861623464429,156.34205298137815,65.78270907013152,7.899852053706139,88.06198367228134,0.17726859743367268,91.44599618677145,69.10466415480559,731.3291364538702,1544.3512684554394,885.0181937285005,81528.36996763437,336.0462214292142,0.6706483993351819,0.00106432675024482,4.6240932353580386e-05,0.7535512660472586,233.18338620971127,10929.017315812487,0.1738483808299478,0.04737433162519614,0.051945643855671374,0.3451434640002365,
313,0.5821830107693251,0.003208373019601873,0.0009950648314709732,0.0011027449917346119,0.040905553203213554,72.59705497642011,10.900032404707249,364.31418697321476,42.4771325791735,0.5676219190896169,214.51776242371636,15.12049754553738,64.2563309183895,665.2654509981473,1948.7928552549947,9122.88156648586,364.74600521539867,0.8338990690494432,0.0007269185024306117,9.490667579145357e-05,0.7792039358415435,178.04815630755354,6846.488208329368,0.033406445506114414,0.12738211996411947,0.15665462772292824,0.10037379603751283,
314,0.44173623384804084,0.00615590677728334,0.0009756648310267595,0.007190147556353002,0.018245295874516315,286.82582603735193,41.66891958992539,199.58465047383964,68.44534253755901,0.2680546643652074,242.53238711397398,58.717664653681844,246.7129367563339,1477.078734608992,1033.6014694016649,27325.188213499776,359.53384371191095,0.78841477033239,0.001042364124789924,0.00010238226647551377,0.8965600921958857,181.98906553533925,6904.137244772383,0.07676588833690344,0.17885644576856427,0.05631739798914308,0.2463240340573484,
315,0.4171041177574866,0.003147191014760798,0.0008206202993691249,0.004892587697664774,0.021099749252462215,181.17899825052965,41.12162833551742,294.0719905899751,30.610920812435694,0.9740263511463392,327.34854200301874,58.3008908122356,1803.9811397807873,358.44142073500836,492.7018699385988,19511.945140139982,290.61165373867937,0.591162355610567,0.0020795372070422508,8.182559978344621e-05,0.7123429738181258,140.04684428194943,5146.437685998517,0.24477584038163538,0.06487469004741347,0.17255584387649092,0.10068950793697376,
316,0.5461058758432736,0.004175311177596106,3.501625507161802e-05,0.002400779699317309,0.07268176333471507,261.27262808855386,47.63667072101028,351.40476806821977,110.74647825085007,0.7620378294642376,114.0579945935123,31.850951358852583,1991.03742892753,970.1006705193709,1655.8131343215011,23752.187800559215,313.8560955714756,0.7432138115527265,0.0016994256926378807,9.384292374787153e-05,0.5055508147321646,76.38961052776577,4003.8431556135347,0.003621767542013265,0.3770712168663195,0.06217135248661482,0.01102978726177879,
317,0.6030149814587249,0.0062664467327074435,0.00047020148308460786,0.007775752964466663,0.026192220299954664,241.78053083544205,81.18159035998596,217.937085354294,41.14676755214617,0.678801257743352,104.26059344346946,99.48307098780002,743.7218069156874,1291.2184998588812,708.1689507683751,12840.452897523963,293.4431800718657,0.8082035315057754,0.0015530514601227632,6.296037995560696e-05,0.696396473388624,86.0025489800656,8939.432854720735,0.18060656220598584,0.03787844500045475,0.12116518013399402,0.057334831200840486,
318,0.6931519124038658,0.002205363430375772,0.0002391222799008303,0.008211794415836141,0.0693966012752329,14.619403421633201,60.25456677440636,124.54465848363503,142.69859780949167,0.24172868311621434,387.7574979215888,74.26368384092925,453.8816690358901,1733.791504973624,922.9004211427178,61336.54166689536,291.56546649392004,0.7688652652158998,0.0011509743746391163,9.037370331887754e-05,0.4851375566079869,97.42366376797229,4127.366727591863,0.07762827755844066,0.0929232104936913,0.03947031712436872,0.09682628241963356,
319,0.4814619055910093,0.0038579507016329546,0.0008695987550665463,0.005948135544988947,0.07382728530629352,341.14354800017406,90.81367820492352,313.90373450940893,79.48401705908012,0.41450419068672195,335.0100028364973,34.16927921846644,806.2514677315963,169.19160576919626,1754.8978203698362,54089.552885319914,349.0873097555287,0.5623922886951312,0.002415993454554703,5.3724842932106035e-05,0.5558801125783479,100.6862925752996,5818.959566770935,0.03543598301327231,0.15312481123723548,0.2703545449653918,0.05962275519309108,
320,0.448691159517162,0.008674124605790355,0.0005842191800911808,0.005976179540748,0.022567764799160374,201.18261604040777,27.1673552711261,139.26499021606102,88.91204340739144,0.6745821614436416,102.02068587369813,40.720562206303214,89.4901069064485,108.63605310087088,429.53695248620676,65033.92065143707,356.5425697555297,0.561877428466118,0.0008218940231762211,5.114815840517117e-05,0.8660329310741242,461.6514588205829,9513.624174388791,0.14689538187645323,0.0032845475093235313,0.03578592686845109,0.36534298422861017,
321,0.6416857493011914,0.005963750327049276,0.0009272192000128588,0.0020804272226472758,0.07786271652127977,256.122372355627,83.42554110082594,237.3947379746812,69.57132272648863,0.36251690933633296,59.740422786224784,50.57851884071394,1569.2698292028542,1139.7410382062546,1650.2803943212168,16613.408802001126,344.6776129928658,0.8415718896610693,0.002053818928318683,0.0001013125747074796,0.526741582986404,40.631952738788044,4375.477680207492,0.052784710211360296,0.0071392302424024634,0.08156024927139888,0.21683006097364704,
322,0.47248906339163377,0.002434455988890781,0.0002507561525864969,0.007637691119419094,0.051622156015766266,1.356124106713727,95.51511780450252,106.7291777759276,80.30199895788661,0.2529355679726974,326.78997898222923,70.84744041072724,1882.2200143186756,1394.242286846368,580.0246205325775,28149.94789624691,323.82163340330516,0.6743120967028993,0.0015557946469064025,6.843094288291483e-05,0.6340611600612843,132.73348779873427,6247.97923667869,0.0025520862905810786,0.15939800525189265,0.035970068983778206,0.3295907760821143,
323,0.3087323091267343,0.002813280478097155,0.0002980182718156976,0.0018472489251912375,0.023734403702593228,300.7965158452417,31.49312182572306,81.2572552713874,65.44102506471268,0.6287757925626857,37.21355106437667,15.70014141616594,1370.7988406045247,939.5821219383619,473.92336331537723,17781.25564927885,365.73673716889414,0.5067519959357589,0.0018843483342130796,7.075486617457066e-05,0.8818502772717486,230.83358912482348,6315.882034479343,0.07376751234572207,0.37245522584735735,0.043289184374336015,0.20175576830585032,
324,0.6771186852665294,0.004571842181457289,0.0009481294502266011,0.008339761658241738,0.04173537324391506,257.69008030909833,44.965623650851256,343.3095652496807,93.5893221699183,0.49449260428222785,381.7472262701947,96.13773103728002,1591.0600560777252,1948.986524877924,471.2366792069087,80894.88838093258,330.86747682223995,0.5461066445376678,0.002007001512646665,5.6258310901573206e-05,0.7022947641796898,158.82744732802104,6817.2654137011805,0.1472560039768634,0.07826374122331597,0.03293060106020421,0.064430968473087,
325,0.6296704375299089,0.008440947792550018,0.0002470457536866673,0.004860225045666519,0.039131328982028625,196.89306461893148,43.701854313398044,172.32237368953244,140.67967204284943,0.750989062592612,243.7007316118383,83.88320059172513,528.5330225118691,1864.566942614272,139.40663299061737,99861.44019176756,337.04509600396835,0.6347802721230126,0.0020979501343420404,6.120894190048189e-05,0.7298740377270118,127.05945345394842,7569.313010461089,0.018218618621684775,0.19696154070777913,0.04340359671938603,0.1117458064212412,
326,0.3758501961434151,0.0062023864754259615,0.0009862592726095425,0.007725899896554253,0.02297912638820964,108.95262742571222,89.06407687600529,163.27615881058583,21.318670482592594,0.5053893712471473,316.6530694838713,24.355180330947825,414.1408740460233,952.5543331376243,1316.9979395126309,92260.437749894,347.17776432578245,0.6262139510018971,0.0015794678194496453,7.389517105152331e-05,0.8411109740179031,199.05156906371596,7127.8734290168095,0.08699347962387927,0.02493999766733512,0.16071276531889075,0.35150356124647986,
327,0.5714962627493978,0.0004667565015879262,0.0003734441522237691,0.004135977380347443,0.05011235877046498,218.51859429718232,13.822704316387942,71.87360448047627,32.35738593662969,0.28780651858265105,77.00704461943825,15.622042128671671,688.016849510978,1702.5492549279863,1470.7414047404272,89542.77969531901,341.16406028869534,0.8119019285519541,0.0012896371761027489,5.213224941642423e-05,0.6766184807696796,98.687160774546,10537.581930192417,0.2649693894320931,0.0974442537206499,0.014312869694170633,0.05177722440368857,
328,0.3245053811910081,0.009598239826770666,7.232864266459487e-05,0.003467110722875791,0.018691087916648565,336.03905219255705,33.81185346529408,134.73372829933854,56.258470755996115,0.28173099500802534,132.08457279024344,18.690845829524065,1226.5250051575647,1046.03873086563,732.1736971762664,63338.8295462757,317.808700965224,0.8387767403883286,0.0013694560215957918,7.385707154249047e-05,0.790422509205333,93.05482716854536,8976.635574013944,0.08791102689142659,0.42052505088224157,0.06114511973579138,0.1059134212995323,
329,0.3242261743409496,0.008659635377188592,0.000764900107143463,0.004456368171062777,0.025524271573885864,21.759987746942492,40.00212201111363,180.31057323758412,115.49394071185617,0.36845924815683745,390.5030573165952,85.56850613511185,459.81103048809905,987.1439208898812,1301.6476400696158,79675.54702830971,330.43852167844693,0.7675845371776964,0.0018200174535629389,9.380673688820339e-05,0.7876221946079291,100.57902276187706,6444.810231908149,0.34277776643139785,0.18064209522064967,0.13494363403034723,0.01741032997665564,
330,0.39891700029256505,0.004278371264078807,0.0005610764910489161,0.0027898992830002784,0.05135627688564853,312.5799935197884,82.74084452019258,179.87859073660584,72.23418995925473,0.597513543762189,229.94938436084414,24.65549694009397,166.3345614367806,352.53527329536985,897.1366891209893,73925.4279890689,314.75694908729787,0.6093636187758796,0.0013092356826592973,4.696365275744321e-05,0.617709361496747,184.30581507924327,8014.913444179214,0.021665148110294463,0.20865315555853664,0.2333349556368823,0.1374297404017215,
331,0.6573806212316545,0.006449751398100974,0.0009169589038540989,0.004039248636914079,0.04228126241996573,235.67556207821298,36.010211714048744,210.67418323428288,38.71570506493034,0.6698275798735648,37.9858460867362,17.35501113134177,53.102251438634184,1638.5956666937361,638.3503925990444,66662.27760022656,333.8946638488816,0.5181018627944844,0.0017264385403049681,8.388000055462833e-05,0.7057055346521297,196.98250162117574,4358.93359167928,0.15937332942634805,0.03428782540040311,0.07042210004799714,0.07853612389359715,
332,0.3650282888214127,0.00820598058500427,0.0003894703861644647,0.004058575177331408,0.07552938561036167,217.88536058809765,98.90952912067831,195.65231157191272,33.665826759117465,0.1470945327019879,97.73626634467621,70.22553099687099,1523.6868081476443,1782.1061330436303,105.01163559509126,10920.140014755942,326.22311376245773,0.7497693396379579,0.0009096172915178073,6.957261883937546e-05,0.5106026806162087,140.4639590129444,5502.656663634405,0.055069933340918094,0.0036673007947719146,0.26029538792748425,0.31593908911541313,
333,0.34387805193746945,0.004465338925639804,0.0006418481436372115,0.003828348864880723,0.029728707676454393,301.5947629395585,84.72131910860226,29.766049757661758,69.24464340049032,0.3648542998759105,51.892880832107785,34.113229655519035,1414.1506098208354,144.69581896075536,1696.2328992828632,14256.794025868521,296.9165348996747,0.6355586891860083,0.0021629039939847603,7.091174777855246e-05,0.6881336177736641,115.94796550104085,6167.515451217431,0.04943697159304659,0.2575229271668083,0.1427977146289807,0.206364334673695,
334,0.3274168385358312,0.007788241707612539,0.0007225693041831025,0.005689389765320812,0.035113268727477394,18.18043857436677,13.106613316772343,271.9882030568792,91.2903650719046,0.4594992437661122,210.12719138664713,19.416079410111564,642.5827698175183,82.31744820038469,1688.5109445795256,36523.059809566425,363.4202933853519,0.6705412642676939,0.002229598591519814,0.00011210327351256273,0.8108430088908684,119.81498086813377,4850.025153309856,0.2780170137064342,0.15569309666414474,0.1817846833412265,0.057088367752363464,
335,0.3802353155773242,0.0033209640370987525,0.00014829497364404884,0.0024192284491323934,0.031767553750308965,16.681608403027184,53.320741753814815,278.39434037680854,110.17840863310592,0.6149497720870478,391.393073480952,26.006869934004506,1057.1733200612844,496.4341814472166,577.680430784123,57893.7503995988,316.4079600761849,0.801489726114137,0.0025688204565507697,0.0001064092078968537,0.7230228884667204,55.87290900353345,5445.914205217748,0.264509845109829,0.23184553139149444,0.011169115491906148,0.11224019242944618,
336,0.4188625108159959,0.0014420659613246743,0.000849534672205564,0.0032296132386384607,0.06111353284059981,7.809249485870859,98.77991424432257,7.079673751329684,93.7945834999358,0.24938598695690428,292.3041918105781,87.4371610446889,709.5669394350032,1420.1067467962234,1236.1604098644702,62696.97980790569,361.0670583751073,0.5890745565460456,0.001181216040547499,5.2642812621128525e-05,0.6499112692240061,226.09333715770669,7272.52541515518,0.08005680117786934,0.02949964440185526,0.32420112920821587,0.14737991439606365,
337,0.5697093210667927,0.006656715480428387,0.0007673507037587382,0.0025103038615822497,0.05335728702428506,272.1544615180898,85.82021047753724,210.4242831676167,129.30668982880073,0.22942917994834708,383.3893451802141,99.47739374971069,589.4893801188841,501.6196516202176,245.96020518394496,32220.3105392612,314.57301255599293,0.6341714028032929,0.0025886548340506264,8.382348509870787e-05,0.6068383634465471,85.75837315375905,4591.0705784730435,0.0647908855593661,0.004224842430377872,0.009605834554601345,0.35166911638886195,
338,0.33651502465903754,0.009028891655398278,0.0006636760590132427,0.0006074922354079165,0.021523120251122137,358.9171398581286,23.48569458374828,11.26072967808444,26.52679838531671,0.398498033737947,155.10411665732923,62.33101050666759,1428.6417049502797,106.28242760901215,1316.3464269677524,77195.78920886808,336.2101358899576,0.7162609718563286,0.0018226328770063046,8.874110729114546e-05,0.8219678336692396,127.9601379043171,6634.394108324533,0.245891416813885,0.020392026578089043,0.36631472583244923,0.030886806116539177,
339,0.37090405999249587,0.0024982728451578835,0.0006146721465667092,0.009738763406573352,0.040552997467420734,94.54008815037314,77.03449102872814,9.212304502127184,83.2892879779634,0.6378456951843245,176.6795640170857,93.2209769103936,357.14738744307726,587.583769266666,1963.307306657972,85817.52558612023,302.9847620841957,0.5854756070958872,0.002212642725391054,8.066012884860573e-05,0.6490258811735105,121.59082724254893,4710.987041865761,0.08688104271037266,0.010710968919850471,0.5196980366123413,0.011805891764939718,
340,0.35439324591209104,0.009313528738502264,0.0009906330241473197,0.00035811453123071467,0.01935348276677042,176.96753888482448,80.83164156595058,140.95018988740432,66.00399916695784,0.7579278089184093,220.8790543297724,94.96766241447584,1422.7225976352067,1415.968006780519,651.1261527703389,85842.37423914544,331.1942440347257,0.8338607401116629,0.0014793007567852146,7.300870486763867e-05,0.8204648035448195,92.14584296001803,9370.846799156225,0.07635888294552563,0.04710096292518205,0.39940282151667383,0.12274408670052747,
341,0.4332098351350204,0.00669586904048052,0.0008046651665868397,0.004390991621556637,0.06823278576427545,216.5477008663841,52.85254651452459,160.565561576948,78.60122627146319,0.8132024106034308,303.5846631882162,52.95469042536182,246.67510474140784,493.36620110458597,1756.5062285172924,6097.224760730731,354.0928530627036,0.5828463810865163,0.0012413303863186833,7.198055798933032e-05,0.5958877974713189,200.25027496404917,4825.067434754467,0.06260555118544639,0.16092800789142417,0.20427072657942458,0.1389858792086844,
342,0.6121493595890981,0.0013480254815054448,0.00015013212485844,0.0014812512618844554,0.02637905941353159,24.220906500143762,72.52481732228185,351.72549512543975,131.96572041339044,0.4181700586140402,49.53097229580883,40.52220977164524,751.4280619012648,141.56811245718285,868.6438778934623,3529.454220344979,324.00613938355065,0.552663928999307,0.0009234981380110506,5.681387059653368e-05,0.7679853855531158,372.00677599544036,7470.672498411477,0.022857734146337603,0.1947812904829913,0.10310956821652109,0.06710204756505193,
343,0.4623503596199917,0.0029442626983818597,0.00012868026789016277,0.004881621981798002,0.049474843283625586,172.2776031830965,35.99692199323198,305.4322649951343,49.562792410216915,0.16900052342631888,192.93435435441972,53.371286991383634,1876.8755049584322,1385.17794245019,458.94003919487864,60251.52496903063,317.51502473271717,0.6696957213243959,0.0018693622519494859,0.00010373813865064918,0.6330947956766521,111.86377578833564,4087.0299137061234,0.2687707252772653,0.06302168935047806,0.09718769717796186,0.10866952857430308,
344,0.6051314205329835,0.007028584758693499,0.0005205952350450465,0.004771781537132868,0.05522614099223945,246.22397901726438,81.20181597728457,121.36599130799652,129.61680515860144,0.6396986013300074,72.90538991605447,80.14215014804812,518.0242021717622,230.1404230502734,1878.3253641422393,5137.717870671997,290.0825075011151,0.5564251191674607,0.0008816101983668985,9.986914494192451e-05,0.5505471251339507,277.00323326155217,3067.3963403622006,0.09310650696589708,0.16921897749029696,0.07057686447367346,0.061966230537148996,
345,0.357198051751618,0.006733497609574189,0.0004681080086352462,0.002149601969230477,0.06229127928953111,192.9196179007284,10.71992662650632,98.07460021111099,28.39855408569059,0.6748884443461729,85.15861594489546,48.04348318232716,1136.7466266304582,1187.301687079944,1123.5125890807283,57907.59957249663,293.3320340418253,0.8853433008576942,0.00158833395734004,7.869552377102531e-05,0.5222715303411938,37.70109519361111,5875.678545093029,0.22489897635300782,0.20513017566917371,0.20200336667459448,0.010769429551605945,
346,0.5206283938360838,0.009335723222360455,0.000994663490157771,0.0036850963109063863,0.026587684254849725,361.58780791908765,74.50210481631042,304.2094714081815,22.654218677109142,0.2102962744423641,35.64406696669597,56.16566249812471,1673.2857134228666,1416.6847289035672,1459.3136536230625,47303.44444171827,362.3271527026359,0.8251078807942452,0.0026783674875749688,7.968767238987064e-05,0.8576383297507113,56.00209295326857,8880.22103703052,0.03707118965945836,0.03091624889354492,0.1650038658170605,0.24638030179385242,
347,0.39466854346727376,0.008568660005458991,0.0002115088853917482,0.004136125762295445,0.07770429025745082,150.21533230186913,73.53211578790778,353.4742484022621,44.02788217327432,0.9333675844229077,177.71729240130747,41.94053230302228,303.2866968674201,860.5397322577778,1888.4438813295508,35336.745934540915,361.41714397160166,0.8410885215454786,0.0019732577398799966,0.00010550634023888401,0.5532266464362435,44.55275280509819,4410.280757318259,0.10125323358224038,0.06815309119882687,0.16303520951908956,0.2728899222325694,
348,0.31348630696277024,0.0023104676919521775,0.0006469870480933972,0.0018699931022055814,0.0720978810554162,85.17662956222593,33.07618110403169,294.7639712627206,91.63555194016395,0.7505405530431941,190.6048239003633,15.331044258957052,241.24182858857145,1379.6299536381168,691.2433238420988,89561.39905586703,302.76370165678185,0.5752365200560183,0.0011759097146103533,6.350658253835258e-05,0.49053015845569437,177.18987651373808,4443.175023032828,0.04018702884811175,0.1062458764020123,0.5256216912637175,0.014459096523388252,
349,0.3451972126587607,0.009172056949555316,0.00033697474295284657,0.007006366039676983,0.049280761598434156,61.62972050594072,87.55109041156807,358.9805194789154,76.10545148612636,0.33234739702166316,225.74639841492345,22.536116914134247,1401.2802928926299,995.2315716767737,1459.4797017302374,35070.98504801595,358.96608504337246,0.6558787270264528,0.0016258955647717485,0.00010231427679871993,0.716906907195604,151.73355709492532,4595.68306985098,0.0737921448664075,0.13832681097220656,0.1573667857659689,0.28531704573665634,
350,0.36089580045709163,0.007834302799122245,0.0008304537457856074,0.008647840937989048,0.04730643463409377,28.32922126757739,29.440893153515653,278.43644778355207,61.47237886040712,0.9712065957245518,151.51629287935992,84.92769911198243,487.94233362972034,764.6335973553258,1662.7691107300388,95121.3066477829,364.0293036181392,0.5431183824595169,0.0006592791210395587,8.590935230467302e-05,0.7390049217598001,512.1317409409305,4671.9844460283775,0.029383022250912483,0.3138363168193586,0.0715455898275206,0.2243392706451166,
351,0.47851328204579435,0.0010186915191611019,0.0008561279775720442,0.0005755123966522721,0.07002236089521194,103.79640417769454,43.69921278488616,266.5346749412319,36.56687048412567,0.8529218695310459,81.22992433841678,20.830713427996656,566.6827027381048,1956.5045075723501,1187.9617829101692,36426.740374571214,336.74433935470967,0.5022886588379984,0.0024149746657713333,5.445511373401084e-05,0.5568885641150778,114.77128851576161,5136.685809855873,0.32114176326237454,0.046955106439595794,0.09999587352714642,0.05339397472508893,
352,0.5643125829845477,0.0014204392751679432,0.0008532453688393986,0.006878967859405101,0.053289989731398285,247.8363156171801,23.26842982288889,294.75912586311296,41.45647351587498,0.7191360739226067,81.33495383007019,97.77744879021465,842.6794222604184,1030.9301703982944,259.6399874485657,94195.22259078662,311.2928128646381,0.5810259148384673,0.001610329983549843,7.621315403802387e-05,0.6008603087025126,156.33124932168244,4580.776310344307,0.03863905073976353,0.21332144932874714,0.18286614153671915,0.0008607754102225795,
353,0.5014901282631187,0.00010015179879902073,0.0009038215371229089,0.007793405800704589,0.03517803872354451,347.22553787008906,91.81735635099238,310.91230516480624,141.39119602952553,0.5768941257354749,200.84129995716845,62.381544246908966,469.2921580333315,1501.9603931200456,1887.371368839303,36478.51902796435,369.8088020353667,0.6408777655680251,0.002108028371464792,8.501903743420654e-05,0.8247079144380294,140.49666171282158,6216.689595672356,0.06778891740727763,0.09910776831395969,0.11593205817230089,0.21568112784334312,
354,0.5641352561384247,0.005394076080943397,0.00014236482254820264,0.002378376355622998,0.03359811300893667,140.29783426877586,49.03311909157171,246.62182808328845,77.49756401838462,0.8889261930238546,104.19966433024602,20.580600464701078,1048.2963027677636,1170.3707849038196,311.607432473129,17781.553658158802,310.31840656094045,0.5023398572828996,0.001621026650914096,0.0001126081755696022,0.6999745745362173,214.89433654011884,3122.554167098153,0.19733453961035824,0.055333145831007194,0.13131426532210747,0.051882793098102294,
355,0.5194549516206822,0.00215100674127342,0.00036307306367107384,0.001194034995048143,0.042406176469200474,59.550239505477975,70.08004922095148,149.2518031700496,95.38968856101667,0.8855879289934155,126.1262036580094,85.20247227271841,382.7476177168402,196.4762709466706,608.2645008724344,18487.12963072238,327.6458107384725,0.5193930765723126,0.0006416676512229184,8.208776991722747e-05,0.6918208499084606,518.1715014056758,4377.350731213089,0.11091976209359514,0.05787838073833955,0.1577102247018933,0.15403668084548983,
356,0.538321250986054,0.001546232977515731,0.00042285202107227114,0.0013959333192118874,0.0346751581690406,6.917127612674528,36.776964272442555,5.122040098034894,101.34509455706753,0.36338797916149274,348.59150014487034,50.69247849181714,662.4154614298212,1665.9859997592164,412.85372059926505,22747.926175152497,358.4202371621754,0.7888939370849588,0.0010655080888158505,6.764397178545993e-05,0.8022336136539148,158.94424593697636,9356.00345799576,0.3191023392444427,0.0022422284142954723,0.04663928769119637,0.09369489366401146,
357,0.5347593231686857,0.004025887164985827,7.9892911927007e-05,0.007095228934235552,0.037807318972454665,41.04348542037957,54.14276208201361,39.966239828597935,59.601735278788816,0.983946710485277,233.77228104657803,40.20099299801462,978.7655496784259,1078.1141257252777,33.0796481884312,11206.348062811736,341.743991830471,0.6268046363241022,0.002304378304897021,9.10526271917935e-05,0.747470819068007,121.05331991991306,5145.57557929562,0.04064830246764964,0.011549063071671131,0.3584668306731844,0.054576480618809146,
358,0.4884466447391154,0.008484509166196991,0.0003802648462190277,0.0020917789968177415,0.021304553308642518,284.6499114776416,86.60158111117579,91.22837988217911,72.50973763248543,0.1755246917909496,139.08428587714937,11.263402222440975,1205.9377367582567,1857.3551946138978,1196.665889154807,76333.61224171192,320.7400717952816,0.5986299799254337,0.0024993778313187227,4.7544664260878335e-05,0.785203994147467,126.09431793164103,9886.422768172575,0.3542574632610125,0.11009433592667495,0.03799654784442397,0.009205008228773192,
359,0.5981481853894564,0.004541539477551716,0.0009794470642991012,0.0053733307030052,0.06525588780367192,177.28959159677228,75.24573463637988,359.8755995247522,149.831738859101,0.2975664235521991,174.04342411895954,86.40656016379565,420.7929858158861,1506.6866377325664,1071.3253932072985,43234.202613844456,348.5360483477645,0.6950735392708441,0.0017273310874532557,9.096591125677011e-05,0.6035257400107148,106.5406448116115,4611.56015868617,0.08523515854753048,0.08180317211030172,0.019174629994328063,0.2156388539583834,
360,0.34842407583571045,0.007251202136962175,0.00045259536027601104,0.004770299276712266,0.04472393753270307,125.77314784667935,55.89622652943052,45.88281349724314,104.09508647062873,0.9652268669701048,291.9577893651164,14.939625749833162,1082.3141275294356,1351.6569915851499,240.20628448826452,70584.72068027673,311.723562499814,0.7439242533571194,0.002316794962689156,0.00010745019379329541,0.6462179792935396,71.42658465968412,4474.0470982928055,0.12021044334387469,0.25854711421491966,0.049006914170740073,0.22381145243475511,
361,0.5926385447651017,0.009328049799291416,0.00033494824141084797,0.006332922187857047,0.062209286592268806,228.06247533401933,68.02319486952328,139.91194629075878,93.14498779673075,0.7701307100224631,65.55097599506442,58.54710007524902,1461.6079532198712,234.52407554686224,1194.6459849810624,26569.170763179547,362.1841099980111,0.8260179562287933,0.0016416791864199008,5.813631893793321e-05,0.645352288428367,68.3932104530405,9169.355543550786,0.046882570873853065,0.0154788524739523,0.16110876445283367,0.1838912674342593,
362,0.5030712398714285,0.0034866215680109387,0.0004258596024906378,0.0022637400540686573,0.06498290814253622,282.6427908679261,30.92531563654825,153.68846338852407,82.2550171843366,0.8858655916777854,345.1855206518753,63.082653741522556,255.84791595961164,934.4652514581812,665.7351114611803,90054.98376301957,368.590898848001,0.8478662666890705,0.0025393432408217344,7.25919508067889e-05,0.6399068677182838,38.337243737787325,7474.0441733693915,0.19666303113623498,0.15176906392581888,0.012560938575352714,0.1359357264911649,
363,0.5172388688234538,0.0054728364369987115,0.0006556253759981746,0.000963809009327822,0.06721876706573086,207.91701671873238,14.523409109723334,36.23239389239339,96.57859220821614,0.2892127070866265,148.793212589882,49.176297983840385,948.9106206308787,439.74165189765637,1144.37118540361,42960.66656644817,295.6091010535896,0.8257737542310704,0.0011017703295234035,7.648284391076114e-05,0.5023638821409551,79.44030697684934,5423.947224421444,0.09783658402326097,0.3147421896714305,0.06333565099746138,0.006846706484393451,
364,0.5202080810227825,0.006106082291491215,0.0009400976505020078,0.0020170269422904977,0.024407706247361265,244.14454102607738,79.78845206405283,360.57611486463065,61.42763901950993,0.14912986596121436,134.8532327655381,83.56464112405287,1292.0148362246669,916.5018634000903,1989.2442503849384,67109.58627251555,363.4887730123999,0.7807515300184051,0.0027113145262420524,7.955597256612248e-05,0.8726702577041233,70.56784336462188,8564.267608415692,0.1258446284471378,0.0905062919949876,0.061584899138524156,0.201856099396568,
365,0.4205103114883447,0.00012037861149890532,0.00045205658133982046,0.009200399153377425,0.03395441307822255,317.97721342746644,70.83772768028444,292.08818712094757,48.945694815832766,0.35350146717941744,226.59271330233494,16.032340670519392,1708.9876247902794,939.8578145671507,1200.5155895627813,13075.569501539565,308.4362706999487,0.5021048987676535,0.0009884272612652029,9.62001946703133e-05,0.6939544015503083,349.56188538168857,3622.008310210942,0.1361023724768822,0.34316557267331144,0.052793924551583334,0.047427818809878335,
366,0.5327538873505147,0.005518055000200265,0.0004670846884872112,0.007803679330844792,0.03799630211953918,285.6637122956631,85.7761071347179,206.8652978060879,141.0930168625496,0.6299791576918063,218.12049932958314,60.80642436635881,838.5979105708193,600.1317612379039,1229.7133515631745,60060.43058174601,312.04973271333864,0.8493972817152493,0.0013420190525636165,0.0001088232205197416,0.6815571057766707,76.48501904661913,5319.753911118596,0.17604048345421808,0.058152570231970714,0.12370701346546495,0.10934604549783161,
367,0.5794060757199342,0.007717950650885668,0.00014433584673750568,0.0038834295576298922,0.04563091532838651,76.10391715261315,83.71393794376208,162.19720021936567,65.10657847179577,0.6900001510675341,129.94128121052535,77.00119588382317,998.8278969408171,1159.2069529401936,1267.7991212552854,92053.3104656664,349.86961209800495,0.6772035110767296,0.0011125208879703985,5.9731902173727666e-05,0.7200207728763068,208.91309093557936,8163.151979018684,0.12853323240766135,0.2725917456161995,0.013776604841058809,0.0056923414151461155,
368,0.47470553431141915,0.007113020558417531,5.933498295384962e-05,0.00983877643798694,0.04152820249392422,283.3434241918895,26.07784895749805,132.6372427884045,127.19467160448636,0.46252491771588694,48.653005785582494,23.693644068445515,1937.409134034569,1229.4297458370854,1774.556003256924,38776.24680551212,357.5545152506048,0.5414785470278431,0.0015962517416352288,6.551887070730953e-05,0.760164558404238,218.35638372452865,6282.354932910463,0.24836617597255514,0.04148040751582816,0.16746976587124263,0.0679781163289549,
369,0.6857450648580345,0.009726351587407582,0.0008252315138458192,0.009548994306299817,0.018049318304731412,249.82314878240587,69.25965028946439,182.71942627576604,77.70797389910209,0.4629154002096557,285.5088944771444,57.29237883323621,784.3939675140015,1286.400934314664,1943.1913011651825,64231.64171843238,327.6518916887373,0.8589758250815879,0.002479773146788592,5.648054562609837e-05,0.8180010524300173,46.519547020149496,12440.445132739758,0.058118043853517945,0.06466236112950552,0.11049947957049318,0.08097505058844875,
370,0.3820184574450623,0.0075061530065843925,0.0009901050912031952,0.001738750086838789,0.04648821588849261,43.04010604833182,95.50236767787496,170.18287049273266,60.156912151457455,0.12623189604696133,302.1217715157654,48.141143516026574,1421.3847899031664,1325.8968081289438,822.8450885895043,94604.94307880309,320.41122074129737,0.6558886398671876,0.0017817652917746735,0.00010257744821857971,0.6548244453464581,126.46588839540618,4187.001356232613,0.4820731922553643,0.016803160723619762,0.062052951093778466,0.05705223848217521,
371,0.6416627102711641,0.004081079018231818,0.0007138967008091453,0.004447129881376473,0.0455135593002491,113.56028508234147,98.23183133602004,56.788110210394095,126.295939231003,0.2016018097061804,186.93647725595974,17.885218294994168,1479.7445215429154,230.1530989435768,1633.623960525455,19091.175746017427,295.0778708277069,0.5771796206583738,0.002258183771587439,9.293513373544364e-05,0.6078371093323578,113.81089545478277,3775.0114309324185,0.0032501904383182576,0.136612413612606,0.12259673262643062,0.09587795305148106,
372,0.4155974257472351,0.0006686362973005125,0.000551033457721792,0.0022602465306405164,0.06342246759974743,20.89622250264926,20.232908955520266,132.73770904236008,35.14775321624965,0.7459314379327631,280.9594741221566,95.42489399999425,362.3300855147103,877.2425698829541,1397.9854646938857,11950.58742485063,359.5675882114874,0.7266182896319868,0.0010469939850354757,0.00010134222854559638,0.6334841116593093,165.40970856725158,4542.0467689421785,0.08431941384205212,0.2606997574284835,0.0732650217708061,0.16611838121142317,
373,0.5003817623515341,0.0014759897093597285,0.0008504021549157388,0.0012239126035807914,0.03132658583409989,92.742533088821,73.3368467570273,7.25940606400052,85.68269178862268,0.9593294489063062,193.39467053652237,34.81052321851358,1080.7404493442293,130.37157553382917,560.0644293263533,85334.42777219352,357.62287388838934,0.7635347055483774,0.0021610317010368743,6.578662082391384e-05,0.81972619077516,89.69641443869205,9513.93137183739,0.29999778352599715,0.12305558875035394,0.0031018782629795363,0.07346298710913533,
374,0.6918328492400307,0.000793221408445955,0.00022998359650485038,0.006345390006978155,0.029413065605663972,275.2801806246336,42.97372514177676,142.356889521758,67.75482362033574,0.18225981614478481,124.12962557743025,71.26722632854819,123.50415597357623,500.25056134192306,1021.9589791186404,8569.82545521056,338.8802508936999,0.6913396731425273,0.0022473635614327246,9.419378866931696e-05,0.7870843675051014,108.10076407203698,5776.84215757446,0.0278783423940622,0.08354370558191239,0.16768092607601393,0.029064176707980737,
375,0.4246067952921875,0.004096298657737949,0.00020996577659019688,0.009986819392771578,0.05583432128373873,248.0613468587116,35.51651150162514,116.8942604429789,66.84309554397312,0.5248881451187646,344.90929505872504,11.42316201693339,250.30741698493313,620.3751639720796,907.0942502887847,37983.28823053821,364.8018432554532,0.6599732626846875,0.0018470127305925275,8.710413305725827e-05,0.6886568246359845,126.77862438759549,5217.836117217574,0.146298164305538,0.220891064881624,0.1338345543775374,0.07436942114311318,
376,0.6327864125544744,0.009204091179793403,0.0008659805788072025,0.00834083446452732,0.024106019941276077,207.85961491013876,83.84293343439964,188.6330983188624,58.153962210748496,0.9532215685672422,242.7542205286619,82.7821631253347,552.0218531774477,1151.9308076526477,312.5219795355837,55619.436034755876,326.26662893771174,0.515541149460891,0.0020186426894591757,9.265873145476109e-05,0.7848206458078001,188.35096965539392,4366.640159086725,0.04448586358466498,0.1570727421964353,0.06732934013744499,0.09832564152698027,
377,0.46942163215003985,0.0018291349309835904,0.0007251722160701347,0.009550352428230484,0.0209577030288017,335.6059258639917,54.405820265862616,260.3016466057805,105.39653942140342,0.7681932353524492,320.9463746610003,24.7744994076495,61.31370431351483,1856.4335213343159,1105.0080370934083,34763.95774252717,305.2419732243902,0.6273734761152868,0.0022557615807555585,9.003739030690391e-05,0.7488567622003933,123.70274171121807,5217.975203553574,0.10937688666754943,0.14092250189106803,0.2435015798775983,0.03677739941374444,
378,0.31832299702796324,0.006452757589734358,0.0005204715369160015,0.007074796686722539,0.06313237490011626,317.4288764770131,25.675915727721396,204.1510974851901,131.7582967903494,0.9614973884726183,118.0836514117781,72.18264605166868,895.8495978981954,920.291671701655,229.04201613312898,41519.62378556114,321.6733382528422,0.7662694117910007,0.0005708198279488806,7.791765264192086e-05,0.5682623459276327,232.6833895170615,5588.490397138414,0.38425039652201276,0.20217815008271717,0.07581839212741047,0.019430064239896287,
379,0.5344982496498056,0.0020239022393714542,0.000662629140914764,0.0011645999508972634,0.06949172586374262,296.55957055897676,43.31462234862418,141.3836515042133,124.49248043366268,0.8958272606519533,142.172493121601,87.32708905207896,1996.3656937106043,594.5891496968255,831.9673352439519,55553.75022805197,365.10070100088706,0.8534764807968769,0.0018549156318191176,6.878244189684784e-05,0.6069287721321338,47.942525294920046,7530.983463927326,0.10948457252556808,0.07520024005703248,0.13734893198871612,0.1434680057788777,
380,0.636828564744058,0.005474493703065373,0.0005486686934048099,0.0015598048375859352,0.051077331355390845,5.404571538703294,23.264497007067945,306.87204331305924,65.20921409601338,0.5364094532479278,379.40878106900544,90.5000438730385,1577.0185138450615,946.4070359554014,1395.6547432628868,76327.65319108077,295.43311784619146,0.6778639229176767,0.0016007669564323131,0.00011177090301703427,0.5811624147708904,116.95230195108093,3524.611716421997,0.07768681176511912,0.0025580328560095363,0.18341235827125021,0.09951423236356309,
381,0.630925315673579,0.00211975380870879,0.00027448823375649634,0.003581386066589728,0.05802496509964419,261.55978470772766,44.581156319637444,184.54851119249534,21.156188356137797,0.2498195506053346,285.6708623171998,57.24358666335568,1583.279382815909,1759.8521332063199,442.7604269639644,94847.35866240613,328.6544691252444,0.722127430798281,0.002595414438014399,0.00010424541154499313,0.6084264534035263,65.13989415380985,4214.683649998031,0.03943884221284079,0.19311269446632148,0.0720266131784431,0.06449653446881562,
382,0.4749612515290913,0.008045800031581157,0.0006125136005068214,0.0064920643394471515,0.06283008099120752,157.27166957932604,58.04864050653007,342.17229514315505,136.6135626046114,0.6298508794142879,347.1266886154783,98.69436540215453,359.1955281616218,1301.9472747469815,295.41324557426225,15181.530985496449,368.19052678489135,0.6277517770638906,0.001633851969636709,8.74263579844929e-05,0.6522768107191562,148.61131128460067,4683.575257008259,0.1898735201782215,0.23396756218726533,0.09310035859450869,0.00809730751091317,
383,0.4079338124058314,0.009736584009344906,0.00037862672656376896,0.005041662268374034,0.029719585643237678,110.31246224304381,55.654385669257586,121.33538581166185,20.628489935597344,0.7949453393624591,270.4513785461756,50.44355460312525,1769.5366561588344,1966.0307730917511,1161.8200013548646,58389.91334505493,313.9199195872577,0.712354697222376,0.0007036210713581227,7.535623190555411e-05,0.7275860833281977,297.44237026864727,6877.989397639607,0.23529175750900583,0.2532957080140912,0.031130723992053,0.07234799807901858,
384,0.390229881967174,0.004430116545434466,0.00017036503092553968,0.005600546823876616,0.06004056202495438,226.55912705777044,99.64932559566019,176.77174219082647,42.558574640742556,0.4897505560007521,71.00054459700283,40.549123825670534,1621.838062211701,98.94258050568993,1838.8596148450783,70220.88682502936,319.0158145329714,0.6283929628402775,0.0015472961967370011,6.0373178051620986e-05,0.5798964893547547,139.27108250048462,6035.8404981552185,0.11652907930177574,0.2868516820857948,0.05146559883215123,0.1549237578131042,
385,0.6473698358134105,0.008191139753345872,0.00048286975788143597,0.0009542790955728586,0.020234381707332445,222.27894175430535,98.47702768741429,97.75444105772233,73.16078093147891,0.5315934942954195,191.81944452742007,66.61754438142302,597.1829265188107,778.2278046621177,797.4858564974285,75786.91305860692,291.2461835700211,0.8110951818385824,0.0008165760073036597,8.211510569402472e-05,0.7176789834408748,166.02620779029817,7088.902348183465,0.0021444954892737298,0.20419254536562265,0.06910395599480981,0.07718916733688339,
386,0.525880108902405,0.0049005197466643,0.0008824484901138933,0.003921485023295864,0.04326021970241216,358.79282346086353,96.26383290284436,238.0621938558719,93.98321009658216,0.7116313931382545,26.416512668074184,57.4961538954968,1882.3059789450815,1015.6637191364124,604.1165690580881,70484.38583776366,346.6187438424262,0.7650395967337471,0.0011309765688201977,0.0001042376841227642,0.7269781674442987,151.0297278454311,5335.566390757571,0.16783268907026666,0.12476776796563631,0.01780771465497791,0.16371171940671414,
387,0.3227410232298486,0.0010893414303173718,7.678027628622057e-05,0.00010947226895065222,0.06581153784231883,172.46890213547286,57.566814791808994,326.985727676172,119.41730832998641,0.3514346440198681,59.785016505978945,27.583203525548527,1283.2689618609093,1382.6312600139145,919.3272694937355,94712.323430728,333.4492154954082,0.666188401752636,0.0012432950255004678,5.937955333293618e-05,0.5743583474505289,154.20915711618738,6443.8152199625665,0.1801327835823034,0.13455876734031985,0.2945173497963613,0.06805007605116684,
388,0.40296962021678967,0.001404742013954659,0.0009918655183346605,0.0033494876489223724,0.035875477962132585,322.03563489582655,87.41369221240359,11.197161951028377,104.36405117002343,0.6637314513623354,277.9170949254455,57.58627228248223,895.9520488843342,1458.6785881937735,1811.3034727500544,37935.08036309337,323.97073652127045,0.8623105902590427,0.00123404177478998,4.527551647109211e-05,0.7188124767438611,80.20220033000254,13690.392941234,0.02365901336328194,0.044866374168812,0.42143620460055337,0.10706878765056298,
389,0.39037166043274085,0.0018730579608585167,0.0005673532872484739,0.008782660824624549,0.057645678101432285,51.083432836775046,68.88533743980541,347.121734371555,129.9764492061854,0.6801659891602386,367.25711014258536,40.75880496240937,1714.3066923506897,1502.2104369629476,637.4771326381514,52202.42094253255,325.37262920354146,0.7335849593673043,0.0023356043116115506,5.477838142500338e-05,0.6044048271337354,68.94255836868494,8094.110833875858,0.22110071614830587,0.10112946970081624,0.24760258723110462,0.03979556648703249,
390,0.41345881568415055,0.0036443502324249866,0.0004988475187476735,0.0030827576830558283,0.058436012807596416,229.74762103670466,64.01847126895203,189.13852031668884,142.13556747045072,0.322716444141642,246.27470343466547,11.075090332114087,642.673481234583,1796.7287155220556,1398.3127884522796,9321.626096004831,356.8683276629489,0.6672380204463974,0.0012910741527896031,8.184342032270926e-05,0.658217463624245,169.64923796135272,5366.1945666514075,0.00877724238824405,0.4296447082414576,0.09586916734741793,0.05225006633872985,
391,0.3566476207035183,0.00960192305213642,0.0007725139455327253,0.006347670260393273,0.035306542629917156,38.805112268382004,51.656987514574375,347.6742097104231,138.52529956722907,0.5247765185806904,56.14777997458637,29.84297658401387,225.95510904306252,808.9866804251697,1865.3420851385542,78958.79818381676,365.5441681752589,0.7377407554265182,0.0007871576421453638,5.8919871444318646e-05,0.814434685161744,271.34720397660374,10197.606429684763,0.14252749987396587,0.1097466084253165,0.019236064372763678,0.37184220662443557,
392,0.6924259322050763,0.008238143039717366,0.0003496191076229872,0.007152471798634216,0.07583977279939358,336.9848513461934,96.58506844490104,171.9946927464203,116.4309150341112,0.7887791878591406,283.77517662005715,57.88677299603876,1880.7291667432073,395.19174562398746,781.8155204827159,21912.67639784272,310.43020877154066,0.6852200043061909,0.0009738099234041364,6.434964569815508e-05,0.4843505426689818,156.56429254968975,5157.552575971074,0.09272550827072654,0.06577067698803363,0.06047936837693031,0.08859851415923321,
393,0.5292036023180103,0.0022919270480520767,0.0009599674333742909,0.009159326194636296,0.0351546458215848,131.76382942302533,25.527192991234863,117.02824725923526,46.90327773850481,0.7084785758206892,302.58464380347135,38.24233662131512,1746.9317093605976,1431.0419404148995,1743.3773868830963,41652.01952487484,348.87614110960016,0.5607713841489503,0.0016278073072381997,8.925728367726807e-05,0.7781586157555916,209.96928210796065,4888.890475566066,0.24222435441063436,0.002009777582583355,0.031496591802043686,0.19506567388672819,
394,0.5222698839679174,0.007707101558826507,0.0008225968384033514,0.0023148433426144308,0.03780526307034433,257.2556291894803,53.72133876939563,115.49744494685639,145.08958522764655,0.14933292267427584,144.5073082970968,11.98433225665077,315.42805608404336,713.5473258857039,680.2017014803305,73757.55928695733,365.2988512810889,0.5921033209002937,0.0020500376576349285,5.285262459580855e-05,0.7990028788492568,158.97787031371453,8951.159220445948,0.034794035333620674,0.21795989372922367,0.12279394592354125,0.10218224104569702,
395,0.562282169572039,0.003453770102646249,0.0008079076372492996,0.003644374675411973,0.02948346749920802,77.38321721434714,46.39847872211645,334.8304410839777,140.03487728875433,0.4328717565409489,397.25881192673893,34.47179215330404,624.6575228461272,401.51920843700447,900.5430959239923,61186.51585041734,348.0237902836131,0.6660866235833678,0.001890814077999895,0.00011051850818221965,0.8079330069246939,142.67909330675178,4869.350641041369,0.18773823830456493,0.035145072207127405,0.07365259740788872,0.14118192250837988,
396,0.529779164005264,0.002217758266441988,0.0006773184784860199,0.009649387427739256,0.07119231936029144,296.35034758423853,86.94417787936112,334.56346714088085,36.39068133080771,0.5492182935187796,303.935839131856,24.865903055224003,1223.6981177979492,854.7134365302317,1269.6301693490486,68514.61624728107,353.2233112699698,0.5047499197995718,0.0010243714265376841,8.345029525607456e-05,0.5774471484229966,279.17680946509404,3492.694674843375,0.08573116478935941,0.24650183084163768,0.0699491154932824,0.06803872487045647,
397,0.5057190270389397,0.00901341219897207,5.7761585021184875e-05,0.00017433898092298155,0.023224590471675823,358.3663423741345,92.97941626188324,303.73291863346674,72.91162608266414,0.7779036039074377,106.17192431485232,28.158245158960643,307.66909113189513,592.1276971336359,1201.903623723506,69081.65634839713,365.97992212925226,0.517423801009215,0.0020174661695869997,5.161100080820076e-05,0.8852918871012879,211.76106956092158,8875.454574672456,0.15217650849919104,0.1065374384264103,0.03795918693674525,0.19760783909871374,
398,0.671064301115427,0.0029035940606063457,0.0006756017674744825,0.004299760713838111,0.022628295916726247,49.36685581453598,15.705803195571907,164.72774325309035,28.530945309855166,0.8429493255286709,125.26476994926149,49.751288384883416,1326.7847341369525,991.22832043168,1314.527269402279,77374.21608848282,307.4892435872686,0.7597203218992961,0.0009991418475629667,8.506484183805423e-05,0.7466005079645641,179.54700842639065,6667.943723693296,0.19561757544703104,0.031152517483702038,0.048727729293368584,0.05343787666047126,
399,0.5891037414327722,0.006176011951110415,0.0008431380502579092,0.004990259105654463,0.029648373986922723,240.6214137915292,53.40811581304494,57.996988211473614,117.29579694054524,0.324735406900536,200.83770293539445,24.505257396403124,525.937971130477,1760.6961112282315,1885.90286941998,76363.44633228722,363.3744127082325,0.8694618324534822,0.0012708667327982156,5.4457730822481576e-05,0.8426193864182971,86.55037369656306,13453.101785754807,0.13738890145916013,0.027154126322130812,0.0971377270867403,0.1492155036991965,
400,0.48728212262977677,0.008640382807349077,0.0005556534618991432,0.0033402751746460344,0.034662868119223755,334.019832729875,77.13767297509351,100.4991749454145,34.000678470516625,0.3292274052535618,334.7570038641124,12.566089860990813,1021.4052227107245,1117.6250422381079,1462.785284755787,48992.40592405903,349.51298664752966,0.8497508723654228,0.0005686210577903774,8.45978674037222e-05,0.7823665741834115,206.72800215718564,7858.551277057962,0.0009778505585855337,0.12456448744017831,0.3637612316253024,0.02341430774615695,
401,0.4458060022776409,0.009174495419259913,0.00032019408527765835,0.009969486408653371,0.036593324608094696,196.23390090638628,36.61417117739313,203.38021892961416,71.15737341955605,0.5834136979640856,265.1007866018445,81.22108256089034,1811.564571186256,576.0078882083956,244.64164491546043,23907.660445954254,367.69409217979995,0.7041493821190258,0.0017648613388972399,7.643376175984194e-05,0.8115238959945592,136.03892881759432,7476.199480209583,0.17563531704576366,0.28524520840698897,0.022321307912402447,0.07099216435720403,
402,0.404739650080205,0.0030711342252290014,0.0006308582977958095,0.0014804341728877173,0.03916776100878709,333.5398255093721,13.163825688699582,138.33898059353876,83.8594258296032,0.2533600049065001,48.73206884481598,19.58075653058465,1224.4857311319486,1602.075587795252,1695.0734685269458,9992.736220272121,363.1291524645373,0.8826798626704828,0.001440691161051771,6.378132717958787e-05,0.7861418991359551,64.0180755324308,10879.541932625572,0.13186906889404468,0.17201399579330545,0.019070466478662614,0.27230681875378226,
403,0.6244216237972994,0.0012101203001038635,0.000821999447222699,0.007456089437732925,0.05466093546119223,172.05482212686553,89.22034823108102,222.16106576985683,146.11816784167968,0.8746072296987641,254.0703549711416,94.91025435406364,838.1126646461222,1847.53986200739,823.6783670998462,53343.26711763242,313.7637003937094,0.7125346932264425,0.00271991326955401,9.072925583509839e-05,0.5984501849906992,63.24968812158203,4699.878942561518,0.07301140561697782,0.014786729567287313,0.0954389870387886,0.1923412539796469,
404,0.358795855170257,0.00107263999732274,8.89676275996793e-05,0.005766945204427318,0.04418475283856616,54.23070816888473,23.45045766863904,208.31737331398983,115.92374217603441,0.5107937620574072,284.3120087943601,70.52320929390041,370.1735466659999,1778.29925251802,1946.0654749964185,71395.32205085765,314.4267999329335,0.7332979696506563,0.0021580874006356084,0.00010135808468637399,0.654637776250273,80.9018318803517,4736.124934348531,0.11511084918039967,0.07751448170220819,0.2893204685283237,0.15925834541881143,
405,0.4124263085205991,0.004300624429580284,0.0009720116208280258,0.008612935484360379,0.051551731070668544,257.40501153070755,20.235752711886384,27.90621469511598,57.076662051306045,0.5377016484181085,228.4012784021991,25.29470338343755,1122.0375677348222,1795.8399386512917,1666.2932409102575,82130.6855567071,303.9346468115156,0.8437877144769745,0.001961696185514989,5.985188792121399e-05,0.5954787153270037,47.41870417468655,8395.017127728155,0.030295624243927052,0.2954035468362164,0.07372425535733175,0.1881502650419258,
406,0.3715289920008247,0.003383205870914344,0.00016111606748828554,0.006864768445994398,0.07174617149633107,51.062907078805644,95.61565051654713,250.43501013705216,28.144626691141358,0.7120306755451008,52.99462165280602,39.732411798659214,546.0305509540631,138.36025492478464,669.6382740437164,86785.3427101471,339.17019285063793,0.6712140553661012,0.0016912692215343473,6.534412289847551e-05,0.5514389828504457,107.20078422520861,5664.374691218648,0.02780242293278068,0.0935959572487537,0.004729010876494383,0.5023436169411466,
407,0.4417218207542006,0.008476438368737762,0.0005608274663380526,0.0044526087761065205,0.06787613439131072,20.483880862165837,67.05277418569912,197.92158332428062,120.56132036440668,0.9152870857410476,120.02220655290505,39.12773679060508,999.647780627096,1669.9159691810075,427.13284771297157,59493.67527055677,302.07931265814983,0.667965093094496,0.0024761870044395316,6.621337183581813e-05,0.5101145434397578,68.4018753989466,5146.070937793135,0.15529568491784781,0.14171433386157212,0.2183926951050183,0.04287546536136107,
408,0.6783219454110991,0.009657740408410399,0.0009238136377886099,0.003950186424671068,0.05841371746118171,19.099311198920404,39.40040149487729,204.93353020238203,131.2753507204666,0.9049060167853312,395.05648294966824,73.46866685526324,942.182981990116,1854.3741151452177,1012.9057641136604,91667.43955819964,298.0982790517879,0.6612076593471776,0.002535739145106542,9.207634119468027e-05,0.5499309586531755,73.4745910434457,3949.0987288993606,0.028912190244893648,0.1550966057122602,0.07801980808672011,0.05964945054502688,
409,0.6296839130687539,0.008462021554781794,0.0002025406361734864,0.006661248728652619,0.0604319015524266,336.45896829617544,85.6994224885413,50.48071596745457,126.81123205545569,0.5025653659520417,112.8846822946524,96.24092454494898,266.9657731302041,866.9374300205261,1441.4303655672313,79553.67048357592,304.65220369105805,0.7322341393689935,0.0007497879107922404,8.376869969461745e-05,0.5518086562301304,197.06308625725742,4823.438085633706,0.24091230746692696,0.014417567623480855,0.08518119989141744,0.029805011949420812,
410,0.5747414870542709,0.005611923574594099,0.0009611772615484506,0.00916190763389622,0.05526394607923758,59.7392174283242,19.272979468030755,149.4392774425616,137.7965873543917,0.16064613250265267,194.01041526760673,59.984993467586584,626.9738699999874,242.05228867482077,336.91520200019727,69802.80753445631,349.1584979879102,0.7366226451776312,0.001412303123799254,5.631747477246065e-05,0.662447177847037,123.538341359426,8664.692342966362,0.2861230002186419,0.002024173435621865,0.12022312128977534,0.016888218001690034,
411,0.666862393329042,0.0086924884563024,0.0007092626730539103,0.0062603825182365545,0.06368624324017995,94.94964017491564,88.31403037209185,16.266111395080213,127.20584289699536,0.4279068217061326,41.53326856163158,60.20440233564352,1015.9814053923333,1895.6639147003743,1436.5116254210513,5218.568380319402,353.25264137390144,0.6351988151960848,0.0016155276814933384,5.7378955467869136e-05,0.6208214636725301,140.18726394715364,6872.64267809675,0.11636651223668475,0.11428293640785839,0.04098446601288996,0.0615036920135249,
412,0.6843493374294739,0.0089459004613973,0.00030849935660002284,0.005116056825734544,0.06399167135306162,58.016876500453705,65.89968826525245,312.45528140064823,39.81567394815623,0.2336503597633009,175.0222235535015,62.371044748020886,1876.1286340070262,20.960504763837722,1707.4612682422273,69972.60784254222,351.5618654276022,0.8362193002105567,0.0020979821513210616,0.00010879399282476854,0.6160798579372346,48.09478011793615,4735.352148605081,0.14258098182900514,0.013293350985902399,0.05467078461834134,0.10510554513727724,
413,0.6042013792353471,0.009788581408933359,0.0009320874833871588,0.0023945992291929128,0.025369566157194857,177.49641074152623,90.08026843177123,9.310599982881964,122.25097563815893,0.2282177946854427,326.2453808471373,76.46121185792367,342.2935652014704,207.47088173686902,929.9094194027791,35828.154664528694,316.9258251192332,0.8560388898541815,0.002600868963864241,6.812198815678053e-05,0.756173564659014,41.85508279874829,9502.276670757312,0.02150859830825141,0.013156785961082447,0.34817918210715015,0.012954054388168905,
414,0.32925222105814334,0.009156551137910588,0.00034725676331611805,0.0005899410230637318,0.060535133364918295,186.20688788232928,66.70785172253264,87.68162855006558,99.82417181747006,0.9846621207620146,173.28951526794359,63.905672084463774,262.9815689594101,1939.1996940968077,1330.0311259220152,12099.219572353957,369.8682968169345,0.8184986603108361,0.0011132574505967928,5.941646742220546e-05,0.669299597979497,109.12010840042026,9220.01674047799,0.10511424681831842,0.2883169889123175,0.041762260623701156,0.23555428258751956,
415,0.4457042868312481,0.0005913109551793595,0.00035176469025454137,0.004014749105876657,0.053021366308315124,350.7687982909645,30.566292077727564,183.84346058853544,143.25290690231913,0.2862132541362147,124.162317517138,52.22672851580105,569.7877199800542,804.088279518312,1198.548583335735,9705.73622255328,349.2585627100162,0.8751291049988633,0.0012749791650454746,8.710762654197832e-05,0.675708468221459,66.178588246696,6788.523238545909,0.19593174603278316,0.19422696945119916,0.07508841858005451,0.0890485791047151,
416,0.3840901122530777,0.002419553591084389,0.0003324955646036608,0.00045661449999857357,0.04444160798829132,284.3047283017385,40.00067648271122,47.644203428820965,64.11391739186114,0.32097543649852767,115.53811972757516,51.340469065402885,108.69859889052772,667.5629017550826,311.6067399680989,6960.319763546997,332.34158951342823,0.686710649362622,0.0023819424511021033,8.206945194972037e-05,0.6905188909048977,90.82176390716025,5777.8706291467515,0.055655604697007005,0.09154189992154152,0.022348519415327246,0.4463638637130465,
417,0.31582393034294604,0.008494289759445408,0.0006400226110327061,0.007058456352639294,0.06571302766093343,88.43321673537427,31.57827978676709,88.09767211164996,52.58653081844485,0.2315759563653308,22.123631721366717,67.04417472893935,229.57902386653024,183.49190043934635,502.58995279479717,37024.598717637455,308.0062072378934,0.5975230153093736,0.0025135657619955744,8.273690344845415e-05,0.5310314257265549,85.02977333392103,3835.0903345307056,0.030595736362508487,0.2568118082348535,0.3439127031087778,0.052855821950914095,
418,0.49555000553332806,0.00475998097468533,0.0005105139048990396,4.3314176872467084e-05,0.06116406393389694,105.20100402665072,55.21180611695058,353.61081052512304,137.89981971241747,0.4177451115728066,346.2108473404849,86.74528458689288,1190.6897958968457,1434.4925782869295,1077.1338684769307,30509.56216254069,326.83972201556327,0.6406001966931536,0.0018560464728924213,4.757841430070238e-05,0.5880293190170559,113.86440193172798,7917.2814596745875,0.08129116204348925,0.10032164498668873,0.20766786096750237,0.11516932646899157,
419,0.4538259355874336,0.004649267831348243,0.00019514971680624038,0.009236900490378843,0.07412545754213025,67.28274961651742,75.44838516056176,310.1065046973363,114.53013851588827,0.6460643898075875,163.8638726651009,33.536220656706135,410.10457651274623,1644.8528179463683,1439.2781269607653,3619.791400400717,349.58740260718906,0.6881711010547609,0.002165182138341099,0.00010122861087296,0.5550072146052486,79.9319768865348,3773.0432401918197,0.12932976539234803,0.035336422505605765,0.18853137202957312,0.1929765044850394,
420,0.5042111869602106,0.0047247604772115105,0.0008278030013088135,0.001921452935116294,0.03474083946765329,273.3770104504487,61.20492619263642,267.59369879563616,50.08690917334026,0.9190039487692416,79.81780510584753,25.55172723485967,622.4470504645169,732.9137692763683,1800.4071896717019,44706.04671207752,336.3030246732427,0.8689328653569988,0.0011147725258309987,8.428101503712705e-05,0.7523718287303345,88.45860253354452,7756.914278554231,0.1258809205467086,0.12414420320998037,0.035896732837100216,0.20986695644600015,
421,0.4719791968198581,0.0018700057309792464,4.1778347802767197e-05,0.003782849567829884,0.05047237156603626,132.01411283523103,80.98872194069614,271.033543129926,25.895006669747495,0.8073638085919237,202.14888889847884,35.59418863989843,342.00187713025736,375.40278703352743,1244.6942281173983,87264.79094003187,323.87896376261324,0.8743999235743811,0.0007026240562518673,9.570969945271263e-05,0.6403910517159679,114.47539309552961,5850.586616404732,0.13205865568913008,0.1206680095777839,0.03276685672948412,0.2425272811837439,
422,0.4867012924452576,0.00832231566424803,0.000186798480193578,0.0002552675222964086,0.06081054228199961,233.98257870988496,65.4099365160915,227.0899552964812,40.97711436548966,0.2870945501318956,203.9498409794395,26.06008442213518,368.8017958370906,1854.235638532873,1108.304539973157,55466.05634200735,349.6227282019743,0.8037163790394328,0.0016987137927095557,0.00010209452067598388,0.6310674242443683,72.9188163612691,4967.937767719359,0.08543166599776231,0.31217670639733114,0.004084452972958385,0.1116058821866906,
423,0.39889971405930885,0.0013235430300698049,0.0007605215598898488,0.006236477376073642,0.018743481024570154,265.44391448495725,80.90055414757829,106.06624388701877,23.272609822358696,0.4376799948196009,314.76498852489453,96.94499192957981,1723.9445594679878,262.3784672927455,283.27652411004124,49336.29406610018,365.05465591688744,0.5516745250240507,0.0020701034143285934,0.0001001816177800727,0.9076454452818219,196.57016772647967,4998.1711317072795,0.2287425489310068,0.025807567356247417,0.21133140957924346,0.13521876007419342,
424,0.4791632294521605,0.002785021111514866,0.0006327031245464663,0.008150624308217322,0.062455345301641804,91.71877403718625,70.34477985617437,143.53501369464905,116.28393138678622,0.2657764155168327,17.326284012475266,21.3247699189887,749.2812973194497,743.526008141958,1596.891556221695,29063.81276319139,324.4593403084317,0.8138030281141786,0.0008799384061466146,9.070867349116518e-05,0.5768129494116885,122.05493449855267,5174.942007419194,0.01997526926604784,0.23173264727046838,0.16564039478352516,0.10348845922779806,
425,0.5644387418111756,0.004235213702261576,0.0009428334830782672,0.006310449991611135,0.04784483635338509,232.55809978110116,52.496060459905195,332.6406150838101,133.07406700102842,0.5754791629677155,261.9377581055937,29.11309546615009,280.71386189351324,1609.8818081174616,1536.1043272620652,87924.07951028875,336.91341991145646,0.6430467277031102,0.0021853823245432716,9.999403157397765e-05,0.6809341935893137,111.2215862143698,4378.986406251829,0.23421732654208782,0.03801693422770914,0.16035998861547715,0.0029670088035503106,
426,0.41476088088202084,0.002407490644400589,0.0007076697270586021,0.0004121928913352928,0.06407011237262482,330.24988435206757,89.2657278888304,191.9216412553648,121.49395792995594,0.4728977623534987,240.17774233109074,65.65288307653,1259.0444291972813,1197.7426056954441,1266.6667982476993,42605.64126064615,312.0621472738063,0.7550094182545921,0.0021647046401112677,0.00010511986365796095,0.5464568540520737,61.845288309679795,3924.853563561915,0.08297400617866406,0.027396264460445817,0.21559591438576384,0.2592729340931055,
427,0.5914755173629351,0.002168544131474035,8.122252165455547e-05,0.00366428747051395,0.07119217476070035,39.30438707306401,14.272094177092074,77.49992218839718,97.56731995294338,0.724587944941461,346.2004164743038,42.963833246825395,888.7147586852033,927.1994225875494,261.47555611059045,20306.61270251253,337.65851608888045,0.6723250384012626,0.0022005020293840508,8.218255361278098e-05,0.552002712879589,82.19827354390043,4515.864119810626,0.055123872920817524,0.10867194477959652,0.014266145726773198,0.2304625192098776,
428,0.5554495495870586,0.009485039773082522,0.00011430697592218233,0.007452837456506282,0.03678983252712474,213.0194641119854,98.82139351949847,324.2102229803455,143.6201491539764,0.28725642904723137,358.5051472826683,65.56486959853152,1163.5667556347687,1239.413150634567,448.5812691112809,12215.931205878056,309.46014015082443,0.7198900174255404,0.0011252787278781353,7.754798513035031e-05,0.6820057418680757,169.76826428646115,6331.165465775265,0.03899750072089564,0.23093571129943025,0.10293597959758125,0.07168125879503424,
429,0.3831827993590369,0.0020530707575034707,0.000531500485280573,0.0016053215908552287,0.07062397515776248,46.819933322929046,25.78265326321078,361.54742586459605,85.64125250539112,0.9784158238236089,311.2206092134043,61.203593156806434,89.98924314584613,1524.4048379906133,889.7912403895989,63451.66691216813,362.03059676877683,0.6389005096158802,0.0011841809400431119,8.719539024647935e-05,0.595174709544203,181.4902410928045,4360.980828956474,0.34842008139708514,0.023351270513439933,0.01201490861044781,0.2330309401199903,
430,0.6323957529638156,0.0004190572430748224,0.00019519779096211095,0.0029033791084796183,0.05758866425727453,215.31084441125424,21.458077155326073,218.6048749721461,28.38968383263379,0.9156954338212012,377.24236645396786,83.08274957590771,1439.0635738344838,281.40559964079483,1263.9965051719564,59305.73262156709,308.7660752721661,0.5089482115033823,0.001551385669377067,0.00010031561823572294,0.5738499222467492,181.6376393118671,2911.409975190024,0.03647851146519831,0.21233850345745833,0.06680148144326749,0.05198575067026037,
431,0.46231337456130994,0.009598062957521272,5.005586521263723e-05,0.00493701561689379,0.05594304187672576,106.71837727348937,98.11426412057823,293.8995238203704,70.07947619917087,0.3920090551000473,260.642748378795,25.72316074419802,431.9970880096422,338.877742830068,1567.4074550096343,56232.82827572423,325.1497674260235,0.6263350788757502,0.0011095478056238858,8.57649000384517e-05,0.6132139991679382,206.51346383631716,4478.259035623759,0.05625276741334453,0.2567791276815542,0.09169457576416791,0.13296015457962337,
432,0.3218144027297556,0.00919628152738257,0.0007313231581804304,0.004555110293588793,0.04799827179039491,170.04545348350814,98.0553338017132,28.833188998104784,93.10382407675417,0.9110857068409378,132.04934255506356,73.17246860129765,655.1375054302237,712.1109287201106,1490.1718405672643,25832.27818150741,304.4889272520068,0.5102637573428934,0.0008402049499287953,6.539551923379425e-05,0.6146222380429321,358.24924090027844,4795.73304417188,0.21584949754182461,0.27085668894084997,0.07623224145820816,0.11524716932936169,
433,0.41755404264110896,0.006299289905655764,0.0009873440500755117,0.001360829880645206,0.07929059600231994,258.4774923792751,74.79151357889899,285.13044971309046,144.36994169619484,0.3769683672995767,78.91033448956716,48.1785156545598,601.1625566627761,580.3866842990872,1218.5207252670914,40866.28196196629,306.49649483138745,0.89430424784531,0.0018734679418278628,8.710701965905791e-05,0.4615102721094224,26.037101702486982,4738.201334257028,0.20084664827004767,0.28075768950473473,0.04271661557313729,0.05812500401097142,
434,0.6884463672509883,0.006848200955681781,0.0009589102689224425,0.004720192578032698,0.07134783094216052,40.48592832521721,71.74284561512269,25.63461560911048,134.38561893300172,0.8988117164525818,69.14722589504282,50.260923510584675,1448.046480789947,1458.952273603078,1963.977611068285,13432.274380088853,349.5328038627697,0.8471084148604981,0.0008855697096042535,8.76209429348368e-05,0.5705353799796969,98.50162858691897,5515.86533045946,0.14988252147928038,0.13950772225034003,0.00488278898415177,0.01728060003523954,
435,0.49889700540319304,0.009457500080984069,0.0005595230932537868,0.0032237740324208746,0.03795240862997831,131.79697829042323,43.54578432429281,195.59457527871984,105.4447624182753,0.43139643978568765,37.658962055769145,56.00499142973419,72.63675658914198,125.02107998019436,370.56725876324253,82525.17156495347,293.4916085788294,0.6322395900937908,0.0009781283180353886,0.00011295255927875253,0.6412347552578235,241.0938852208887,3589.2413718363696,0.291139346108767,0.0964154913162253,0.0698913131744833,0.04365684399733125,
436,0.5902265769019543,0.0039883403868497605,0.00048725722001562394,0.005818020446971239,0.06895651913386511,9.182709175464582,67.18729156798258,345.87846582020273,124.18956894560223,0.8734654184619738,90.91704001769608,37.81723098614225,1415.8729571206961,529.31180920639,178.14211934173252,79822.19653048695,357.5356049535759,0.7991535741311211,0.0016632804777804435,0.00010693956271296985,0.5974651947434432,72.14582900979275,4464.825118835658,0.014090211678350924,0.18120982405374664,0.05059144828683504,0.16388193907911303,
437,0.5247227818160889,0.005565901696336291,0.00045951709306145047,0.008876527286564363,0.07305068179397643,360.29544372669716,73.03983625197418,137.72122974106765,100.6378050305991,0.7501260464591661,241.56993551412842,96.36304629951329,1763.132333274563,250.11357661640588,1729.1915178258985,6713.190658161154,351.99406053708435,0.8196579789292373,0.0014274128864012877,0.00010303398484499603,0.5648947162897343,71.36985787253565,4493.861536641672,0.10291296125947867,0.017405521843973974,0.18560485613496236,0.16935387894549606,
438,0.3095997517243862,0.006812939629971981,8.964621988503481e-05,0.0022590670640784353,0.026256729432438265,52.57867679878434,71.96237467129711,293.6745822604545,31.520452145363706,0.6443897230371056,228.03013233712753,66.47579831128854,1595.3534357202986,1987.5273632203669,246.02667208549303,33921.309422110164,327.19625028656657,0.6922824941744674,0.0011364852730824273,9.629408479548782e-05,0.7761703234380225,210.15775714924064,5580.084473050162,0.13939487712800233,0.4051350822797767,0.07318847836217159,0.07268181050566329,
439,0.42479462483610925,0.002726528783973439,0.0006815977969863642,0.0008502326189807385,0.05610817456455326,215.15705742286653,43.64334178201721,34.72187666538,24.455081533522463,0.41127243539161457,134.45530841168016,38.605869301009285,1749.9656519669622,213.69746380310082,1499.236982126177,4966.486074256107,299.14974670691896,0.8158795607329011,0.0019493201556693386,0.00011016536638487897,0.5633559019306011,53.21103145909798,4172.187511251394,0.05116491586707055,0.16849777776607633,0.12083378624291415,0.23470889528782976,
440,0.3969673840316732,0.005871587860699778,0.0003160037983733683,0.0003870291575773311,0.0584959609210669,68.7092114765249,65.96968629736077,211.6184784128882,60.08552818456389,0.6112134528843778,39.74497098925077,40.0223774802435,421.8205606115095,432.8950190294269,514.8327085269451,71210.807369524,363.5247684226075,0.628435486206807,0.002032171383157379,9.132011311006457e-05,0.6701323406068589,122.52775498088916,4611.634052452382,0.04420388294727384,0.25618981559390686,0.05365721154212651,0.24898170588501964,
441,0.6823103222568074,0.0023373652132081526,0.0009126904246791801,0.00716715375106634,0.04124680567976263,16.967821918425265,97.95697353174288,110.38924850895187,56.79222085503367,0.911226890161929,169.0414809090152,38.073443107892636,1701.9423011008696,1098.8036753958236,196.50022309187983,47231.73168628952,294.65699969795014,0.5740685384979207,0.001932304854468362,8.187877624358635e-05,0.6278134635821523,138.3868106918358,4401.726235083476,0.06750634122146691,0.13612034336070036,0.10737800956781218,0.006684983593213168,
442,0.5720525852081786,0.009891786924800437,0.0004364779936445726,0.0017104382684493657,0.022906787136910606,138.18218342694118,48.73703054585696,189.07545931089973,71.4799866798725,0.2514819683056019,69.1314231248135,20.212015057867575,723.8795958972679,1868.3762015816753,941.5365051887757,25426.173011318577,290.13382798595245,0.5526021048277927,0.0016674964465444048,9.029033043387891e-05,0.7032300902529158,188.6802594709683,4303.965066741923,0.07322277660811494,0.2510765245939324,0.0506885746857357,0.052959538904038296,
443,0.6279018413390501,0.004944186720912047,0.00020299873569367923,0.009005678334161046,0.07429365262380047,68.17220528302349,46.365524523325476,360.6780445681627,92.11551318592977,0.8231218313638646,280.16326195195865,33.48025111701736,1963.5512327059919,523.1768260605144,1131.4098124941054,65452.90283775792,349.4434350482812,0.6197917457847578,0.0008712561131123406,8.597836545830581e-05,0.5538382407477465,241.68997779553035,3992.4505227058166,0.07408902322701398,0.08766296887959947,0.07398125779574188,0.1363649087585945,
444,0.3619256577854786,0.004777379280270413,0.00026103917246114933,0.0006715562147943707,0.0218371797680384,111.20995397788181,90.95525131070931,191.36676800990867,37.830769538000524,0.6237368751194402,63.911281703726765,83.6888355905775,920.5309706623427,1961.2248905881047,547.2222097324437,6205.719954811246,325.8519367260887,0.7686175387949743,0.0021834996398278337,7.191384288889152e-05,0.795097438743973,84.25538475879875,8498.02780549196,0.11019628895565979,0.16900394286607126,0.21976777843266543,0.1391063319601249,
445,0.3636295080212548,0.009500238989576217,0.00040742910399625015,0.0013793288505688235,0.05905246644346346,259.91623357629476,28.11252597717099,349.8834618174784,114.60432247674667,0.5716678705251599,350.2444943204436,29.806248920369423,1340.480726643393,1567.2535196806975,506.1162220252838,38445.368105004905,320.0551191737125,0.6341642263271521,0.0026914517443353777,8.092856748159258e-05,0.587037970561733,79.79317875112878,4600.087361123977,0.31401922967834733,0.035906638368241324,0.252889479779949,0.03355514415220752,
446,0.5256370582288308,0.0008810769101687472,0.0005323890663692847,0.0071194382949123875,0.0374780445647509,215.6826326870013,17.18301409226143,103.42212985407124,77.38873050210503,0.9057205060352739,123.94849904457416,79.8073266902847,1344.937281934715,801.8616838090716,165.06185792956353,60404.63110811179,335.9391508842708,0.6251755763350693,0.002167998808949737,9.804533814850677e-05,0.7365843611302442,127.3477676747404,4696.751127437593,0.09081438786790055,0.20687721581179466,0.05862527066550206,0.11804606742597196,
447,0.4963280324059627,0.0003394792083948848,0.0003559479135026038,0.004908874995136987,0.01979835393237989,130.16851836646367,39.06363915298601,133.75139273700503,102.14655210416626,0.89386310681051,23.123291667078135,28.77518223009911,881.0604216770377,653.5135114315585,958.3697037071967,85713.9905790749,363.7300232564891,0.8357181714668146,0.0020285940202633243,6.930275286828975e-05,0.8986584582457293,72.77614607592008,10836.874040568564,0.10379265701372402,0.028483280717834337,0.24207747853873374,0.12931855132374523,
448,0.554379434204531,0.007191161933818543,0.00013548324225819535,0.005278445392661908,0.07106744871370582,140.07465542640793,77.64865656396556,220.56656163706765,108.87558822456096,0.18021805052279372,245.42511230995683,52.863349276785684,1106.348102309554,1511.1695455270535,1688.0854203077913,81132.67227580349,323.3912035963102,0.7955314733389023,0.0025266246862458144,7.508657906695048e-05,0.5293307959526417,42.836392976749764,5608.183422664499,0.025990995804588142,0.12044505564970306,0.2356969715939586,0.06348754274721918,
449,0.650925683875929,0.006240375172071038,0.000609714990144775,0.005036999164036002,0.0565352290156555,5.17778558544909,74.14288627243562,15.516379461775019,145.3858050552887,0.9876867546499578,225.09783199113858,95.28912105721598,597.8547111072461,805.3253939687696,1720.2131400347016,71276.13599140444,357.3087317593199,0.8809571272012863,0.0022504955718814536,0.0001030373348155706,0.6703371110190335,35.45834812400133,5731.303673923228,0.09135618365886607,0.014977910155431219,0.20698275569597324,0.03575746661380048,
450,0.5407355367624254,0.004198216139844137,0.0008425216734530986,0.008668159053857746,0.06528361990108324,15.239580141569677,34.05743037844309,251.38267710888493,89.72657034701733,0.5815970338759685,133.49742233358558,29.610712038006707,174.25458182333554,1244.5593542590045,1022.3815530505317,42335.67434217398,339.45931726027277,0.8629079321004053,0.0007503785939488411,0.00010542139777727755,0.5876537469240412,107.36269401130392,4810.134282421526,0.00909015722572131,0.09442286775388846,0.048836264350726265,0.30691517390723866,
451,0.5980017023130064,0.0030227820797630424,0.0004519419402498002,0.0037883294955998715,0.032226586867659876,356.6001470177835,42.499430981238135,105.22572118028924,36.84122561568881,0.9805017461771469,290.56416548503086,29.84714072057469,1216.545737644256,217.79337109328537,1250.8347421112817,63051.99811270336,348.1119109677704,0.6689228821949804,0.0013291554503232403,5.224080997301238e-05,0.7929077110432325,197.50406139005594,10152.869215842282,0.034350238133096726,0.27633584760036295,0.03713094336383803,0.0541812685896959,
452,0.45884315520250896,0.00930982343959632,9.220586366371166e-05,0.0009427493014076672,0.05390257885855432,39.138093136468406,66.07793145978712,102.30261532037939,24.649712244967823,0.4229872867359351,236.2138849748863,30.208249312315125,387.37738771693387,402.2005104348979,381.44499387167497,81919.78418520158,367.1475732133015,0.6024767952788812,0.002713014656636338,4.499821774439335e-05,0.7049172757637705,103.28767441025163,9438.069384243374,0.19202738016274945,0.14456999634710177,0.139814678525656,0.06474478976198376,
453,0.5273236786976956,0.000996620936839138,0.0004380362246176051,0.003677171435121189,0.06214441598676698,122.43497841292543,27.234619380544597,355.69496222778344,83.29269042340592,0.5766594859947671,198.25622258935496,12.572614381034839,685.7054065117698,1905.9607701270318,202.34843359952026,72966.41400179754,303.48263920322205,0.7304680409701765,0.0022426625959683605,0.00010992071657721546,0.5410815624268447,65.02929766519487,3595.707899460201,0.247818440200132,0.009607861538130617,0.007156704947756736,0.20809331461628502,
454,0.5564387355115928,0.0014258523773093318,0.0003088492437677618,0.0017430158401820406,0.062431054956579204,204.1812235963539,47.21452355501506,78.39126845722022,149.1577307147011,0.8789661220129499,298.7410616477152,70.91563017826968,1865.7336679028886,1480.2562848383277,171.83044644877,41449.79723438266,340.01772597100916,0.5933403319039737,0.0011860248730738402,0.00011398064259649819,0.6046086571957566,207.30590179444155,3147.365141662814,0.11946734699899039,0.08035574837405551,0.07853872959744349,0.16519943951791774,
455,0.558662807318979,0.00590319867177019,9.972114554200572e-05,0.0046302691815957,0.07328654719254184,214.95088633288998,87.79891321338596,185.65928718474987,61.66579944181796,0.4112831462679616,274.90833975284306,14.137357662460403,1512.7240682765084,837.3258509080147,1127.6051787328395,84789.02088833528,302.870451723359,0.7713233656643089,0.000929898687760244,0.00010570809060804232,0.48491183738550797,119.24740660720686,3538.270612128512,0.23863643478404814,0.033999027776780766,0.032153270290722666,0.13654845982946937,
456,0.5864710030633782,0.0036628009498563254,8.851959537675819e-05,0.009256817706388965,0.020771017366691184,334.9335050898986,93.44460146127639,280.35853470678774,52.48074055016773,0.820158093461652,146.84505945141984,65.4700473672423,734.6548989774535,978.049180083395,1156.5499181570146,93882.0228918488,300.1885933635707,0.6095774938354641,0.0005907279484616307,7.167740317327317e-05,0.7373010908895655,487.2952777206336,6270.346459122302,0.024175397051477306,0.16931455262617665,0.2132886240405011,0.006750423218466726,
457,0.3372241841399087,0.00828296113195159,0.0003006373749816668,0.00225115737830928,0.023573418227957044,337.4675023983905,12.449159270036036,105.5124048346039,52.041510792947925,0.2561479768869956,336.9114096203543,62.58407860387804,1453.4460774701288,1564.2383636018674,635.4845081791931,88350.98352883548,346.7055406686069,0.7313438998175796,0.0016930199324217225,5.1391011612420847e-05,0.8368181132662258,132.79010280199972,11908.73273734495,0.10617341187235632,0.024422657139042677,0.23421492928706986,0.2979648175616224,
458,0.3633073165559144,0.00023044342637225065,0.0006836977174309027,0.0051500380466226675,0.03758405145293775,3.6763784698335003,14.487631432801624,301.0898654511,121.35988202882523,0.1537923437863053,71.9043955834126,97.09080301275281,53.93139294014843,1067.0797081952196,1145.9882403408612,21122.959924511662,349.12369328589153,0.651018388972455,0.000568331531943768,5.3528043112387514e-05,0.7648875593047063,469.67602129718546,9302.710087086774,0.12460846605163362,0.03707023731973614,0.015179606792625294,0.45983437328009047,
459,0.4296073673402827,0.005488179911978304,0.00048051671176858077,0.0012308434921768751,0.03237666866899066,321.7515516228936,66.70214483608521,75.24227900906024,94.23869307038463,0.7256484288461829,213.30561995921397,83.60254020180467,1586.801112779049,1831.7025027819907,1492.4591190186213,37133.57963455758,334.9193118540419,0.7300154285910314,0.001124620058479219,7.389496253592655e-05,0.7620515371491817,182.94370271768477,7528.380290198339,0.12273884896844428,0.2535597645662133,0.17922872535598117,0.01486529376907846,
460,0.6774262879726504,0.003790846092662356,0.0007360386689179674,0.0024044740336077904,0.06370061764577897,230.83474146477727,75.29939511590253,12.976679033862034,118.64115542024,0.8739056371710597,219.13543839986212,83.9844138283836,1719.9953747439863,1680.1957147545347,1676.994823806364,66767.8093658137,347.10458816072276,0.6082727406597064,0.0019083374940097075,5.5025463640115405e-05,0.6099343311624074,125.20212209517564,6742.449816781305,0.12210994319926294,0.029346337056343534,0.04739665559409809,0.12372077617764504,
461,0.683264804872841,0.005331411098367917,0.0005685617189963359,0.0035142793836460684,0.07768001288040068,193.12624630667335,86.06747264934387,41.99357566326646,27.512733802514816,0.8772416730352395,90.99875572738675,83.07052144522017,505.9840968259047,1405.535088127879,647.441280230658,87765.29830390967,330.6184657256886,0.7309561169562317,0.0011372114482253617,6.224841307145081e-05,0.5062093439869578,119.76007430440535,5944.19677852591,0.06733743080897425,0.012987084959038508,0.0024489678141741775,0.23396171154497203,
462,0.5756904949756303,0.002647717624326039,0.0003611245641545746,0.003034907259140014,0.03417257020882723,68.29261132762294,87.01676829041676,143.5065714873737,21.609494507671442,0.8349506573297973,276.59999468091695,81.83147334992755,1712.9447751816417,1633.6458785930192,1198.9626568522644,85422.60425659365,347.9905951576911,0.7614721566097813,0.0016498761361886862,5.119825861102881e-05,0.7817208143486623,113.01586579133806,11626.540638642022,0.02804222526884302,0.18968478995423294,0.1987259125176024,0.007856577283691251,
463,0.5023746362952675,0.00976853244558712,7.68877360702823e-05,0.004346616614753819,0.04194149881382713,136.34730517859887,29.800271949155523,262.8051854534583,81.67355790733475,0.8968800327963901,223.7622399972652,41.974449866281375,108.30043579599837,1562.147513047423,1738.8363309239007,25385.9582094079,313.0067834361854,0.8444005224788322,0.0007867255176618854,4.7939775963706026e-05,0.6633171364997887,131.191625990403,11683.520111850874,0.22519049393763102,0.16428945868585024,0.10531789081184041,0.002827520269410941,
464,0.4707968190813033,0.0036886490089417883,7.076254055418737e-05,0.0063950390233097655,0.07036725195913895,11.408009595752127,27.979713053903293,164.03561959786992,32.7111241781825,0.5706309080677773,315.3349064625703,53.88375668516494,559.5687391995156,1971.022143861037,1691.8168102367908,53237.95665219578,317.0342207084399,0.7750717252304806,0.0020775496501942298,6.230664291600107e-05,0.5225198340203682,56.57120386416239,6499.954583772077,0.24213504367256,0.11992933705120552,0.06622663533405553,0.10091216486087577,
465,0.6086187385794619,0.007282222633746818,0.0009215713697671859,0.009984187614717248,0.03350111086031328,163.83619938081208,42.630512005522206,34.380106350425024,59.33480064502334,0.8568207212375942,44.45711267246187,14.622912902348789,183.03234794625047,218.59854843673824,1836.358256272131,99042.14385776792,364.32783958004836,0.6541210317544375,0.00092377927695316,4.5374514227759146e-05,0.8223720078004219,307.91032952178267,11855.35174058758,0.0678981685229646,0.06945111139344325,0.07724980208752899,0.17678217941660124,
466,0.6841465482656757,0.005578089917377759,0.0005068880246794724,0.0011497303716168238,0.05649837735411391,353.5933224281443,84.60147391158726,150.74631659885483,34.21259306060395,0.3080416584078582,205.51505082929393,40.16585102780562,659.264325048639,285.97577732675836,1276.8674238354477,43381.19320823508,342.8048680792841,0.771461994210422,0.0006591056084252377,0.00010616603617355437,0.6433373298137709,223.07051939205044,4674.850049000596,0.004304838052393553,0.09503230148128937,0.2060660419761611,0.010450270224480255,
467,0.3010377547390429,0.006186512161848935,0.0006552039156365976,0.0028420894130026073,0.03309827892498983,305.7690621321179,94.08135624977292,226.16641702177654,129.66867873659277,0.15948210964063186,387.4901365871512,22.743402143494002,1641.628408568172,625.5615686694155,1196.2788594154867,4937.229150208248,296.9012722036859,0.6435420900148564,0.0010479049010840014,7.110030709292655e-05,0.6721025043924439,228.62404189891905,6083.324644654913,0.13312703281562327,0.28818204189875674,0.15877283931820205,0.11888033122837512,
468,0.4734267762040641,0.002643278795630805,6.555526333417385e-05,0.004279532215867178,0.06253653289229472,198.23662848997805,99.17158302740027,240.05678013432237,30.89298313221467,0.7034005853000376,180.82728116393278,57.30893693393039,1950.5236938189678,1873.894369037653,1093.6367073908698,20174.705849296708,302.95771000030385,0.647987910677218,0.000589380653249795,5.058866396033982e-05,0.5381815113172408,321.43301139778345,6893.542659220365,0.0003333139836821559,0.2341922391805881,0.010977382782194327,0.28107028784947136,
469,0.3569296505310513,0.0032712746542423623,0.00044624713167691854,0.006573884537114414,0.0400591690163248,82.82385342411598,97.0269437965376,183.02398216815251,38.222240395752976,0.9287630889125174,257.5313980106056,59.4477342790399,141.4471417707706,795.033597240976,292.4035576814934,74589.09321202937,297.4170116571298,0.8413177707932475,0.002720753720680835,8.873875741697955e-05,0.6395194819676303,37.29862657116091,6063.180515585055,0.3478955634874236,0.15922049979826144,0.04042036457866278,0.09553392160460092,
470,0.5579574817210446,0.008434968811736505,0.000962379510778204,0.008757669891668306,0.06234484661822659,49.79074999159593,33.79490685116891,270.6153878662201,106.92367366514836,0.7319645282010271,375.9242238390947,13.05833756450259,244.07215007080194,1595.5628230433024,1134.9615405962259,34203.92135193278,355.9933762351013,0.7163318480941372,0.0006302298970903886,6.808428845120837e-05,0.6335234252347003,285.15057767820423,6665.458600401168,0.03802671900487164,0.17155921608167946,0.20394389063558968,0.02851269255681454,
471,0.5778117173773656,0.0035296107389847626,0.0008721371555642443,0.0021741945460932843,0.044557300571494284,265.86545566343807,99.10012230053063,242.3374588761407,106.44712624271901,0.7775070157861514,92.05418864418888,93.40127244959206,616.8907159712406,305.13937869602273,320.6031979083304,73877.72101543701,369.19806194706666,0.5676850439815928,0.0018493636733100001,0.00010854402083516451,0.7663875075906466,179.15393625316946,4008.205358581971,0.000705326561458232,0.18968364743232205,0.043524132045223984,0.1882751765836302,
472,0.44086250964923546,0.002840754963590446,8.911960468834285e-05,0.00835952252077521,0.04713622682681507,144.23858725309705,22.557992904927556,134.13247457168066,27.868211374321916,0.6314025360121908,330.476465173155,80.4082184496441,279.87594896302716,1189.1617194544028,803.2344831686165,41416.167661813764,300.4565039491556,0.6445037338542252,0.002511765616215426,8.90343599862446e-05,0.610799869522701,86.44798367166736,4421.470504262326,0.02848915441194201,0.4614828804994217,0.025905206090330618,0.04326024934907025,
473,0.4876657434528595,0.0006307281191601383,4.8246494631476415e-05,0.00395685310869452,0.06140755092747875,221.22392390264554,44.5571029310066,225.90397353236006,77.76890742321778,0.2774828197267869,35.79369485031992,54.03513692904975,1739.8056252265678,634.2012537397395,1768.0267895236375,19546.09590469589,295.0716141186392,0.7654236146164157,0.0017147585310780006,5.017869784962938e-05,0.5296840548901062,72.4599812390665,8079.776902812943,0.2855239936045997,0.09284438401447707,0.039997823269729435,0.0939680556583343,
474,0.4957890874771598,0.00020971093622288123,0.00032960703202376574,0.005708377987688925,0.05030353424150795,66.56282315606678,90.12770265417917,344.31953464747795,98.90752345248481,0.893907727995278,309.4495114966334,73.27824301308264,376.26515400942884,500.52050912979433,1553.8343997887064,94911.35747520324,362.36742597868493,0.8742683797551528,0.0006956824818555197,0.00010960477920118658,0.7175139055682458,129.67724248954084,5723.2880194165,0.1257593070305004,0.04632667034164334,0.32281570456006226,0.00930923059063426,
475,0.30924692586962016,0.0008754802377742646,0.0008032223773901809,0.001667049319559592,0.07909366414941127,287.79111211144186,87.0520825909133,229.48530838232742,140.83430908756628,0.7192885400741866,281.9865933642677,53.50478716377713,630.4109613238238,1816.7108274622249,224.55304971831526,39860.42661984479,326.7466868456752,0.7020188550509198,0.001980512867738653,9.731840261430177e-05,0.4930114650179241,74.17680703423247,3556.4018202246652,0.2666944739754792,0.06592105255709546,0.2177836608101084,0.14035388678769686,
476,0.3980944721125268,0.006618445167718485,0.00012873447414460623,0.007474132245255001,0.07929167659250326,98.5737723723383,52.444960054737,159.1382799347903,25.142481755743695,0.3169411222914008,233.40763511703554,78.08410944505277,1779.2493011521674,1872.2456334222081,340.5343459681852,9269.441787946243,311.83257673793133,0.8194078629574877,0.002155999680878348,7.297452507975661e-05,0.4695398498454928,39.32987822877254,5272.314475699197,0.29685163549926347,0.04874293249701359,0.2503541741461571,0.005956785745038962,
477,0.5403218532549499,0.005083109555057749,0.0005414436431896226,0.0012589022218115645,0.06443724043425685,165.43217256842863,73.67047937219024,33.56445934201795,82.5606966417468,0.27686813097948393,351.32269514348314,29.71515161890668,624.2785024956215,361.1577895367505,327.9304012930969,88485.24135083205,334.7223501134471,0.7999351721529175,0.0022433117819544547,6.917625043359699e-05,0.5841134229988865,52.0928710647742,6754.527293033397,0.1659794018601776,0.03582592885080145,0.07704480948509755,0.18082800654897352,
478,0.6949783164700096,0.008109313225409637,0.000428054946708445,0.004281047540858668,0.07325548987917618,321.1427692793231,65.24764470434782,147.78073006838105,147.33911301161763,0.8895703967989613,168.34693365729498,81.96776443063145,1493.5794928061034,824.9088218615137,703.2772353203414,75201.5914029802,354.2054776124487,0.7422520277975553,0.0011978291788787797,0.00010119543393197509,0.5672785736542927,122.06657227214372,4160.895954100539,0.047947505626725145,0.07445090972832065,0.08836011404074558,0.09426315413419897,
479,0.593367817534395,0.000530285446842061,0.000218803957141795,0.005207996772799647,0.02895147443652557,355.4159612256486,32.793948421891315,38.1703811889123,99.51760775445128,0.9351314623784396,129.17350458477787,71.52555421374791,510.171399720744,1674.3096304960488,1960.9756192766279,61281.7672635678,305.33989709063565,0.8848360267134913,0.0007843720989973243,0.00011073227549219118,0.7114133795845111,104.45194512510957,5684.739931012858,0.09042531003961851,0.10964476991046594,0.17198857166462408,0.034573530850896414,
480,0.45427145172700273,0.004853841720051135,0.0008821274993936076,0.004210274046297084,0.04866882188944137,4.451118433358021,76.32944881031483,313.87783452107726,98.45453788303345,0.8290805078154887,226.79607813171035,36.99864006285722,904.993134357404,672.4180084129665,1688.8596170682872,41387.19001448133,364.78880955755983,0.7624751833788503,0.0016520163326567015,0.00011143514217524774,0.7322602011668261,105.28344457794182,5010.360468582301,0.20900005633990273,0.2666043254302015,0.027594313622536296,0.042529852880356704,
481,0.42770203941138313,0.0038303748546929025,6.339141442830639e-05,0.006861179255575388,0.0701010149248802,314.0330901215095,30.86113603846355,70.05262049371869,110.83658848493279,0.7458873940194742,343.12181837538657,57.699505797291344,229.91928599923662,1296.0875144983452,1752.5167103232586,11979.576846732369,359.63804068285896,0.599860238613432,0.001606729904420377,4.869174360499632e-05,0.5942899286618428,148.00186988178055,7321.3828879209095,0.2340685613242091,0.021245428150574047,0.2240503550766213,0.09293361603721248,
482,0.6026683052383055,0.0056155947295140505,0.0009912052331654524,0.0019076253954085334,0.05813675377123534,296.08390251559905,44.35962950318076,147.21978187228126,135.36982959820972,0.9653243012022644,99.57954358759041,82.2768489063006,1482.5300617762612,1382.8641355798914,323.5019837454717,64035.5522236953,298.0948513567908,0.5564847457020489,0.0016154508719618502,0.00011065569990688397,0.5512980464381237,151.3565639808218,2772.464079449287,0.15231133558561455,0.08043971367403227,0.06037180627371034,0.10420883922833726,
483,0.4178252512893674,0.0010235264442858207,0.0004522863818394388,0.000978930533283818,0.07358285838260495,161.4032051802336,70.23061355814436,184.07618648881308,56.44316103748624,0.22424160124892784,54.86854855330807,81.07119894063482,1592.659646474123,1395.3838839058494,338.6320305070518,23844.355262547415,321.50606737235125,0.5550437137667021,0.0019042412325131852,4.986889850760707e-05,0.5132199280333278,119.9220084617345,5712.167370034152,0.09032207277941412,0.27102318671900616,0.1416411450787313,0.07918834413348101,
484,0.5384329441273353,0.004468082121888372,0.00035674182734548335,0.003072898533648318,0.05672581044462016,347.67852631007855,49.36797032390816,43.803666462203395,58.367556023219805,0.3631304460274935,95.27497798764571,22.834167985662035,661.4259480677875,387.85706047650064,1351.7933646158833,85714.58373865807,360.43150090471966,0.5054787121061731,0.0010353107210252697,7.947529305673584e-05,0.6750510641262604,322.4414804622395,4293.459380600846,0.10210778928217269,0.16965205368178016,0.023679465364158783,0.16612774754455306,
485,0.601977914462799,0.0042257433290595866,0.0006348694524956268,0.0011650110081581656,0.06862507237333465,98.65880148600701,61.99673764617103,331.6069140078307,71.85537816212744,0.50941109061418,295.49103521973274,48.555775835338544,1551.2050869587615,1782.9718598874251,1865.8377368624806,78200.88343385741,297.1935747325006,0.6774187546990352,0.000850886574267063,9.79272840630363e-05,0.49823388707585503,188.88640696030657,3446.567343933756,0.09031386409411164,0.1130848610602844,0.06332496848466694,0.13129839189813802,
486,0.40066176794438185,0.006446847616985661,0.00016616225040242495,0.002280121085409164,0.07917072811027535,66.05393894947902,50.16182445326953,301.4233486195415,95.54379273451995,0.3348474704345838,89.7507077476499,68.66701160975263,1048.1857450101886,1660.2429213987843,674.9479804792292,48406.31774909294,324.69983346406514,0.7667105210882326,0.0019089202959731095,5.4484692558971226e-05,0.4895304987199567,59.825606757237324,6888.690495150098,0.24743491612777221,0.03526177341544066,0.006054446092814184,0.31058709641959104,
487,0.6517269490864659,0.0002689018085726033,0.00010166681603631797,0.007674838060085868,0.059705714353438535,64.9689696907906,19.68266910264554,317.74227793430794,97.41658720388853,0.29642374862337606,128.001469876948,85.96442868457557,1380.8290577652042,349.243724258258,1063.3898598827645,32079.63870866359,321.7079512327775,0.7826359185696494,0.0013602956667146775,8.871333776991865e-05,0.5865784504150277,93.73042139378094,5174.840400485899,0.06514902385112366,0.13449293706252657,0.011391094676879156,0.13723999532300465,
488,0.5310560988307113,0.005911299154320694,5.166911469543507e-05,0.005707697808558423,0.05172881346815006,81.45706129971117,66.48996749571222,57.3303884385164,26.815305534315605,0.6890971290984662,99.1000586360663,77.48216407396517,223.20628982273078,1405.6578692222192,1196.7606357540026,80386.72267858365,336.36730064130626,0.6956517190610112,0.0021307630067799108,9.751178372399885e-05,0.6580272428793524,93.98955188545727,4694.3842602003315,0.014114280790356858,0.09776473808689039,0.006869973756302526,0.3501949085357389,
489,0.33098738175385295,0.0045682634437934026,0.0008967565567521372,0.0022433722736846778,0.04995130373751641,313.19955870429135,84.15139710530944,165.05009054804688,92.4783324916747,0.1530739702316119,164.6466059885304,13.389288394869435,1734.1854203509201,739.5885549012206,1458.6941061103144,14355.332472502183,349.2837756025586,0.7486510416289018,0.0018510594456689778,9.360503531580236e-05,0.6936610400140573,94.18983289709264,5547.885948569709,0.3366095092266152,0.04867395529373893,0.23342202264841905,0.05030713107737386,
490,0.5329132271573721,0.0035479927615124337,2.521576875955337e-05,0.007122709722936043,0.031512053132157575,210.53322494162208,50.67571253376482,255.65997815506822,90.14166390164733,0.708152133844836,128.50186051013924,21.046157928244863,527.4181828728756,1196.6161053699657,1500.6511732503923,39448.10992118139,339.5271485001648,0.8572834827441325,0.002379606325805283,8.578144148883778e-05,0.7772410507492696,46.614910469986484,7767.599883533626,0.018344095798369504,0.12365450879738801,0.10362953664511793,0.22145863160175253,
491,0.6350786618369341,0.0067949601072620795,0.00038220711992104653,0.00649817371095592,0.03825044689040538,11.719397193444708,51.1854164337223,254.49365690856294,143.46082355799237,0.8488572973361213,373.82916995839884,37.51652381539799,86.59514531338631,1632.5232748380865,720.3872732285613,75274.24801450396,296.01879456428145,0.5880792626344591,0.0023674511618165892,7.069404221599148e-05,0.6453107123820365,112.27976684863259,5368.1164071546245,0.02137149113105476,0.02808986465202445,0.13186060998565105,0.1835993723943357,
492,0.42008476473113565,0.0003702908033557344,0.00034210265157976334,0.004674380584484905,0.039130088337288996,150.86871175564846,28.918912200957724,20.447063530552377,134.49335312580945,0.8910978317093823,247.38002914490602,59.58928614086513,1524.8777381797631,1023.9999736710121,1523.6645740022377,89326.70283150158,291.5412948277274,0.6171258136089437,0.001280405218556518,6.166846481980849e-05,0.631341110243388,188.78727641564473,6317.927606308371,0.3264529299317561,0.1597194919351989,0.0926358110291438,0.001107002372765497,
493,0.4539239185061611,0.007968163045445025,0.0007334736469207789,0.0070590396117235325,0.05567975073541925,103.76569535992272,36.83135824899008,248.55640656124018,51.88849854625313,0.7202105742886243,380.9062703841224,47.33097868840186,911.2139933705888,145.93364239427495,1528.045029061279,25595.38149889976,356.36612764396114,0.5348716783706101,0.002649207944863984,6.193419466487892e-05,0.6736507319646591,118.27460918294169,5817.734445263601,0.09638798345416337,0.05868491280964242,0.011336170389455995,0.3796670148405771,
494,0.572693603339623,0.006174613108506943,0.0001813177709276107,0.008051188170404136,0.07265198996014662,127.43247923688433,57.33713217804188,27.995780959858795,105.44180302878766,0.7006578985981557,118.57192941009477,58.81618252199657,1696.3874801463112,1584.4981128544398,256.7338731582623,29533.897223116903,362.56154323952353,0.5637162028900915,0.000941802416222769,7.877121410353537e-05,0.584177881145255,270.61657496681096,4180.594912993761,0.04352859259447056,0.06528912890621416,0.2058601640291027,0.11262851113058953,
495,0.5994456195229916,0.005225371881524219,0.0001843132444485707,0.0065171167255397774,0.06874829157080886,291.64739073570604,34.74343850560607,257.3667750810729,50.77808671565269,0.37482294937389654,95.29667177764202,77.99560036417049,414.16357094691483,1969.1993966871344,1869.5733150877995,81654.75978299206,338.5771003906095,0.6417397649376841,0.002312147361392517,6.647642534236494e-05,0.5669322155250194,87.84443076157052,5472.961953848693,0.05345066493444764,0.23387592354861583,0.02904776392570885,0.08418002806823605,
496,0.42579175155914306,0.006134987105217011,0.0007122909165147628,0.006533172102897489,0.029137358880119757,118.71654451147113,38.752063430523506,84.95617295710244,68.76460844698065,0.9538754302951848,84.01677046103086,97.35678580864737,518.3366956443715,1628.716232386132,757.224461264512,32973.0099485326,335.9864004964763,0.6746219989963256,0.0027250359024065304,7.436844090748235e-05,0.7818294136896383,93.35293216781206,7092.246596827101,0.11066963212279605,0.23177289594611156,0.09632871105966097,0.13543700931228836,
497,0.3698117207874605,0.0006199107694855649,0.0003771699953809076,0.009153752890430073,0.053479799986441784,158.36462968452787,53.936476583767444,345.8936585710607,116.23577366141572,0.9618259461492121,395.09672441162206,86.68537260598663,1027.4379757765746,1371.160437508792,982.568601701425,26391.080762801972,357.5376648488699,0.8422554192583933,0.0008964062673279475,9.364504742538281e-05,0.6889896264113594,121.24455586142646,6196.859979383059,0.06646817628179848,0.3522960749078353,0.21103374626084576,0.00039028176205994805,
498,0.5456529910319203,0.0005176644215380723,0.0009703674778023175,0.003457649984945669,0.06651132304525753,81.69046066561512,42.385300743549124,303.4757722107267,134.19981584479163,0.2145343321052121,79.83670847623742,71.60692680187974,1355.695677998064,928.3764099341834,169.27576171691817,47104.61433506004,293.4686636227233,0.5451021518139092,0.0020607924324796013,8.969957751438708e-05,0.502125022422705,110.83871845630046,3051.401553795759,0.24081781588710077,0.12675501712884338,0.07643549884192813,0.01033867711020738,
499,0.6059052440104739,0.007695036979827609,0.00022201446063590817,0.006775302876411517,0.04971563754011003,43.07912341410529,29.775354755656743,142.05710068179351,23.3341216860237,0.7277999484301517,269.84187399682935,18.466075337385256,1906.3883830888117,1198.8956001545505,379.23503477976664,58881.54942488634,306.07582562651464,0.619628963121718,0.0023833304778627124,4.985036404657406e-05,0.6090560686683313,97.20317451071008,7570.4317817892415,0.06902320999422026,0.1836140563834915,0.10528469186594042,0.03617279774587393,
500,0.5072991522739234,0.008013648052186068,0.00016095533530293858,0.004349933365905155,0.03327287955231705,128.68829308434033,81.30724868879938,198.1662304846651,89.51273891737549,0.4378708567508216,397.3960879492477,84.08924555924834,182.93158097215462,567.7122711505486,1585.9807949481178,56476.11015271591,326.92456990845665,0.543296077960664,0.0016260149719669451,9.229530464077819e-05,0.7391473043978366,207.6066202975635,4350.988742899888,0.10112006110037548,0.19218828872092267,0.09742946420217632,0.10196303370260212,
501,0.3377872428220386,0.0020258201179148795,0.0002102303927973264,0.005039265073892671,0.07925142726164172,89.85531109620204,32.142600650776046,202.81689484081758,114.42174607447292,0.8674625482816463,18.216799736599796,10.888202853141387,1102.3712790978486,1715.1432574600008,1983.7038320368117,12406.076180187398,341.7964658864793,0.700532646634607,0.0009364187540337634,0.00010857774496199346,0.5148734790245983,164.6568881895431,3321.9116962626554,0.02229671230882153,0.14648799861939157,0.44586855141465515,0.0475594948350932,
502,0.543640003212603,0.00922307568023288,0.0008509147356053435,0.0014434482442237243,0.07702478301914836,205.59144185538116,25.54217293576153,91.83364057802407,109.79905248290876,0.7439955447198496,83.7679083794602,19.05343300213835,923.2877844314195,95.50307123977827,791.128640139234,37266.60288577917,354.1943031990413,0.8924172368210719,0.0022708041170541498,0.0001074416925530679,0.5459746716820438,25.86637190065553,4534.898848844213,0.044083544859362896,0.36538306733294157,0.03682222208014726,0.010071162514945248,
503,0.692873396926173,0.0060315066447828095,0.0005196775700523418,0.003987794991625009,0.07472997379904393,350.24344447787655,15.652686358194716,166.15582432062766,47.64508705078636,0.8873074656357761,179.22998475757478,24.502836340299098,1109.1415490750005,183.29307445514098,1262.2436623585427,28850.115942772172,358.72127871773665,0.6999718290552532,0.0014454971339833479,7.602618284691475e-05,0.5660412928787633,117.48783846677033,5211.532977986768,0.04252104650154347,0.04176045369929014,0.03767886973594448,0.18516623313704886,
504,0.3363609130033777,0.009368488975812075,0.0005139402665311191,0.0033587628464971835,0.0237834665947965,284.35830200208864,19.186169375810316,165.76749859133434,122.88172570806744,0.85296723578203,380.9808082864677,62.700724187935805,1077.9084981100061,1059.985853838792,1763.0180348710226,71433.67756663388,352.72448994600825,0.695297718418524,0.0006482844738635435,6.622763787211071e-05,0.8502103299716922,399.61010607365495,8926.02124428355,0.23535856309464348,0.012191810427622976,0.07335246416536371,0.34273624930899205,
505,0.5965752337436092,0.005492862564554843,0.000806914043858475,0.006391060585810255,0.06932273780081351,312.8579036188618,87.37607588505259,243.65631845404985,54.22361044455254,0.25858437540391804,23.11874708785141,75.28433296212789,988.3600332169847,601.6124623419588,1264.7822586879647,19085.843132384405,319.1864960832847,0.8390616677730838,0.0019210455213486614,8.018390293010132e-05,0.531479664186751,44.525467937213385,5561.517924723077,0.20346969884547564,0.06341849418190552,0.07477583590736168,0.06176073732164791,
506,0.5237999752001263,0.009654014585785851,0.0008983421317694858,0.0035197606183290093,0.04052807211794379,152.61626524695217,58.78620330871064,210.3039737862879,65.39529698909618,0.6357587423595854,64.36654334745504,51.21026691128495,1990.9845787250215,1354.1280078943541,1749.9304681794772,41212.95634959975,341.13470441826877,0.5237987457998434,0.002072209609043145,7.275066517466264e-05,0.7308873484415579,167.9605530676072,5262.3281933646795,0.12165011319858038,0.11246030432655535,0.03639155080886713,0.2056980564658707,
507,0.3326421760081587,0.002553796914491273,8.732547385404687e-05,0.0043921531699906355,0.07576241059852386,240.68118474377368,75.68976358892589,61.23420596981324,134.0856472096437,0.7006636023959494,13.680571552827294,56.519534643416115,1175.0762601344463,148.02484996008153,1825.8907586042535,35348.696237291726,359.89087777689514,0.7689968075586451,0.0009828950520867899,8.978220165562688e-05,0.561964658468482,132.0747620713145,4813.3039773363935,0.5248332980736643,0.06131855827221378,0.039823394931502665,0.04138257271446061,
508,0.42468752645957236,0.00036087191456609367,4.863843758337824e-05,0.004385523010778005,0.022621711182972702,112.2225582090595,96.90288207489604,357.3626671836967,94.52854671500715,0.16259175520932267,185.85627443228427,65.97393147131834,1434.3814050954336,1986.8019332999932,773.158500489626,90581.63521139044,326.61446311408133,0.6180904522988806,0.0017159411067104453,7.232938966716809e-05,0.7930702961803103,176.51020593011788,6777.178410139454,0.11409564116632424,0.3279441404821611,0.074228120429828,0.059044571462114365,
509,0.5373371104781478,0.00757545291490371,0.0008757653327766057,0.008528255977915728,0.0564389385624494,168.30288681832033,48.387863584535346,97.31050214977117,41.29620091048987,0.1994313738150528,103.00963263045442,95.1527147610089,1743.1725375721837,1703.955161407792,779.6528772389772,11521.223817593847,326.70911426020604,0.7213751754028099,0.002469349032668942,5.276058004170495e-05,0.6134542645219716,69.2180751240717,8387.524877879237,0.04182697465177744,0.11541994610681804,0.11125876237725005,0.19415720638600675,
510,0.4673558093692203,0.007562384315603061,0.00025204739166889066,0.008055631916723182,0.06797604153600292,134.7969443290621,23.698447394200727,312.6061655238871,55.03849316507729,0.8887044977647256,274.3870510635859,19.82859023614406,1622.4361964188645,533.4163205760156,342.3487600760666,19691.63204535674,296.87507688544235,0.8302975786137693,0.0016326428328397732,5.5554370352186246e-05,0.5008420878203318,52.05922160415768,7485.4232016099395,0.16489228114135598,0.11923643865353936,0.19443034456957545,0.05408512626630886,
511,0.6543699797582221,0.00012649469002197378,0.0006751707976469202,0.00029442672313198374,0.05738725585520463,10.44783884632407,37.560511928372264,95.32601641262198,31.242027266487586,0.14207015080684737,49.14381377652906,97.35539924082536,1813.6298150376165,773.553946535855,729.8785998400505,31423.783991477547,354.2690344690094,0.8844274926924818,0.0020008942804039627,0.00010590918001101033,0.6596063464131948,38.09914398652472,5508.247604802746,0.1769880001480598,0.13377813039464778,0.007843595057753078,0.02702029464131725,
512,0.46051906933433534,0.003943286440303293,0.0005551193556100131,0.005070027502021075,0.06310046933256662,222.84460790460224,79.23732074081988,96.60628633646652,130.24935053375742,0.15624523467263354,190.22084103576861,33.31301125459848,1716.9509664525824,1882.0000760543878,149.07113875796563,22430.517417200237,359.4698504990857,0.8094132434959945,0.0023300338098027175,5.9838816242865404e-05,0.6352223364710974,51.95845839557708,8592.372041876379,0.1106306196966413,0.24760694450852586,0.15197458335766534,0.02926878310283225,
513,0.5714947862291253,0.0031079201981362853,0.0001249013277481413,0.006711642462443731,0.05329434190005851,43.610012195105625,87.85099480951611,127.78683347309881,79.19197966880985,0.14664565027859094,27.998345409910392,38.80612301126243,1455.758252739673,1961.2828151566714,598.5707527149414,93249.63509873083,363.2772932516484,0.8285128582768362,0.0011862459111883828,0.00010690931059746244,0.7011748458955147,101.36386480805031,5433.8801034088965,0.034159815573927325,0.19787250112881763,0.07587020666260687,0.1206026904055229,
514,0.40427394208253903,0.0028314685668535695,0.0006943667561122696,0.0030787062829916965,0.04004153965183551,65.80514876969782,73.65670591313611,144.1739851963678,111.70504297123736,0.997139324793018,169.37382899708015,30.40982051796777,1869.433122503893,501.1412078798376,1196.5048194727026,34434.18822675305,297.27754614441346,0.5891218852387026,0.0006277539445466433,5.3264167851341506e-05,0.639305907991705,418.4391169713691,7070.965659530678,0.15282310936206697,0.11326911497004212,0.0030030181367566443,0.32663081544859524,
515,0.6953437479989338,0.008502313531859873,0.0007359561746348834,0.0008085203482463979,0.06464680822298886,326.43269819248474,16.588804658914015,55.18087834423054,85.4541018045999,0.7475037592531687,220.14658042724542,53.35251617890939,298.3225310117928,1489.886621677612,365.2192783366101,72754.42351396076,359.947904795218,0.5063785002266167,0.0026221219090002187,8.182671080352796e-05,0.6268920498915743,118.01411398964203,3879.4747205505187,0.08605905009403815,0.1936409428076295,0.0013339967851844115,0.023622262314214066,
516,0.6377074124817302,0.008456014577785676,0.0004625792736714241,0.002037452771370084,0.07917888318009246,220.44060427928753,13.14228500373881,265.8521860437175,129.82196863243138,0.5482423944429322,42.34622515663167,68.56095036822285,26.79441141099148,1534.551816568775,1892.3369697936932,4456.835232611541,362.28936131180626,0.6102195779351015,0.0017706609959510582,0.00010723608298649962,0.5461556356557612,120.22672587571337,3107.861199282083,0.16685638873589184,0.12358434614263548,0.02650303542341579,0.045348817216326685,
517,0.4743825310163901,0.004813426498471071,0.00099589307492323,0.008713866895933066,0.040880662498870374,123.53285804879587,88.88740391962658,28.35016400808931,91.70636399770964,0.7126152003571409,280.8147404562849,66.59054954120572,1365.2267505223995,1484.6495781865167,159.98930564023001,29682.799899068563,302.48972525266794,0.8698873326706431,0.0015202585514299633,5.243123425243674e-05,0.64633058952574,55.31677286120099,10723.279750368654,0.05617781150057752,0.006370998955499857,0.29050197250711907,0.17256668602041347,
518,0.5222121758969968,0.0005205094948694499,0.0002787741932375382,0.008798887775107626,0.02032066922655315,210.426784983441,97.65029769182027,199.651553508668,68.31469247727034,0.13477026489299776,103.03050306844177,89.40979958796001,810.1035534060039,1802.3078300291145,974.398273783933,96282.91300071497,296.1412473585794,0.5524898574026128,0.0022939821141447127,4.602999993381281e-05,0.7293590501997075,142.28339904962996,8754.366244179197,0.055540238300189705,0.08901190606535181,0.13594592445024187,0.19728975528721984,
519,0.3869382961950408,0.000813373573558821,0.0004279176849346827,0.005231359350998311,0.05141683298929978,287.25116469236,46.17584483491729,97.85995999250424,60.30639482702048,0.4574141947697524,253.17117665844728,24.674949057678397,816.2272371990787,1510.521299436055,30.97595298435283,97434.90793260281,323.8491898456108,0.8484830861094821,0.0019985272996335107,0.00011339630553898418,0.6352253978059269,48.159157955000374,4753.0473179322635,0.13060001957610667,0.3186197484942113,0.010897255718714846,0.1529446800159264,
520,0.4945929595243692,0.008976098202632022,0.0002698220579762966,0.0035334260607608964,0.07738075312872782,233.74347187707525,26.426996151806538,252.26247140498586,134.08160856129422,0.879924594955569,315.2144604371525,77.30349992928222,1263.2562740433227,820.2207694830736,1648.831278668575,73210.10241542068,362.92433341470803,0.7855558302207426,0.0012902839061082823,6.530207865362358e-05,0.5573882977987308,92.63749644575611,6705.140725383508,0.1431500766365055,0.06199126866517717,0.26524175937541766,0.035023935798530456,
521,0.47258948409603707,0.0034093153995469836,0.000339958926902218,0.00710835909832946,0.022040695573031555,300.206013731081,91.38915581712006,317.8564248043398,118.33044991616603,0.3523423037477299,22.494414532414,51.601169122289,495.909356089087,1382.0810193117793,1964.019774426643,90280.95164029062,290.11881598503885,0.801595013332635,0.0010633160412311668,5.449507635506431e-05,0.7070125775989093,131.9220397256049,10399.797458290388,0.06048458103656804,0.45769940857360314,0.00782440664930833,0.0014021196444833997,
522,0.6829536341326112,0.008931252971958268,0.0004624842311822179,0.0041449950169359755,0.05826624203568126,305.8478967947962,76.00104231556563,39.00606428202556,32.10406184722437,0.17146288709931756,58.632436747974985,23.101806444896628,27.216041005513674,261.81612019695285,1557.5148600087075,72899.13519885606,319.199018096758,0.6695417563394227,0.0006860903195131067,8.305041942320473e-05,0.5896405677108545,284.0028212831129,4753.606111275022,0.0028894257557144816,0.13928502735018133,0.14679601570155007,0.028075897059942886,
523,0.6106488700655812,0.007578116745050183,8.26062610536767e-05,0.007915818962861924,0.06144038708555362,25.381137020193613,20.2467905308215,25.262407133273623,100.93581967031982,0.4136489665718382,66.68562526613104,35.97949406758504,1862.581582055006,443.2807427138555,1258.237898099232,53665.50990466447,320.4650330250936,0.590771529572687,0.0020288256594944163,7.262830317904414e-05,0.5750936015578028,116.00044282596572,4677.91359247669,0.07622742421493266,0.04715591177584483,0.22173703094292513,0.04423076300071618,
524,0.6538239620397142,0.009412147992367214,0.0003857427081312211,0.0024221054700112217,0.06904390805802207,198.45183297771308,71.09454576800306,286.18262326284986,126.11364404505402,0.275070991079162,23.324163928185563,57.17425571698609,374.3694517871542,1535.9710574633173,749.3346123907191,41519.24625109906,306.630825490913,0.6833179904541432,0.0015874917533754117,6.281045183582629e-05,0.5119638906881201,102.12950925464658,5569.680311876851,0.02052989073819807,0.14689261879080562,0.019628419655188932,0.15912510877609326,
525,0.5074977815235546,0.00035377491309681843,0.0008738255627910841,0.0014522359572553556,0.05505062364581992,258.51387271735734,27.563083887236107,75.33478410869368,43.36981696098109,0.7409136037317763,81.15406685400222,25.21216213528171,507.1573463110848,1018.9523387435607,75.14565644444895,64027.519752484135,360.5186912546778,0.8257748613855984,0.0027188176645566316,6.0100456944026823e-05,0.6852833756527673,43.91379115624453,9415.73181492692,0.17400579060521998,0.15175172247426189,0.10527310331936533,0.06147160207759819,
526,0.6922888656479604,0.0023664662808028625,0.000495383795874147,0.005113981700251837,0.07063127959703633,272.9770182735125,41.186661787900306,201.74515236386478,57.666895437229435,0.6382442153701374,248.837997558158,41.1019400889635,937.7619372288653,1416.3052375527093,1173.5417947055203,20317.87438933422,369.7975355479799,0.7981659994281792,0.0011867524770112262,9.550240434462269e-05,0.607899732301831,103.38704767317441,5080.551643851188,0.02963655471451105,0.07435024771945707,0.1495991007131942,0.054125231204877215,
527,0.4011967157363287,0.005246482713379228,0.00020326170621486067,0.007450193937686969,0.07416388879710896,126.21685063766539,22.496134334416062,128.1907030913764,20.722534098169916,0.5196018839611776,177.4541770214309,57.899430857998034,591.610085195277,1599.0757315253252,1477.7270543799837,16228.492515006821,346.7718405109521,0.6961331476204489,0.0020895632403672443,9.971339515297588e-05,0.5503239260792571,80.0287811234038,3841.9986230000827,0.06208889210560357,0.07754490200697861,0.15074628307328328,0.30842320707780574,
528,0.43503762228186305,0.005273553762717448,0.00028104882278568024,0.0022103226881621204,0.06841959664628378,237.24471852649674,52.85699674694282,308.0640760462727,58.46640421207688,0.3812275314843474,59.325018887005285,46.37474353156906,1115.0570849458281,1767.0118210287858,1085.4942864384918,33745.279044538496,329.04674457828685,0.8002040421954462,0.0019051286498332105,9.659724526140103e-05,0.5527364209457418,57.96695285957923,4578.825380708494,0.11820456422107693,0.25638240082099206,0.040503894842840456,0.14987151783322752,
529,0.5715598667708686,0.007248089626221321,0.0002543158752794868,0.009177993179081342,0.044802651333458426,304.7925304607402,89.50850750610655,271.816742244288,143.0434434513603,0.7094531820573409,267.29472260139283,21.486931262662143,460.6884202208352,186.55886129017733,157.3096891982759,99578.66428088797,321.9802418872647,0.7734315330211868,0.000758964348332188,6.910949498321517e-05,0.6670594309115583,199.13271681009422,7465.32438692355,0.3218435919403585,0.029078330265827877,0.022683073030707216,0.05483513799223783,
530,0.5966665966938907,0.006381419340532312,0.0008965100550179496,0.00915774215221819,0.07838947681745055,169.71970371853396,75.70112782756419,271.9206240254814,134.87691643993548,0.9858523938842685,58.01851692761395,56.4905157392383,797.8134292019117,231.99845261441158,517.2875901047048,72429.51625110944,310.97938160076194,0.5398089264825804,0.0025776079045873876,5.9525223436928536e-05,0.4726623917167274,84.38638517065331,4286.374137371251,0.28376759200543633,0.011156348873324617,0.07919124090622588,0.029218221521122443,
531,0.6922745134919914,0.0015627386527978992,0.0009664959253822292,0.009290176765710596,0.056219707697210075,358.9811679155504,33.73549602543159,63.402703890328716,112.29620122519457,0.490355121032864,24.643515000144387,76.30965450397943,1655.646014469755,1142.2847666226203,1723.8162494229425,73914.11836592067,364.644584099653,0.5688212253589335,0.002605770408294393,0.00011171494583934156,0.686017210684416,113.51577995668548,3493.0075601523213,0.1785800441100918,0.11874145788452803,0.0035348335969296527,0.006869150916459128,
532,0.5135734470691573,0.003893483764296338,0.0005770739630982136,0.0018141197182037106,0.04871759032064428,171.19321157271432,80.92618193007345,247.25951101501587,127.92966569967018,0.6730790273831692,196.72160003864255,35.97908442700019,318.53191128223665,166.47589509595153,1578.4590495436585,6579.070793936971,361.9586215633898,0.7087923785672993,0.0019203461899625174,8.487235697348155e-05,0.726284540917544,110.13618000203765,6065.401806084519,0.2875914311169085,0.0850644902037202,0.09693268172888816,0.01683794988132579,
533,0.348584242281871,0.006491269695001872,0.0008145652727654496,0.002942287339632252,0.0447783881080939,13.980329603312727,33.3850400444576,49.73779338927899,115.38947031182747,0.8021777398452048,36.14507996812182,15.245859933337936,1983.1432532965002,104.07172255031557,1213.5678143404318,94123.78764448532,308.77699712685234,0.782356153029549,0.0013631078890049002,7.064558420593414e-05,0.6398302332441512,102.16000838562928,7085.7241184912655,0.04985053285269159,0.3327722480536745,0.04163235830011524,0.22716061851164776,
534,0.4128780988874652,0.0017352644997771429,0.0009611019383336819,0.009496554562424186,0.05095848342529852,23.154100022335687,65.10566652745408,218.65712718968274,45.30831911848358,0.9843696295501849,144.09725646435905,35.4153239830068,1841.8362033019966,458.26361692061704,1932.2637000933216,68997.83465090021,360.70105901813065,0.7703692998216048,0.0021896755617851274,6.5355986751557e-05,0.7102702612290819,74.48585546114373,8372.154274208411,0.054109926466129,0.28412098612378855,0.026210369869498224,0.22268061865311897,
535,0.6995311568284408,0.0010935346030940608,0.00031289012108510084,0.0002917883262229353,0.047398553631994175,117.92502983935911,28.54157822591543,206.5958099223021,93.67607072198034,0.3272926286011064,313.1910398762186,78.66345026404561,1405.27774673955,621.8367655808802,1890.9246276959768,76047.53224899404,325.2839433336808,0.7688653297319024,0.0025265959837479646,0.00010730796506852163,0.6598497557939033,60.36349171491532,4727.846621059628,0.03412876966095187,0.0908788535145765,0.16016412800953622,0.01529709198649456,
536,0.3702082206177494,0.005163329706017149,0.0007592976311498525,0.0054866825137655775,0.018325869405530215,39.00988719553479,85.95283200110798,358.7618556489969,79.37025268675563,0.7410147676729525,304.08232141238796,19.96796302800507,818.2701515834614,362.2743818511462,924.7599250390692,17160.922126812115,363.5619761950615,0.8935974767717445,0.0023060342982903327,8.118556417799447e-05,0.9061737276971672,41.81168128401939,9974.11996560985,0.15219969754413712,0.003271425486795577,0.21541414288258284,0.258906513468735,
537,0.35694073532289333,0.004791784224983189,0.00022114215727210676,0.0006988172391937546,0.04508821252730373,120.24151687395934,41.8377818531877,269.01833369333855,21.232738932273417,0.4256794970778405,294.93407347466507,31.66457117073087,465.10234695843553,1318.230031673427,366.28906290825705,91823.09443579786,356.5256816331687,0.7819773870090563,0.0009556120326324822,8.923151834074049e-05,0.7369364377477837,168.1318383187429,6458.117498138178,0.21386240916878502,0.1783130493702951,0.1596325620993772,0.09125124403864933,
538,0.5564625677941722,0.007116702208101437,0.0005671162352755429,0.005500235897713143,0.06929385738800019,71.85459150045945,73.37441554461444,18.468692955213953,122.24523767122791,0.7116398415571512,185.90712670755264,68.20998376342631,51.749071964103734,1519.2361218549534,148.2669092391423,761.1352497498893,352.942964729766,0.6228840298054175,0.0014458114163651596,5.6104687919663735e-05,0.58785354350558,153.33186394997963,6526.452560229205,0.143995409671116,0.05239141772852193,0.19738094029513306,0.04976966451105679,
539,0.5922198926731213,0.007602379353589034,0.00024595515920285306,0.0003570340004601915,0.06998261813901528,109.99628291845384,67.320341255123,208.42736016590644,27.455024361879637,0.3073189067167061,256.1149754207859,42.95478889167311,552.505593834781,1936.2179755036439,990.5002310567514,54828.288674256706,306.45555263153386,0.6263273975372025,0.0021718194354788055,6.560930341412035e-05,0.50699633336762,87.231303041916,4839.949176639231,0.08054117067590384,0.0674104522060635,0.09668894930981804,0.16313953513509336,
540,0.4568003749492746,0.004649786323385836,0.0007802803342406068,0.0023647418531059865,0.07817922175568422,355.5784607922486,92.51900770513328,95.66290700331156,58.52014552873943,0.13308245621375758,205.5568145436838,34.491358331736436,417.0210216482633,654.2330765887189,1997.1480419481568,87966.35732726156,294.96468773402535,0.7723452073578541,0.002052688782786997,6.0517578923578676e-05,0.44929792274263336,49.82968012211083,5734.087573865419,0.18621588009780085,0.07113586237218086,0.000962226648670316,0.2848856559320734,
541,0.6271141257741284,0.004305229260753984,0.0007481282040042754,0.0020761579072747383,0.07152102723201982,231.8608261698391,15.88246404735154,83.99617831621745,105.2674817870814,0.34883571371813193,38.41554378077016,16.21287222213123,1379.4902482607358,1210.5461570480973,1491.7035959727564,58649.02670726833,364.30392139496394,0.809286479246287,0.002260342916409061,5.910240477906478e-05,0.5936267120048121,50.08648884114701,8128.502952473705,0.11424178269191647,0.0907860256806548,0.10917349047229163,0.058684575381008706,
542,0.3537023722669772,0.0055952975514560795,0.00016006544520830618,0.001350767570800513,0.07911776058014762,39.87996665018689,25.51888150289867,124.37500934648425,40.05227846745666,0.2819691260749153,234.47296436470165,32.38559633021522,782.6405652733981,1316.1406574714308,1745.8126999836925,38766.88737569392,357.2115969913923,0.8205572931557863,0.0015974966570079672,6.66422877156445e-05,0.5388433627123482,60.52689446702234,6634.7039739815145,0.11594750014688428,0.2871464911538576,0.009641363155781362,0.23356227327649964,
543,0.41513483098389153,0.008020627144762772,0.0007907813308791056,0.008905239702978955,0.06433606770086553,42.57713694368451,68.27010366854279,199.84624792367686,114.26430537627978,0.4042659351352291,30.273284451158084,46.846985835456856,287.2550610100708,1206.0057539001255,1961.9031721694973,78420.2629020135,297.80360834280896,0.6581346704901674,0.0008889017211286773,0.00010886335913130724,0.5201838151294355,200.059024679471,3144.7771453717237,0.1815301334301524,0.014245235799032484,0.07373255204691403,0.31535724774000945,
544,0.42083891523202177,0.0034410763448339795,0.0004843930657512027,0.0013316948492387822,0.048999344506346854,364.44275748129076,18.949731992526928,4.500107053480494,48.35982020517099,0.3043637604031943,280.9301264933177,41.99843834309977,1144.042020132451,1531.7358320104825,1288.6689257728242,94236.29294347983,363.4546168047643,0.6799735717929101,0.0010589467340945196,9.488388748976971e-05,0.7275778419919073,219.88276701603135,5214.0960606188955,0.3373901639595239,0.044367261029839365,0.15235106376312335,0.04505259601549163,
545,0.37986195432029646,0.007078881157965987,0.000839696268876975,0.006641741535940613,0.04499223442439483,196.2788479055675,23.50300164185027,222.2856309924959,97.55835777705725,0.3305424955257715,356.73951502872944,11.942487438637706,1445.0868300144814,614.3828723497593,1182.979503392829,15187.141035118435,332.98352298923413,0.8798175558781304,0.0024530963544798826,6.907068813771527e-05,0.6888061950134868,33.746090687317476,8773.964749883076,0.14899832346336173,0.20028324098929742,0.1931498434339733,0.07770663779307117,
546,0.6706547264862506,0.005076673578507705,0.00031619417776597783,0.006316352509771663,0.0214662042069844,288.6385607618717,53.485252807807875,91.98808391092483,128.0656234706155,0.8835986791064613,171.49662225287,63.35748019975772,775.1680886166331,597.9245067889075,1756.9337050394317,73007.54025903385,305.48421206368164,0.8614487182287824,0.0019308858355022041,4.781549775136819e-05,0.7471113953996089,53.609198200770884,13460.032504266765,0.057765013698410084,0.07108156941296437,0.013291786197316446,0.18720690420505856,
547,0.6078445223682478,0.00467362056981068,0.0006186360367102877,0.009924559344057803,0.07026886090390277,41.87259750783942,74.50914538980676,217.38609493867105,35.8317486553608,0.4907455964417398,370.61286674948025,89.69401429256088,1425.0765945764806,69.13668569220346,1739.2002450183795,91925.80568619129,313.4369134403216,0.7905835356116112,0.002335566084453449,9.237948895247011e-05,0.5170908828345073,46.364496030097854,4425.26304290519,0.15378664815455034,0.025348020067132205,0.01072760504948622,0.20229320436058346,|NEE| >30
548,0.3036510860269657,0.00433001791746068,0.00025846606712801436,0.0017365003809308307,0.03628179358737354,90.29471419738321,30.615659960311472,359.519063423254,47.7812197634764,0.4885010353877899,307.61656343465853,44.27796644709437,623.3474571019258,803.8169485651918,1136.3021538097926,3594.316058430632,333.25708059547554,0.6613803095358435,0.001953974974175747,8.711570173159653e-05,0.7372117595233924,127.75722366743803,5596.893924005465,0.3046164713003457,0.021950839023595337,0.01804747636698224,0.351734127282111,
549,0.3864872323200815,0.009887153883142829,0.0008273678032206229,0.009860403171316805,0.051489506459190884,66.85456666452986,58.402144976257276,31.760250495965096,94.31763786877235,0.9963789163012867,235.3054262338166,57.270242384297845,1748.1031052344472,767.8043342108474,1071.0261504102502,2755.4343088932037,357.7896041711605,0.5993388577924175,0.002405679271463412,9.990032944126584e-05,0.7013648544279848,116.81093444698001,4207.745991425903,0.059077755725246664,0.017649033103133108,0.15370423999321958,0.38308173885831914,
550,0.4669711383910561,0.007316628874254432,9.244943850892836e-05,0.005021908203960199,0.03932551805584392,213.6411807947375,69.55672911904838,130.47090790692968,100.03946419329232,0.4217628373651499,214.90146128686453,64.20391043187688,427.9379932843733,1121.2441792659238,1213.1278665607497,40686.519439612784,295.15325538528106,0.5252682846256073,0.0022013579878685744,8.351648187351855e-05,0.6382149044242335,137.63361435282786,4013.986707164076,0.0465133446258988,0.385494823724241,0.05985921039976022,0.04116148285904387,
551,0.6522918001619693,0.002207542198772955,0.0007864969402188346,0.004700017818252497,0.06786810348981823,5.884988467201302,38.90864581900118,137.50668434358843,124.17916853612027,0.14755453861399026,185.49352127013967,41.08298114095692,954.8904845935566,884.9073777921442,653.396184832067,35425.163618373495,345.8327835878972,0.7892333171803798,0.0010931453697093768,4.547305909212853e-05,0.5840453911704403,112.60836218499264,10136.7291020267,0.05021411356969859,0.01798528477923356,0.08447483750396298,0.19503396398513556,
552,0.49731181090908116,0.0031113077394765366,0.0004607683315851827,0.005229491509224891,0.028645442293201796,308.74339558844383,72.77703738454872,309.2128719208141,47.069079086485864,0.41495269188885997,167.09173492605956,44.47491099822553,1488.8619024463599,155.59355329392343,1735.816213944811,49768.771040372994,361.5373173723758,0.5361668222846536,0.0007321337432536027,0.00010494159659893705,0.8440952298979716,534.7648245770366,4312.645050081253,0.20960435290510118,0.14350142143857444,0.12565629718693777,0.023926117560305424,
553,0.6081034657637625,0.008368210429852146,0.0006835152287218255,0.0057714934475302775,0.05925939406839875,233.25765108688233,15.15934677204964,227.4781290392123,126.6845835509289,0.443864455284935,302.96187490378526,82.48236493285611,1162.7806966720082,459.33569171452496,814.1402172386714,82745.62786880805,308.19011786999715,0.552454460559074,0.002522125723394553,0.00011124333369140813,0.5642157318849459,100.11881316830089,2801.9970946044677,0.08818363908811962,0.16784652569757627,0.09502875645162491,0.04083761299891674,
554,0.511744865875744,0.0012425201565776855,0.0009082937009633539,0.002922891709303956,0.0401150957618564,66.63291702660317,65.98289367299367,222.34691960139412,47.440740503985126,0.13089174309514187,385.61974620050324,23.240351739982568,1329.4292660809144,398.57015327251537,959.1122935814792,81625.03699794752,352.24977077765004,0.629770122214447,0.0010294494802456672,0.00010169831851328217,0.7570988840971641,272.28206212118425,4688.359293807015,0.013126867291228882,0.04549299223716681,0.26801150435256454,0.1616237702432957,
555,0.5376241798780378,0.0039123505029490455,0.00018564341158506048,0.00855074998348036,0.076040320230609,268.69002065341186,44.24533049183866,77.7101836460186,141.36901306189202,0.8551712160670777,177.24613268463082,37.86844345455893,821.1453262431937,1005.7401165800651,226.1683604129632,52433.894873709,323.78142217903087,0.5870341751403165,0.0019454498668920906,5.1908458363669847e-05,0.5041496584395825,107.01719077594612,5701.442273933662,0.14346190522321975,0.02830472848625879,0.14794707779912086,0.14266210861336284,
556,0.37728214584472625,0.004159894521192836,0.00017828810644879463,0.004554224753398964,0.022070383059114573,158.26188986540382,75.18411684786234,147.91282449123128,44.21524520608298,0.19896667303912352,161.64545651079047,77.38006252371818,1414.4104598947285,1575.1881405748602,1592.1182748943872,30984.16424261992,362.37509777065713,0.5353968462864964,0.0017963563873778852,8.924329609133385e-05,0.8829363740460934,228.35948745614192,5296.995638217102,0.08114088611053344,0.44100526473318613,0.06585377157305355,0.03471793173850061,
557,0.46066442499807014,0.009980592550039016,0.0007557423142479544,0.005141091573765447,0.054314625682344284,22.188240409662182,95.9924323762325,334.3472291642709,119.65796875610877,0.9170662450557794,239.36789029242283,91.006987105646,381.836661806996,759.7508112046295,1839.0901208372827,34116.7501685661,296.746121026152,0.603268353902852,0.0023232087769498684,6.357663011940048e-05,0.5677069357922531,96.94664955309288,5386.879235521427,0.32902638073885976,0.06342130384389011,0.1246652810005713,0.02222260941860863,
558,0.4181506956733826,0.008468066486240438,0.0009444680769055313,0.007607933531655157,0.07503765475622495,167.25428090157115,66.18673479549248,353.7436552335404,46.38700515553427,0.597109507029373,62.097579280746025,64.99666339637687,668.1990411350843,256.3830792787062,771.7556483540836,73988.36425807334,310.3606381262979,0.6104991690706468,0.00108601631737225,8.693530333221366e-05,0.4882069251913136,175.09589863952453,3428.410677131562,0.13620315862518403,0.09846029141100338,0.1911357072667621,0.15605014702366785,
559,0.6312844699307241,0.006616723459319989,0.0004911903531808791,0.003829436874829131,0.06348041457547446,295.27173907255724,21.96889449114736,346.4563267468906,43.03194958455822,0.9658391207445486,104.76318167932135,11.588209406573784,1861.5551593510052,1100.9535368386253,25.547332011534014,73026.59904225689,308.12044225920795,0.8688137475319464,0.00225104711347509,0.00011203393639667281,0.5425502483851786,31.618678007758568,4207.431513027818,0.279686566485585,0.046194357368856846,0.029238841004340536,0.013595765210493578,
560,0.5190130628635661,0.004835016073594719,0.0007969777533289162,0.00531449985174731,0.034864454723529545,85.45242156612505,53.14866462145423,167.61749025266732,124.94319161397415,0.7233891421232517,98.72667582458506,54.313052369625694,758.3433955358346,228.67435445326169,1663.4067475117195,73904.63585361988,327.70625525283197,0.6294074328842554,0.0016901093434343493,6.937244723679901e-05,0.7324825628395364,160.61244462362671,6645.721577842173,0.3165834304076379,0.044272339434293234,0.06520722157989457,0.05492394571460823,
561,0.6084370212554981,0.00765139752755269,0.0009609547965360837,0.005540006833985116,0.028871388108532514,137.80678179010036,98.20832575568946,359.82977336657495,103.28778732856813,0.8673068313522546,98.99664529190922,20.842158990195895,1652.989860658701,138.0601340587096,834.8064175365753,84077.68709803076,309.98133735695455,0.7655079422640376,0.0015880548710729358,5.4924711810995154e-05,0.7226197387761083,106.70197396375156,10071.443818830161,0.13370909264925643,0.06471926702129614,0.16142078763836917,0.03171383143558012,
562,0.6300889693931335,0.00611210949950131,0.0008494426417180521,8.953407600694043e-05,0.029615486716860987,218.4132281389084,87.50210536508139,102.49884885143346,103.95844439885977,0.38620974646569783,104.73700473189804,70.17720485867906,496.5670306306967,201.28886653137425,679.7409028758968,68816.9951680935,356.9634760567661,0.7424505619539878,0.00084441795620262,8.160965961600958e-05,0.8279393914822252,252.52343753007315,7532.246419873962,0.12588270894140932,0.15571572215368462,0.029633109393348036,0.058679490118424514,
563,0.5766872871890949,0.008310294568579702,0.0003587720762489516,0.005979506611762819,0.024187696376531558,303.19614506976245,98.7522736497605,246.88899074826034,45.026790572556294,0.2051091889617619,380.5930805350012,60.967203194190446,118.25314284386334,867.5306535348607,1271.7972724946435,62156.46844297108,346.9878223902439,0.7596647912536687,0.0017955426973939818,8.557224235913936e-05,0.8342290008910057,111.6623967574692,7405.84075335894,0.08366719647670424,0.19375372496858456,0.10284601119437171,0.04304578017124448,
564,0.411655225048774,0.008655297641579568,0.0003941725077627837,0.004797862647276237,0.024729087037825337,156.63608719932432,37.0817810853501,109.65474155039603,100.3028752064197,0.1366108139543463,82.04776218941909,41.32196329401598,63.441155100420865,1644.7993223391793,1250.0300050314027,22618.461231192086,298.8578141463331,0.7880639501215442,0.0022155842368379594,8.682625913555844e-05,0.7160228532300217,68.49256851224416,6498.861101602615,0.1448125777796585,0.36662818197275066,0.014168221749675238,0.06273579344914162,
565,0.6231319470822327,0.009828069633346521,0.0005990191051645767,0.001480224913945419,0.033852406916521596,145.048661689091,75.10793472906494,65.17076210059116,35.41184058401873,0.2819884258112941,355.9659199083924,66.63217820402586,288.0594384266036,95.0969725836894,734.3855456034632,51085.21129507655,331.361976705674,0.5044042970115106,0.0012754178315906761,9.309257277283393e-05,0.7460813366102095,289.9086835274819,4042.4989974721134,0.050019263788875945,0.24932422341576826,0.027863488187595067,0.049661077525527925,
566,0.35823884165998865,0.0015421402038531798,0.0005442204616782446,0.009323823200187525,0.07251582272668468,230.38761955525993,35.49678128891186,117.40916780054596,127.0566234578758,0.6676142013504817,23.50741993504493,19.71025921790716,1410.443746777534,1580.2386974328883,1042.0772983480865,67874.15181917789,297.30478009132037,0.6761765217188622,0.0025171380101540455,5.464991406419788e-05,0.47968428733390095,61.71017789833715,5935.073430337132,0.02639940409931352,0.4188397626524954,0.17452309694898413,0.021998894639218253,
567,0.5492788108247508,0.000990376003509359,0.0008015419550769898,0.006365328036967425,0.041050028923981824,334.57984294216453,81.60453378818566,290.28641751263837,30.643064560604998,0.5426637866356313,159.02176029731586,11.779282874032042,732.6116855635388,750.8258600623377,552.21790501012,65614.15661045138,298.9762594769755,0.509585744582379,0.0015493679809823152,8.430984150471687e-05,0.6379876634214549,201.93927379607558,3856.1265529221214,0.001614558037464457,0.26862616495864117,0.03637361934769703,0.14410684683144648,
568,0.5072853747835148,0.0028995069459231927,0.00036032898576925635,0.00719926289525189,0.029664243309232678,194.01164139403886,34.082472073811324,274.56001269546874,68.72625628519252,0.28685654401384764,166.46569797851,55.953019005272346,797.9260882257013,1906.1857564271984,566.3841448073446,89989.91106540438,345.54553417178073,0.6308717198028573,0.0011289270172735232,0.00011354837626860809,0.8011895028336012,261.96707029584445,4451.38729544623,0.06413274794493158,0.06989059950108265,0.2896214027448142,0.06906987502565677,
569,0.3851863354667924,0.007990162029144154,0.00013986378455627384,0.0032248620866472486,0.044351976086811795,252.43636157518432,86.30146039632747,115.61641686587599,111.76161862646438,0.555281058999487,139.77363131393878,76.13904318891751,643.458299765167,1352.565366354862,150.79524198171532,68250.414486156,321.94580585868283,0.7834171067929215,0.0007413285282929338,8.810532380673362e-05,0.6693984227613703,195.5681476925762,5952.173523609228,0.05115673175074496,0.38170951399420155,0.00282493527961994,0.1791224835086411,
570,0.3450414084368928,0.006655056648798203,0.0005609743015859547,0.008058469980974821,0.07523316055354926,307.19613677423996,68.6299047213003,222.57235046840213,144.6188542215467,0.8850714113626684,192.539980085288,12.89229017119869,558.4539497678666,508.3423467417354,617.5271993084775,47493.472400142964,367.8632932985731,0.5983386219428839,0.0019658441037385408,5.876745774729993e-05,0.5775136109287914,117.9976135296083,5879.932727433118,0.3327613411074453,0.04719108454492995,0.2523720468211305,0.022634119089601386,
571,0.6762272488175209,0.00460504089940799,0.0006315694267783907,0.0056027581742531815,0.07621135728830432,296.15909643201394,93.83020991093757,77.23638711242097,121.97789252735996,0.8821366860743075,58.85880247647398,68.0976429885423,1743.0850247228975,501.9173813086973,809.539461855628,61505.17891329501,353.42278818504536,0.5757785214000143,0.0005539376586778177,8.991686281829576e-05,0.5493430787904825,420.70281644944083,3517.693297268337,0.05555868994820807,0.15532177391717375,0.036508880268999545,0.07638340704809768,
572,0.6127151563651185,0.008343895578448043,0.0005909396529188277,0.005612718888079148,0.03399754295869757,164.4595301382001,94.0743410511361,212.36270844810284,86.94934683665404,0.7145998121247449,83.7503443125848,69.14375401372044,914.2685635040824,823.4641821579766,1091.1172427767272,24433.549135463338,318.55549607151863,0.8821070981461545,0.002419803960726729,8.407176868359603e-05,0.716499720330148,34.907882034303846,7517.73751188226,0.17717282274471657,0.06541839220336305,0.11790787575243165,0.02678575293437017,
573,0.5726355157387171,0.0037162405578224727,0.00040278594548674935,0.007732460899278014,0.07209835576242797,259.7472087724929,73.52543009740708,108.2160239377952,82.35195723951765,0.3690408623875837,114.89166465621602,40.099962788753466,1152.9380065824034,1023.3513378436522,345.1308074726337,25674.072347973797,361.35738759971207,0.6742646152599918,0.0020741601680214087,0.00010634285322070187,0.5854594143281251,91.94316355894041,3712.093053710225,0.09220831178166981,0.18862762056765162,0.13521227790880866,0.0113162740031529,
574,0.33032733759010796,0.0049015646675441655,2.908590028695423e-05,0.001214059584784068,0.03260648909135041,342.52975868703106,46.06715961280592,176.69027519128502,118.67490254512268,0.5805301324651437,179.54566194043355,58.55426183976609,1892.3884605076678,220.64911053435486,1472.4592914415973,65644.28178342678,295.6771683557445,0.7864317348816294,0.0015273165089270337,0.00011159590494698993,0.6716710670827175,93.92134746702575,4733.358655109902,0.1871610278530996,0.03418525442532052,0.015451218216468507,0.43287516191500347,
575,0.36071023317957357,0.004422924535651956,0.0007087559500857574,0.002256657962326304,0.051216310866421214,299.3413754935375,97.30587500503465,343.3082700930205,76.5922809893653,0.509521824302747,84.31847379919473,62.85108993698863,514.4974685333493,468.0466795181803,769.079890080807,7961.000142706343,366.07333138906665,0.8850334365616833,0.0019232718594452767,7.746696649927294e-05,0.7192731028109928,42.9956671999795,8217.447704153647,0.10733480731160125,0.052519420871036074,0.17128153420124917,0.30815400443654,
576,0.6369813851373327,0.00821818767155086,0.0008169812259152896,0.004388676549513268,0.04153097934499485,9.798082867141847,28.357664832681003,56.081624202043784,97.75176260191407,0.43769078482876317,346.57395572528674,11.306343161310501,1095.5127579654934,1518.4178566851801,988.9821972047371,76389.06168176011,359.82906861102225,0.6815532809257315,0.0009185976888417097,7.561891229566342e-05,0.7649837717272402,265.19397469720434,6894.798981465134,0.1817508248076301,0.09709677956583733,0.02198093536667639,0.06219007512252338,
577,0.4735113478664321,0.0012072711361477717,0.0006411955771879453,0.006334173073162264,0.02250977116550606,194.4977101093491,56.14885568236724,323.30387341022066,49.482369447042316,0.4929642784627814,318.6656844160296,42.141147772373905,1834.8534515871527,183.44472700925158,1026.0598319456135,24574.615560937764,305.7665432183705,0.8113855692470284,0.0006697089899868783,5.0857272200324886e-05,0.7429688687515819,209.24707946582075,11853.451678066445,0.18598328680734078,0.2279948240225933,0.0537921883439121,0.05871835295972177,
578,0.5781587222665769,0.009677794660297707,0.0007354303828885489,0.003964298967317576,0.07618929404419139,101.44929050425455,38.90693691586835,235.67331327514634,107.60469299710917,0.24818960285601588,59.844752506965776,32.44991432391188,973.8296878873781,893.5176723062996,461.42516541693766,20218.818107849052,296.2051872666529,0.8307399836435965,0.0015416895654555439,4.892353901906523e-05,0.46051062074568955,50.558839435798596,7819.642511897869,0.03420919769486093,0.21056406084922283,0.13620230296220728,0.04086571622713199,
579,0.319821712739947,0.009554394253490956,0.0006192799369888455,0.005440637251264725,0.07416665686023144,58.97802229978898,13.74859583360411,34.64524823130444,103.26406716875734,0.5883266280858314,316.2787522871865,89.1789476809999,1062.0305979535428,1181.5481014178686,1969.816955723082,28926.183409250138,315.3144612528042,0.71558992673763,0.002452378331449165,6.470519183003535e-05,0.5003873685125173,58.031506115172846,5533.90153474663,0.22457052525205004,0.08962653386201218,0.3348455558275255,0.031135672318465347,
580,0.31578436539171434,0.0017476396409430207,4.258349786941031e-05,0.0005138731531060405,0.051413350612041775,252.24921289776395,95.63750994217905,46.5250350427577,108.03557780050079,0.626448359522752,253.62094166213527,41.771815149393944,244.15191675588522,293.84232329915017,1642.973660303054,78406.34606182658,296.1711211139803,0.6951301968239263,0.0013353007013515354,8.206172831181767e-05,0.580952496577195,132.64044054411852,4921.144504251204,0.05042786235308167,0.09136932943745181,0.13221945317450923,0.4101989896432429,
581,0.3128580071976239,0.008384267774160771,0.0003985140747224737,0.0019460701410056094,0.020875054132383927,50.51208760400557,96.13571517653995,10.744457246149839,60.13748012214257,0.3866770887805222,294.8522462119023,25.64246409434326,1059.2641582833478,26.128977919435307,1225.5213081396614,45174.89162660227,367.32203849086966,0.6182015559972369,0.002158950498488502,0.0001016777055540012,0.9016153875266504,159.44569006451292,5481.831365519962,0.2811721554520783,0.034271245674011394,0.26253873761584023,0.10915985406044611,
582,0.5371176906997215,0.0055457134024378164,0.00033712541706794796,0.0076311289468921125,0.0632365028028919,306.744407346337,76.25255458277869,32.49828139116167,28.424374336242597,0.8833397843616171,342.93256916660414,63.72684473780994,847.8218602355222,95.72013926949244,1914.7966578937112,27462.97541115577,315.9599252626523,0.5680640692882315,0.0009025330662753113,7.304442408554633e-05,0.5576260351166745,266.86969094799,4336.639224897671,0.08141162204617652,0.16059166960951535,0.02411814153422194,0.19676087611036475,
583,0.6344050052780127,0.008841816074939807,0.0008958193827725238,0.005971132513804247,0.0760910585447942,161.8097965111883,95.25365359113884,47.824875356538826,143.95929104187354,0.9317760113000689,314.3116643357511,80.84162466106542,1476.3223350642918,579.0368710293731,616.6744062803249,19801.553817981312,350.7890199574507,0.6804072363917596,0.0021448619298513856,4.90206769175498e-05,0.54591953398181,81.34413229342846,7577.365813075082,0.008889399638383732,0.14653957488617,0.016180986241208055,0.19398503395622552,
584,0.602622737326054,0.007176241135194389,0.0006870983473133878,0.0064980765001787484,0.031100293452624495,243.26696951826318,72.01519062660398,303.84479865266655,141.7938883718922,0.7282583531337442,272.03451765798997,21.021073405779862,1954.027231567591,1065.864979847448,461.20345419653995,29094.089720987853,313.0514317124424,0.7754716753400362,0.000804170749001095,5.720822802893936e-05,0.7186934228088364,200.6626457973583,9742.067039019355,0.04497464123005194,0.05248209017610808,0.15209917343384455,0.14782135783394143,
585,0.3861521422535621,0.003431548911173477,0.0008971751130899625,0.00881822909538716,0.02446293584692573,68.53094241250949,53.95145096667123,22.544864233327218,40.6613088948975,0.8746374944012308,221.5749731292311,46.911107657941955,1377.9903181046193,729.9292374777651,262.58520885655014,88648.1039733565,294.98280076085246,0.7582025491575285,0.0009631558120944876,6.0320219681783796e-05,0.7079490379775749,177.72853629685048,8898.65401850181,0.17946236103328728,0.03644438653213445,0.2441908633951318,0.1537502467858844,
586,0.3255760617504258,0.00280467803268351,0.0009614642045552035,0.009230335145486213,0.034599790020811594,101.01428005002099,32.02371888817456,225.49552009082365,84.8836834083509,0.19575120522083575,79.43980728100024,94.17481826701638,1951.6147163164676,1901.487657269208,1144.726278657948,92458.27890919046,315.5451536558244,0.6085785379466753,0.0019589444685647666,7.363150283272451e-05,0.7066538201318967,141.1982196944289,5840.629786781572,0.12879130461387514,0.32430410102737434,0.01481393763864119,0.2065145949696835,
587,0.5928991342301912,0.003831904165800203,0.0007919148629691054,0.004226379493804711,0.0402882345700797,98.09170050825327,76.71978633567525,343.9972409033578,137.0873657526314,0.6825782597378457,388.47619878731695,85.23684215737427,1640.0123726982852,1888.378972349129,852.4594826594621,57695.73935374088,351.8301980796781,0.8370371141599386,0.00206395131807375,4.7660309143944474e-05,0.7551935060875903,59.62762398609544,13263.132453856479,0.1030282766674392,0.07422381416959425,0.08347809657083113,0.14637067836194415,
588,0.4184586980359672,0.002268764817929826,0.0001837672613903287,0.008811494551601302,0.05807478047631949,357.70206800463467,50.61933149514621,206.2880843411589,123.88139301007705,0.4955819628943671,212.71684397708134,93.31804877157562,1529.8076178073798,1752.7972978736132,232.80837071242803,85938.92639194167,325.5037000891528,0.7395677489980844,0.0016834139826679985,9.128860838698873e-05,0.6023237381190747,93.18238327902472,4879.68015987772,0.06921783847331651,0.03460468927072594,0.08924085534111452,0.3884779188788758,
589,0.5729186483122323,0.0029843585329315456,0.0009300162607676803,0.0010163282867572986,0.06401337987205864,110.8851754220085,30.371314639463883,211.18805128143836,127.36672632201918,0.2528617743064055,241.42679687812264,24.02563331989615,1031.7028350874893,1635.6289743959385,627.2971937303673,24410.05462208087,305.8662888758321,0.5688675335005273,0.001979623873465694,9.530852550855275e-05,0.5358931349811583,116.70950838761213,3198.5827531162467,0.08859081184211812,0.24670013928137696,0.00019540335245369958,0.09159499721181898,
590,0.5707962319406858,0.004846953388483763,0.00040694391787300226,0.002194312826096811,0.03392702897654286,190.12271449268212,14.435348619552773,323.04288374231504,114.5370596034211,0.661544239881418,165.18693569934987,90.29837474883577,195.13924726607542,1393.3781743804004,1442.6860918378054,68660.90186296857,354.73105719193234,0.7003125636006255,0.0019310982593618948,6.051632240991787e-05,0.798270557940228,123.8837308782289,9237.820122169276,0.2737009917186898,0.048577089525343835,0.011145745629566089,0.09577994118571444,
591,0.4157283098088418,0.0057276908575771696,0.000841455237972196,0.0044782511683017666,0.044415073415073315,95.32332839579017,20.50658477013239,253.2615730056936,26.40573608791697,0.3252360131707855,355.90350275026674,47.96313443623659,787.5197785468703,1687.638436493143,1991.9455695106346,86298.42352300572,326.7374463495889,0.7016401327569849,0.00240044712157281,7.704645205788582e-05,0.6790189427789622,84.3976106794147,6183.632450693433,0.1832967292188962,0.06367218399054922,0.19872558132547158,0.13857719565624121,
592,0.41991971522298754,0.0033931882090238084,0.00037768908968603346,0.005137994562949526,0.02361554106102142,58.41717422384102,74.55213071880691,242.088145436149,124.87667792150938,0.26543322511705936,128.1967874565514,40.496599327096845,745.0000533832734,947.4179580474852,1046.3997891309502,40378.03482834376,335.08659649585235,0.5080048359250047,0.0006025665922395643,6.832224774617893e-05,0.8085581429453539,660.1871084887754,6011.97209243973,0.36895684081157515,0.04017871548205673,0.16733368047251168,0.0036110480108687937,
593,0.39167458431445656,0.005666403121111343,0.0006434170966522503,0.004044950543089448,0.058946763402409896,67.45899835457257,31.52560663668667,10.309692847758756,84.2798181398988,0.41255681935799005,233.71374327911326,34.3982209999093,1895.7301349196787,1105.9800816226464,843.0749445838957,15894.959676834449,367.33040041678373,0.6115500113989388,0.0025386716819924735,4.9851503217257165e-05,0.6743945732228454,103.1911948832336,8273.090725959162,0.17497802862358172,0.17061217479279037,0.1640328453188609,0.09870236695031048,
594,0.6355307438210983,0.008610734544703263,0.0005788516183234443,0.004467229254402124,0.06774370075471499,92.1090051635372,80.36400175591864,32.29989217248434,75.11460716187952,0.3022468979233024,358.55775367026257,52.07871483458088,1864.6847189163868,681.9748642858451,482.84496663217277,13814.069105635532,334.67825439595646,0.8445604330351362,0.001105363305475155,6.443686477837335e-05,0.5658874106474487,79.57681752796759,7416.967262906705,0.1344350550985343,0.07507751537470467,0.08082797053176773,0.07412871517389502,
595,0.6325613364179754,0.0002704195950437819,0.00011530843005636862,0.006405865280680135,0.052762194202120416,2.273565434247809,83.82784763214141,336.94156782648787,89.17588603163624,0.388809792102509,40.42367633628916,11.237399219475439,1092.9388186377626,589.4302578806361,91.40148045414972,1061.592309206604,296.7955309975325,0.5738944384740683,0.002503760146282563,9.2659262390124e-05,0.5754928277763224,97.94096886551434,3564.3725702455836,0.0654862364741933,0.13713804929712403,0.13103079549308297,0.033783582317624315,
596,0.4503230831244894,0.0097466783327361,0.0007417910180512405,0.003238975650580243,0.05106881591261421,355.3303480739406,66.91794830563288,315.59616031405034,27.594172380610907,0.4772581255417568,390.4059991936815,47.03686145731287,321.45390406261816,1564.1095892425728,1988.5134109283028,71204.08950851244,327.1434104325838,0.6658619695470516,0.0014165202672944896,8.3350365831366e-05,0.64358795437717,151.81372018740205,5141.43805613717,0.14821655139420753,0.17516848123097004,0.015218847417454318,0.21107303683287876,
597,0.4609785247078083,0.00853341934469682,0.0008823668569916768,0.0011919298270932665,0.035829674604760775,174.38341773557667,36.913653427689894,111.90033565745446,59.32064544229826,0.5045954655204385,338.72133433822717,88.44228775166854,1476.4793102962067,1794.6348040087437,1581.686383882024,43757.25587508043,332.91759516107277,0.8431990215878356,0.000994330326615152,9.92173792629692e-05,0.7389114961083642,116.5226911505348,6279.6402725698335,0.0061175673310436985,0.40704557522938734,0.07912344323989298,0.046734889491867694,
598,0.590675693879701,0.004338403053985096,0.0002726707502331235,0.007079615758535001,0.027192507941867422,146.41446734329924,60.27797311452843,102.74026119750263,40.03059706642067,0.31649254686198214,23.211178408448554,80.865134868439,332.4819529244251,729.1811837166251,1021.5285417462578,31312.073385996253,348.37712815321413,0.6343056914172706,0.002283603316899002,4.934675100848745e-05,0.8213252492850435,131.5263325009944,10557.357262215835,0.14288717985371255,0.07731287813590011,0.1270275231058401,0.062096725024846235,
599,0.5629715157359425,0.009575454723055354,0.0004539528851015779,0.0038786824224505867,0.022263325215812618,299.8719344981242,97.43208056404255,211.53779983511015,99.85716874734912,0.3307132130403169,193.48257051826653,77.32477478382309,1565.2389340873938,1666.452164788744,1814.0759409183509,30550.36468189923,301.38710326784184,0.6591386731411313,0.0016118166409808642,6.389378013059777e-05,0.7334556433539832,155.10862552803985,7566.448229859901,0.008824954938998139,0.08232479832999018,0.09020205246634441,0.2556766785287247,
600,0.31167823846215365,0.008800033292839854,0.0007846031435212122,0.000690824021591946,0.06262455071519014,298.3371952671057,52.865800862633954,280.8872672222094,108.72005313243373,0.9880670329542827,384.9621162318268,69.11941009893766,380.89112462229826,564.1740172782852,609.3771424252769,15586.731222568103,303.3684112267053,0.7741719811885883,0.0009330971674616291,9.373774846057378e-05,0.538469800068786,130.32037003189316,4447.17564455701,0.14272244925565092,0.066482466014826,0.33679260877310246,0.14232423749426693,
601,0.4249815900484103,0.008775922245805926,0.0006405989763531864,0.009277040382563717,0.03982879612988206,58.361917264465056,14.373278503275152,209.69392811076412,115.52714290390963,0.9401394767750881,227.0447359827203,63.758193628903854,941.2347344434501,1692.6059288914637,523.8352865495677,33494.82416911413,347.26515808833096,0.6469780887378382,0.002311782158012284,4.969504992120068e-05,0.7480224060752114,114.22715524660126,9738.477119612611,0.019937384933509383,0.4765873257549752,0.04008465009813954,0.03840904916496568,
602,0.4463532820528333,0.008767002273311092,0.0002449047276975732,0.00213245151803209,0.02076887776357655,315.5990334235296,44.46051690310338,71.68511577105086,144.54906361332365,0.554966166336121,31.330253962015792,81.43795514595239,132.465490505064,917.2746201691,1856.6066538550913,59970.85938013026,308.7759082697392,0.5379440352895803,0.0011326491401344437,8.08983980250032e-05,0.7584025386108325,309.38479022291466,5043.092718202894,0.011439138679743019,0.14088268592168987,0.29703620902536204,0.10428868432037168,
603,0.4758987059157722,0.006979542116829672,0.0009115301934104954,0.004039479005073165,0.03940256403748033,274.29326773478385,47.57095505857136,90.8198241164521,96.5363899883969,0.15970251326609275,154.65044640480806,76.53178674402254,872.3194416407099,1740.9681076518696,1147.4172878146383,466.0150542740519,338.75111046106946,0.504735295243041,0.00131114066159533,4.8792437526312275e-05,0.7320581881661365,276.52455075710037,7572.804813038144,0.23185347417751492,0.19648807262501078,0.04426802293473338,0.051491724346968686,
604,0.43143753999447093,0.0008440273550469952,0.0002542128839471022,0.0018303754154418929,0.06022555842280629,249.1148555803376,96.70793844577855,149.6103703945978,71.38629273983236,0.40014869659570107,270.1898872414951,57.96998165928876,560.2812853472567,1074.5506274634288,870.6491386822787,16474.04165006258,327.9767522657156,0.7901262798320947,0.0019967027971138328,5.660636868569464e-05,0.5951785255014317,62.55930100943944,8307.655218117563,0.04325689099786967,0.26918849014329604,0.19622575009105997,0.059891328773303415,
605,0.3852834200461739,0.0024880710577674433,0.0008955611209011796,0.004572029893522008,0.039179904846979634,244.30259196959548,92.99262445505195,17.559818285288763,103.61488184137698,0.7391604279369908,303.2673859229295,41.389786213793315,359.27188322300987,1751.4590028036823,739.6721885845919,53860.98809854856,291.4545057458832,0.5977330454751189,0.001443980010854785,5.227313052816695e-05,0.6309145842338856,175.76149701328515,7214.385135506312,0.002439684286707019,0.312175962113737,0.11280369764542737,0.18729723590795466,
606,0.610538697233586,0.007395166759991062,0.0008737512917099639,0.004252818462006529,0.062165422354136204,361.94729910408955,38.04693564027559,352.00623616621107,95.45651566225574,0.7564496319836252,239.7677828478297,12.520042829237948,1740.378121687574,1781.8799774343358,1870.0650691735532,74150.0327434773,310.5291768059465,0.7357532261327022,0.0020827033900699945,5.1112942014301655e-05,0.5535370000560075,70.23101185621368,7967.974793176062,0.202344041424596,0.04873748230585958,0.009948170149791857,0.1284316088861666,
607,0.5208243881746342,0.006020562728090732,0.0006777276023502282,0.0020984794202130275,0.0672735399109104,186.4779717353363,72.79379292504834,110.61657311752789,64.22054579336867,0.9772280917179752,386.620851037312,25.384662796865747,158.95497564629167,1404.4661722759813,738.8163174175419,2948.3403575204843,314.57585607510487,0.7601562149839243,0.0012807804122362961,7.319961513195694e-05,0.5343145729004571,100.05776816178408,5548.697798677962,0.09199243839263734,0.14945938284109864,0.15885692026410528,0.07886687032752453,
608,0.6579159918336968,0.008665284846195217,0.0008747982818032478,0.008534399633264043,0.027967000434405587,205.73900458965352,80.68900470754686,322.2724562855556,27.604688238443295,0.2837861044895752,181.90958518481503,55.717684735594744,1891.2239631020677,1483.6725271266505,500.67325209226686,85594.20801672265,306.3282319740826,0.7614908550831029,0.001743414419235484,8.888496606930346e-05,0.7184697201205696,98.29080034211506,6155.238008409103,0.1842561688730938,0.010750719265245831,0.015020095092584005,0.1320570249353796,
609,0.5949842673019811,0.008621109854090902,0.0009341290135594242,0.0010698991748742232,0.038678476188550456,109.00660760289982,92.79066415031696,236.89559392836364,97.4374034406155,0.681429166741907,265.52358238429,82.56485224198819,687.672118586172,685.125599778651,1055.5544672222711,86579.49438533004,300.7930526748331,0.8564835969092943,0.0019071307152189573,9.721122130357704e-05,0.6536067475987738,49.18555854752788,5758.630028928401,0.14235638496977251,0.05145285817704076,8.673200829524395e-05,0.21111975754291046,
610,0.3891190804501697,0.004381874779767461,0.000608946648042428,0.0028823213876197225,0.04007145691417395,140.56778632823188,35.35297092426261,34.637603152767994,124.71823758645998,0.8743859082498889,274.32606105179445,27.728783339475648,1343.8253655885217,1784.7883146634692,371.89922424046574,30382.670463911363,359.5947627666138,0.7827284532090173,0.0026125094563391104,5.1144446901215954e-05,0.7731441150391375,64.29918075867602,11832.406721321899,0.15484095208123666,0.1536286808552957,0.05831146417407775,0.24409982243922027,
611,0.3094724642637602,0.0058903593970698,0.00035900906310624243,0.00953573521378614,0.019990784648399255,338.478910987085,19.266074578776404,79.94465730243408,59.36968344138784,0.551739222150783,178.5635997749863,98.10254325220254,1520.5787632255212,984.8930686962121,100.03177873844129,19445.28454387921,309.6715391309731,0.6560161942228093,0.0024830604917771893,5.934216275981611e-05,0.7642089234233173,105.8675351480848,8448.182644848863,0.0233649802134676,0.0061638031766823136,0.2683350319196454,0.39266372042644443,
612,0.49841383934091266,0.005567520693107407,0.0004980005979084701,0.0033912413137037853,0.03884816364507698,8.135220762972606,87.31860430065096,221.483709127552,66.68335204309557,0.9053973381761189,332.2569835861935,72.53634961715574,1403.3632785269867,1549.0893002948524,1699.8406887822775,83560.91319557822,292.1633332111581,0.7740119439218265,0.002180488942970534,8.172830578451613e-05,0.634041042476075,65.7126481309945,6004.716910528498,0.017929463296103437,0.09317344750189901,0.05575961097035392,0.334723638890731,
613,0.4191003647060209,0.0002942880638910705,0.0004960850188370607,0.0018739552603797055,0.07412891915520876,89.12915534279134,15.389960371964197,11.558563642053935,26.28069889426841,0.5008529257484735,147.16402527790737,84.0091471081539,574.7732601810121,473.50241193647065,1154.6795449728907,83430.83125719344,362.178881128688,0.6816995465832769,0.0027129504681777756,0.00010660906540347541,0.5749774611757296,67.45998083760011,3676.6279968375065,0.10795767185359438,0.31494843758092594,0.07274132599238961,0.0852521998670691,|NEE| >30
614,0.5329605618085066,0.009205346149136043,0.00038578191614088453,0.004600031547111712,0.04488103089166816,76.68930561850927,21.773122821164687,250.06367241763758,135.0131418738484,0.8049183382940552,334.7323523478992,20.629342667546545,462.7163551012289,1612.0606830317179,1239.850118219859,10171.183846301294,310.99042946385674,0.7840852363638948,0.0016268294344142311,8.071485917023965e-05,0.6438863120331973,85.45736752127891,6254.879911234157,0.009942630640923452,0.13166841716877695,0.11952101645084134,0.20590737393095163,
615,0.5386729092928534,0.0031261472366434675,0.0002493676264355339,0.008218340893615578,0.03424819422159449,126.82221242798133,64.36039958635178,19.18736673602947,136.1506953148292,0.7815872876684982,172.5297270240232,37.27515067875926,670.811239465652,1644.356803448701,1105.0348913139887,71979.18300746763,364.2929678850033,0.7070482912586548,0.0016256917706039145,9.411340897807928e-05,0.8178965865158009,147.38599710356462,6144.6332696011295,0.11816672584298653,0.1864606037025309,0.03157687176423634,0.12512288939739283,
616,0.681962778830658,0.004269332831112894,0.0008361807086496378,0.009116800224919612,0.07481437578152768,65.22654241318102,18.457521019581037,281.7546007465502,135.48009950921033,0.47210891514815045,109.09441586265395,28.20644502537117,1096.5359813208438,915.3118886634807,1270.8451716822938,97562.21469034873,301.7166885147885,0.617271250149009,0.0007683712352329171,9.27881733608302e-05,0.4756847589323124,236.940458936033,3164.4822307379377,0.06461604178652693,0.08928454406824587,0.14807689966856138,0.016059735646007788,|NEE| >30
617,0.47114438631364686,0.008032183302047122,0.00045639709818882636,0.00044013309861677864,0.02388439576623625,38.19630113977085,87.99100662206604,307.65055434607035,80.63490727481262,0.5104031607545588,345.8375422167707,62.23648448052618,1264.6646753174973,1520.1407956174276,679.0770603101662,93666.48489447954,352.70031724306676,0.884442424447214,0.002437477521673008,9.28713406813719e-05,0.8496060322414648,40.27869483426424,8091.060314921673,0.08217248915651092,0.008371889222711083,0.43623670340939225,0.0020745318977389644,
618,0.6591493755970277,0.009071126320894263,0.00029059596044357736,0.005327134258089384,0.051988204385613135,162.47072425111998,34.17511805308629,273.43245659318967,29.015486904350283,0.6285105932904645,184.2820512997147,63.84822243176784,1047.8804357914278,1344.5531446299135,1250.1403711348441,78133.03504641676,292.10514740935156,0.865085689177975,0.0010052223705834958,8.487254149038234e-05,0.5701730843020405,76.52486750093534,5811.639040408101,0.012168413898689341,0.04572299099292892,0.035749696007559034,0.24720952350379505,
619,0.5951102052155259,0.005769169468456599,0.00040366437230791185,0.007231191487007084,0.07221647344185987,278.80481618933663,58.93334531775093,121.51706559883664,45.74785316097267,0.6148321425623602,154.99372187239192,11.408266664915601,1767.076364570836,370.6038502171942,684.1211169890844,16112.72625667232,309.54588784624934,0.5344317908041795,0.0018490040149433866,6.849902052259866e-05,0.5009268825669496,126.13040846311007,3908.2493277971553,0.05175207799025253,0.08907806201856662,0.0469861337109389,0.217073521064716,
620,0.6036066611895645,0.007361911026546063,0.00015961735820007607,0.00926420734969472,0.07218612387443865,265.73289070355384,72.00969776645157,34.3056411224036,90.0444559121008,0.8760760954988006,315.8832106414297,35.585479179014136,828.7154091677204,1766.274197467213,1291.9184741180118,90766.07941350207,350.8035814039348,0.8032185751349097,0.0012225594646938652,8.185498873846864e-05,0.5678642657890609,91.40262095956312,5572.282562941249,0.0597655275316949,0.14090409883220748,0.18101620404067875,0.014707508405854417,
621,0.5535279335466021,0.0049026525852194965,0.0005224630165260253,0.002638875752164729,0.04111143893143014,47.05731624306199,82.64720877265378,139.00942746854253,139.50288921058777,0.5656201974096735,352.2956827832461,81.21337928941507,1592.541701481651,1231.360636543159,666.4128106485521,38596.610033559045,294.6741999649206,0.7547451674644365,0.000918374449627057,6.903525604386125e-05,0.6285087394569687,167.84526802248655,6871.328665934501,0.3104461352933806,0.01028125603253779,0.0939314482241612,0.03181322690331823,
622,0.32908372745189446,0.004622142555733222,0.0005280725359116034,0.00294146110897057,0.055849012702108,53.22486260702999,96.26498678232784,80.81146167375242,104.82857538448403,0.8104828372044771,168.08833481176308,40.2320121007411,1726.1212598945574,1871.3139784461753,1312.713118690842,85448.90016319005,310.13512191918784,0.5853366260066705,0.0011509590026741955,5.242631811022836e-05,0.5853834313532454,210.89983931724933,6535.770105161474,0.11916260528117402,0.13621372249005706,0.03397253218002586,0.38156741259684845,
623,0.3355922763814595,0.003032326862252352,0.0007231927445709573,0.005008809494068339,0.026081121678634876,147.66395420793035,51.270360907054105,152.1622459204322,102.45872650931005,0.8120142957427736,261.777226296883,15.179592172574363,605.476175228633,704.1101575797369,415.2064433950452,7796.991020390263,332.7038922583115,0.5414992786101409,0.0005558131704101988,5.4334533601349276e-05,0.7901447672380434,651.8052559166517,7874.601898604558,0.05591678146710729,0.24202144825742397,0.0979338429421884,0.26853565095182075,
624,0.647351212367201,0.007232582051096109,0.000526631110555093,0.0072402872999850565,0.01994220387739384,100.18041977507832,12.303141306108234,131.29879594986457,60.061171186826,0.1807546084166226,370.9215363767232,41.63583670455469,1409.19365227446,796.6072769320162,96.671295143776,79233.758791444,302.394184322906,0.51133536524097,0.0019015583067143714,4.98455188822256e-05,0.7464690226170118,191.82846563687508,7657.5792344103465,0.07371629385440481,0.04419810488807577,0.13385675700940258,0.10087763188091592,
625,0.567315150775789,0.006878873553718319,0.0008506238388767362,0.0007740545895527861,0.025366451279715423,343.47542631328633,72.62145154418326,16.936333663105742,63.37368014298626,0.6541123253362224,302.5593023403825,92.98025614562275,1729.1850220079234,1083.2266213752555,288.58247216472864,7201.712191113463,340.04928550892447,0.7044877898727937,0.001146489507607779,0.00010890865152143268,0.8113617113058909,209.13169368718022,5248.38395113916,0.24277012893394015,0.0938537418213904,0.05676650264904964,0.03929447581983087,
626,0.6818430281567616,0.009989677902799298,0.00029713034683867627,0.0011695636686668656,0.032109981070205545,158.74356687941335,55.00441183963357,3.7025752209450657,93.96763313779326,0.594555185974448,69.84205348077458,12.925907398103764,1532.8568834941686,88.71048148215935,1605.8669570379793,48832.60425488617,320.5134363489789,0.5922040208702486,0.0013551531178503163,6.611007933374957e-05,0.7306452239990313,219.8675416028317,6545.008625651105,0.16251563516959017,0.058327542759939316,0.09094166249362286,0.006372131420086109,
627,0.33453307445190084,0.002602137694750675,0.00029963118945955646,0.004228462572342496,0.019283754313885654,334.78822548091426,14.32780462883483,181.11430533404413,138.23207659197683,0.8910805043153625,43.394452025467515,86.2656612093309,1794.7606079356328,979.5160683277461,1719.155043909651,36467.688301348186,322.075085360019,0.7477657840901546,0.0026857815947699277,6.888670089876273e-05,0.7982073655824565,74.96335866744268,8664.548436838013,0.11192362180186997,0.08122719687525866,0.3105950079546195,0.16172109891635106,
628,0.3803845173377991,0.007189132463116478,0.000743346721812059,0.009388235857355539,0.07121014630468009,198.6471050015661,48.9110390980105,245.7009000760479,88.99260303011556,0.48010640060572374,292.04602551837013,84.56909748284113,1426.283627478187,624.9311930507536,1305.1819340009115,36479.516928539546,365.4954772773164,0.7409837111169769,0.0015735996961534278,7.422016723834565e-05,0.5974042700432178,98.33341819251253,5964.239229375511,0.16714052188640396,0.09838989534017646,0.3387598760508584,0.015325189384762022,
629,0.6990134673516253,0.008568711186891939,0.0005929045098409697,0.0007127242298383929,0.05480592342685936,55.7592021223972,41.603474513909646,53.16192105288821,45.536801162838856,0.4419047627820866,137.22386104893266,21.855729943079055,1678.0744092617774,1951.2079816778642,165.8509946859572,9842.468837225566,364.38744792509567,0.620639260998806,0.0024975991657128316,8.513711902108164e-05,0.6941247677668146,105.43072262113631,5060.085281968359,0.08234020210902139,0.020641776633496502,0.03989067955905533,0.1581138743468015,
630,0.40574044821640043,0.004339537455466175,0.00017746086075248974,0.004689861673880858,0.05962925713461513,2.694759234951665,78.91113316717244,203.54277069909537,121.1703946449831,0.5471005261748296,59.124321361885634,83.0970288786935,474.67558897941143,470.05126224576867,926.2961735675847,73837.88258613819,346.88501051811306,0.6512058731518884,0.0020763856562264578,6.877382661047335e-05,0.6329248458262811,106.31958870379351,5993.041207380781,0.1036736167355375,0.4089138633636091,0.02779200843426662,0.05388006325018636,
631,0.6708059443670622,0.0037446480362430495,0.00038922479864096036,0.00032510239413626943,0.043194127340970084,316.43964346248794,39.12395283514603,161.4670853684382,141.70840797174776,0.5353705204129864,37.05583750587954,41.68926844263139,1936.4644964967795,839.9264836230875,198.705402607629,38947.82975633133,343.405972202073,0.6367906000710019,0.001445178397694022,9.568139460080369e-05,0.7206161274248001,181.10881787241843,4795.93319179971,0.23822744565517728,0.042965646207691686,0.032819753811901754,0.015181209958167073,
632,0.5151525244096803,0.007186132344152496,0.0003849943928526199,0.004408541464712905,0.07194104024919243,206.76330107426278,99.66123338368307,99.5345412021402,90.83582202551081,0.3749711189070266,372.95372460946527,35.70175104203822,1980.995683222213,1486.8143880396594,86.89920095449834,37329.56811842437,310.3699639265011,0.7011169088640076,0.0014182826354897132,9.245906075601326e-05,0.5036384861564606,106.13471799682515,3819.089829722294,0.134796461770468,0.1606541731915323,0.14177746219480045,0.04761937843351896,
633,0.5746320169493342,0.0053042579672275166,0.00020038290545688022,0.001718664459617934,0.03755210803965035,176.85046232946107,23.344878585170633,26.512423908293123,34.7562888970678,0.9727202046248924,352.40420028255403,85.47830387761289,666.5782665914957,1007.6956961626646,1791.3311966215267,49924.79167879629,327.004512243509,0.8394698608570721,0.0017839910298188763,7.302510906270476e-05,0.7165980095970517,64.48215056431037,8237.747798368173,0.11770272708291081,0.014832169326415423,0.13392795728478393,0.15890512935655565,
634,0.43738014957338894,0.004641195260123441,0.0009066910769751511,0.00012924515602044006,0.07626592961296765,68.4069265632258,88.30061018050154,211.54163709803336,58.25876455148389,0.7458624688113835,64.04280563102733,15.233421731094957,99.8545944319144,1975.488723594132,1715.9101540047095,35685.139498961275,295.99571466662786,0.6660231886839363,0.0014396990683959278,7.069666485171257e-05,0.4598247740527874,106.66868873742044,4331.943563290867,0.08999560471693263,0.0008838055474351719,0.42537510162648284,0.04636533853576051,
635,0.5855701711481405,0.0020000900264362056,0.0004093426983218589,5.497845421368689e-05,0.03379242892124336,76.80460072583531,39.60928882978608,65.02266104703195,131.39124810309863,0.7125649335705254,376.40519426966637,68.78683556113673,1865.4670706393192,95.74087498819357,373.72649819927085,93817.38135196689,365.0744592353534,0.6328803514013028,0.0013008122442206794,4.692041788820661e-05,0.8223406783203269,232.08377857347148,11092.042247086785,0.004011472618582863,0.011886835415823794,0.053637331591868016,0.34489418922558485,
636,0.4075238751345464,0.0076520734172634,0.0006426449774416098,0.007632948325046945,0.04588616370311657,121.52505473874491,83.79525979236737,127.91071248747204,118.6377978431805,0.28625517114373716,67.4785881796564,55.50343224430469,1582.6532463772332,1843.5750045280636,1180.498774320525,96605.91751184054,337.90345841061753,0.5847946001174474,0.001699951608812116,9.95390141228021e-05,0.6939597744535103,169.49649870075885,4077.0338381939996,0.011390621489466186,0.0379739391139777,0.46850857029451687,0.0746029939674928,
637,0.6382928548759885,0.009203918228764351,0.0008139594744227116,0.005009817803876517,0.03457405245615797,353.12546015549304,76.31984096129919,166.42279046590102,142.13923461413805,0.47416198720319996,369.5263515250605,65.23570439942205,1335.0972977065328,384.1100231641611,900.8267766423164,89362.59127998484,338.35967202583987,0.5874314872340402,0.0016189092751370474,4.689149853574393e-05,0.7578873087215324,193.14265759393393,9494.404803009795,0.012429895173747343,0.046694314347644116,0.044750016736563696,0.2578329188660563,
638,0.6418030461845923,0.009426934376758785,0.000540233222049899,0.0068252289167893354,0.031145570610465,168.3276794131081,92.00142493178753,29.173817366534372,83.9521477666102,0.6052029333944258,58.50429789048968,69.29646603394607,1858.6559683644346,405.35810879905745,1127.6873675657457,73900.0056634054,303.06679203286257,0.5288842718381437,0.000817641696562794,8.932835595652718e-05,0.695551870979435,400.7689768615564,4118.137414144777,0.023480667398577338,0.10759757109712162,0.20233374774568896,0.02478496757401976,
639,0.5265557010807335,0.00349195726208898,0.000578747418294181,0.0014183344721910873,0.05604659891253891,25.546488861267115,20.850529691611932,293.60958556135216,134.6867307782244,0.32196549596675894,94.70855549917417,22.509248270434853,79.05330029161267,1396.3949538181137,1354.7769178192748,46499.709362577305,346.7086979047444,0.6395085026321613,0.0012968103436208083,0.00010519276994976073,0.6532743483606024,181.59929799370386,3971.5134464813095,0.05797165738432599,0.11257237746219,0.09105965612385214,0.2118406079488984,
640,0.41392710358329365,0.00465002089572207,0.0008231310633057081,0.00928304260084567,0.03571328531736244,363.1508572338789,80.18761195220601,338.69291211804824,131.30439916877816,0.6590951108211914,70.06769973551492,43.79469676534661,808.6390955040715,724.0862459510398,816.8232384628724,73386.47387343716,309.1227192842485,0.6944095691872322,0.0006624345144372713,6.896039591869463e-05,0.6866839473745232,316.7770379365756,6914.69208828691,0.07922294653412199,0.15486407398516502,0.14199759350483515,0.20998828239258419,
641,0.5111955677993345,0.0007340551738735545,4.3650039057453564e-05,0.00687295195624338,0.026013144925853084,251.23752584058406,66.70487489548006,130.2211962906624,79.68539323590946,0.664388069423685,119.95842435301003,14.558758269039542,245.5073112923428,969.7655671227974,188.0826843731707,1538.28709592747,351.75211661744635,0.5373565135552769,0.0011522245210864204,7.448824630878005e-05,0.8357546225157992,335.57386194873595,6029.114825460194,0.05954531726274554,0.014800551317136385,0.014964690869679128,0.39949387275110443,
642,0.48204552592343386,0.0007225119955465422,0.0009185885116313834,0.0017402483519321902,0.024298218042405853,343.4475843868814,81.29355062054323,151.024491814546,56.34589354081358,0.15353808031484506,300.02013912377913,17.349979932692115,1116.7201744940205,721.9685801945725,1256.840222250767,16026.3323118485,324.0100128142284,0.6448723344454522,0.001971773300966498,9.042017278019376e-05,0.7784349412822517,140.20059169487382,5551.760656539617,0.019172230684684245,0.006507084207088908,0.12083512488939646,0.3714400342953965,
643,0.30639072994734184,0.004678736791633682,0.0005664469340771348,0.0013095560981649234,0.07584339310740557,272.37827341121977,10.418433957675594,17.394263068593318,105.2316005748589,0.1930868866289587,298.8299937029213,77.56586136475028,1040.174511305699,1757.5922051873117,493.1686209748599,62725.49906526727,341.0927680800575,0.8562438642486088,0.002188430082840736,7.496920044736042e-05,0.5321723425104867,34.95795461455505,6078.086737997976,0.0946514240998103,0.47280675320764914,0.03366966412042035,0.09248142862477837,
644,0.5407437255166854,0.00033620241704906257,0.0007213581305034173,0.008917406904444126,0.07502865502055345,127.17348122777722,46.52525961240907,326.6439791797102,84.83798793429895,0.9189857386527347,263.7141789932195,39.58941663049938,1900.6702951931602,1574.942246807884,1302.7355717976277,5492.302225735797,367.725418190562,0.8931706182143402,0.0015221130233814082,0.00010457745819401991,0.5784962965705499,40.60171667845965,4940.796073700812,0.07386852606528391,0.12898493866514074,0.161326870556314,0.09507593919657602,
645,0.6559384866173331,0.000548752896220715,0.0004069600947547973,0.007625381692315035,0.0664956211112791,283.51772850860345,32.52661906255432,322.6365807699037,128.9341787567558,0.6873167750190072,123.88132334814316,21.141159073662568,1532.403662772723,1406.1339135407338,1307.5693698787418,11946.140133070596,336.433775770035,0.5714339380007364,0.0008105263265114268,7.818412854500592e-05,0.5757249067961236,304.41473401916613,4207.871300966624,0.06821113113977793,0.08297643295816232,0.03343354808518789,0.15944040119953878,
646,0.44636206077267143,0.007672493089371506,0.00029648992462010903,0.004008064126169724,0.06482013747917306,303.4648851949034,15.918814724103063,310.27447025081864,131.4638502904707,0.2728990634562665,141.12478441061117,33.92430362930823,1187.6322075764474,967.7223115537419,541.0085806212745,19561.367626505016,299.68526110684803,0.5581329207086484,0.0015318830113483343,0.0001106606046399914,0.5210828139595279,150.30478134916729,2628.1572727030707,0.013881155575945046,0.3013292200465978,0.23422550495824435,0.004202058646541425,
647,0.5938072036229981,0.0035451714522875184,0.0005952955178466639,0.002126880995702456,0.03347842509381324,135.87655406679505,97.16096788082741,134.70923206095878,23.398252216226908,0.9111123589846954,360.39080027193813,34.82710981438772,1151.1213295720522,1871.890758371757,1962.0368043238834,63473.992825334695,310.15017450963387,0.8270013455203,0.0006883389010311739,7.610494315853573e-05,0.7001940123778068,175.9781727207904,7608.722460451083,0.17081402553438305,0.08858624663659034,0.07263641437541633,0.07415610983061206,
648,0.6762147882400464,0.009448959681555508,0.0008765843278008747,0.0008302515063737159,0.06694771340092832,112.20625226764604,18.65099326723859,90.67114016779884,35.24244591877418,0.7446150929396561,388.9894113133746,72.6492105311422,1042.0605093704803,856.1932618871876,1672.4142839058525,1007.2463156409999,302.4500298839763,0.5898151944387756,0.0015860894226106387,4.594612112532604e-05,0.5153307644980271,133.2717099187359,6615.355281757309,0.0726656436653398,0.0520796522555116,0.18998961100281161,0.00905030483629053,
649,0.4341849080581228,0.002072042586197875,0.00033784553050810584,0.0016486097142671106,0.06439966268692393,183.36829932856156,31.55512996692075,93.93741601981995,100.1252215747352,0.5907569565862144,171.7009596988441,41.45174097104338,1167.9875914991546,192.82719669972948,376.3520361829585,9371.133614325103,327.37212255085296,0.7279115658407969,0.0008756758468981509,9.47773832853466e-05,0.5714893261383251,177.57214206430046,4389.1662317603395,0.1868292915401641,0.010534392077263411,0.007700706193977343,0.36075070213047233,
650,0.5545199097287796,0.007509276014387822,0.0003745583952797794,0.00010015064311007975,0.0758653027648632,343.2883104615673,51.472839106261056,168.2980466364701,145.3864954448827,0.9327780919004153,273.1616129830144,85.89032728359116,729.6264310341941,1170.120790360538,1865.873209728912,16753.158422636334,323.16975549009226,0.5357854529399828,0.0018239853717857617,8.95784250718896e-05,0.5040962986974339,128.29534633019315,3015.095024345645,0.10655189797664168,0.13065706307331063,0.04365486872014557,0.16461626050112252,
651,0.6798960574182611,0.004105197407762122,0.000958721826821371,0.0041965947294893245,0.029014486907351304,285.8027467520957,68.1353832148836,242.1196132339441,24.213853188290678,0.464153958210333,377.27090188794045,83.98783555878094,1149.3371015690718,776.632197624426,219.75717481596655,80318.9106375907,306.91700707104985,0.6788160413791169,0.0006503127860822234,7.852178563357499e-05,0.7147822217408089,353.0248650247451,6179.248654309738,0.13278315374537142,0.025752326182134737,0.025918820895059473,0.1356496417591733,
652,0.693530255070145,0.0044563379623558,0.0006225425585243555,0.005872138757292435,0.05250633757800306,297.7393849916561,64.31538382836413,145.73099644324824,61.70189211619179,0.40379147359516526,351.2197583371951,45.664332550016844,1838.64400903866,1273.694366311359,899.006317509964,22159.035320495146,341.63467522190126,0.8410728878211386,0.0007883146273348462,0.00011313374877085547,0.66389633270288,133.84392891366218,4935.620111831042,0.07511658142562386,0.0707270297069393,0.06094741484755357,0.09967871894973829,
653,0.5000469502999502,0.001954862662349379,0.0007611486955109599,0.004516707841256271,0.03016189213493118,98.43731277168946,95.17939796252459,101.51592096156924,82.40566019729502,0.2307251135335776,317.264166359137,61.12653298649118,354.63849751755686,1939.172168706723,75.65459463155779,28015.418002744358,295.1527488848449,0.6455062894679638,0.002200750731782786,7.881192398889786e-05,0.6820153152565859,109.85802992287555,5586.022434544539,0.08270610567691723,0.11778670636615557,0.04191572456407547,0.25754451309290155,
654,0.5105795602664226,0.004306638090690925,0.00026706858915210826,0.005051107755837599,0.0683915423766346,198.60499379735006,99.29567899659561,102.87332383305218,65.59355990248544,0.7467197755275516,279.22512589535074,71.29787902979098,963.9475685709056,40.285785263972464,1765.8527288662406,24086.67449355548,290.24715770490286,0.6259932138315619,0.0007388241954150508,6.304123925485091e-05,0.4876931869624521,246.87951832655182,4842.744671249312,0.07887202202983132,0.12897915271088964,0.11363576716120145,0.167933497831655,
655,0.6453357675052882,0.009598325608373356,0.00022837583400849574,0.004858494967111964,0.07368240014255432,315.9149277351826,45.869309684581914,147.88213994785244,128.0566581364791,0.9759010995607387,72.16727538548301,90.991343883323,293.0813460385602,977.1005295634208,486.8129496418322,39465.99380162182,301.173908351999,0.7751892072294353,0.0012085195537957965,0.00010771664792532087,0.48028303796735566,89.34303973863597,3456.385197818067,0.14504348642366668,0.014208034922694221,0.12960783656986258,0.06580487457848827,
656,0.3413624863440162,0.0027072071365036553,0.0009665489191883548,0.0034532271549025393,0.02316888767832095,35.74080047803419,72.1174171490272,284.8091271920784,66.91002993903527,0.47295512160067116,372.4246179489574,31.41999512129218,1056.1474989400897,943.6565207592434,464.8226133221189,62155.934510017294,340.79990043687116,0.8195242018245961,0.0016472193607899926,0.00010751203222008054,0.8246723009564129,90.35432395408242,6286.169977930412,0.2276336487482332,0.126442944836616,0.3002020234454373,0.004358896625697204,
657,0.47507481492584025,0.008040082145723422,0.00013705917327090368,0.004875717146697125,0.06939147489967869,268.7922314325642,66.43147563249315,192.89514857873482,82.87724797681754,0.9307310408661326,154.02650921615773,69.90602055461704,941.6442710478055,163.92228602502396,876.1351776327306,24089.27154984691,304.0160264522671,0.5858727021757775,0.000658632677977839,9.618891981718258e-05,0.5058794551261584,318.0809255006855,3081.238087643321,0.008714115904704155,0.09244258033421084,0.08686198006820049,0.33690650876704425,
658,0.42971297718791385,0.009116179320638925,0.0008464343595274247,0.0067642363732339115,0.02973874622428417,76.64590791516476,91.21849871504322,260.6880220032844,63.08354173844979,0.892745336663774,298.78639506098347,48.51645564569592,254.41213088123422,1941.3656324723554,1654.5059891453825,65098.14276193399,299.2960420322696,0.518449655846976,0.000576806472652436,9.446173539549824e-05,0.6936006952283016,579.056701558938,3806.801137315052,0.25257985458409715,0.18694781994014817,0.04152536149170724,0.08923398679613369,
659,0.6676694166893357,0.006464517510128832,0.0007457391718423062,0.003358296663227736,0.06444450018710378,212.44436952702887,96.37478004402062,312.25850935177226,104.97800928766738,0.6187779267600727,258.87839393640684,80.60930222575384,800.8629522514715,1066.6659812760483,971.7707445534902,9902.7917196119,323.91863798387266,0.5211221266894935,0.0014753188895770396,0.00011239890097303673,0.5652214882719141,183.4668193875378,2620.5721005183113,0.1212409412954208,0.0398248914063652,0.15766713510956404,0.01359761549931429,
660,0.31269626601838013,0.00629005789731814,0.0003315302876410639,0.008297403766602226,0.03508958752045316,180.31821849748616,36.43645126976384,60.737868802498056,98.05936792367355,0.9594681361689076,46.716321887649706,52.63717617112926,865.2026265478356,1137.7978306763396,326.80644053388,46047.74652100713,348.34817281485203,0.7589546899969973,0.0015411084627804548,5.5856815753835374e-05,0.777348812281166,121.58539775890718,10562.22985292312,0.018605127691714813,0.3056597307631812,0.2087408986947616,0.15429797683196234,
661,0.3948693161885539,0.003961368845921488,0.00012403131062161361,0.002429809180755475,0.021774828441046182,260.88151010236317,24.344612938540067,123.14093992902015,109.3854714961382,0.9984331636024295,132.21957043309476,27.57154685228193,1480.1275069419496,1211.5897508399746,112.32680088741851,33209.29621373626,366.2968917276059,0.7728836417830283,0.0015084715643371939,6.538819715142285e-05,0.8941309347103339,134.62087483881442,10568.561348303643,0.06484499880746364,0.2409198480572139,0.05828878397237168,0.24107705297439694,
662,0.5593114268799702,0.008810190166683114,0.0002888249884347323,0.003595759078585489,0.0783409299736047,135.8759907897763,17.187268213892377,183.08862105683266,49.9265325242877,0.6698969353409558,231.57744238324642,84.82073716544502,1012.3418251570606,1450.9287562064428,1174.5977799680466,56566.708591562114,320.62723690860514,0.6404068726234828,0.0007941053473610582,9.760364716481328e-05,0.4875713217072089,220.7859410271426,3199.102025236385,0.05738694639720921,0.11812313526501515,0.04226472688020325,0.2229137645776022,
663,0.6534020548977229,0.003986842779710244,0.0004533117177170894,0.003758889805648849,0.06228843616811469,50.99928763999417,63.76694348847035,84.44598264984502,95.18466586008155,0.18087522030254705,71.58037537744508,76.84360549000739,1657.849196244664,955.2974412495093,1172.729402995946,52118.300687072806,315.29689252242855,0.7590541836781162,0.0014122481659398162,7.283101488091912e-05,0.5613943227776339,95.78034274883424,5850.923677148244,0.11196538572780701,0.17541295699733997,0.05426491049460407,0.004954691882526084,
664,0.6320619840120103,0.00564047932288727,0.0009876040008383327,0.00625493832797306,0.020290273421405852,80.15991852494324,64.3199443291646,75.77507758045734,124.19333784606621,0.29170947099119393,110.98939218928098,82.04135353462284,609.41156953897,689.4342200315784,1699.1288995368222,92927.63080526114,303.4039130012887,0.6354560141207239,0.002085768974082168,7.966058505800116e-05,0.7473840520896162,130.62537832179873,5961.915675267323,0.11831027137828225,0.0899489693075772,0.08918825205388056,0.07049052324824971,
665,0.6161834252759437,0.005798393628085189,0.0006459450257254985,0.007986972053177131,0.03162188965915295,32.42243941128981,42.4798566529097,288.7820058304602,50.2597462247335,0.6856732397291853,269.4916204469854,15.926542631152325,25.55977986848146,1717.4810262117614,1620.455114987017,84987.75371139344,307.4845134922297,0.7470859041756667,0.0023875552732365605,0.0001098829973656213,0.7033490533144074,74.50587295797823,4782.015198384939,0.16957946319237963,0.056258340187629846,0.09831654362725586,0.05966222771679086,
666,0.3738462675717684,0.00881003597452453,0.0009437915832297747,0.0065163838445724265,0.06427780607032096,257.67827508759007,26.88118666423511,149.36523942186233,35.12098913331568,0.2034608935870856,344.4607832111919,40.58345916515804,104.17484586527668,1367.0860811973942,339.70374560984885,24182.001955322736,301.07225814418575,0.7883624825079485,0.0014762078792649094,6.871759461217836e-05,0.5261821637265525,75.43645339106061,6036.623941626626,0.07075513366852687,0.41251689719206497,0.021200933186915426,0.12168076838072436,
667,0.31855736202405255,0.0033292618716256875,0.00026565741223397,0.002718377747101038,0.07130722698930497,291.4713604558753,75.18971246415363,16.393459744818458,126.17154696101676,0.6704412301569964,168.62534134519262,24.51881663108773,1628.5902482414785,344.9643076304358,1400.5565173026023,58631.051267413015,316.8995561296288,0.6646475236848617,0.0009474505045120754,6.457895408489066e-05,0.517476718871194,183.1621792193323,5325.877828714741,0.00585915382837445,0.14695116839014533,0.3351863576616969,0.19344595809573079,
668,0.570179072580659,0.009188460087988543,8.296322760296672e-05,0.001311471322627654,0.03369720708905216,94.3245621156828,21.49223505961336,327.5097217056753,73.60098584942254,0.16059038491470873,391.68972952002616,51.301118900309106,1471.3688793967513,33.67129754353912,825.0776008852312,7146.02948901325,307.67091615046775,0.6566799439490913,0.002497162614531007,0.00010311804697517338,0.6935106116759303,95.34665491426045,4416.438469912984,0.11247100710499336,0.06144178909853391,0.06715205494344671,0.18875607627236698,
669,0.35645930752894706,0.0013143063179857568,0.0003215897274988587,0.0037908992736551453,0.06507343606142833,22.11943563527496,31.2471595442457,127.4057547029881,110.08215790886766,0.49447731546209234,376.91117312012744,17.427956141718155,200.1963905609789,1923.5226914551727,748.852599354076,5740.9345714227165,337.3584965517508,0.7741655389103835,0.0018610790564648038,0.00010225899046138466,0.5851824423818083,71.00953667461815,4430.202946688398,0.21476377759006965,0.09951619150188097,0.1387792860736207,0.19048143730548167,
670,0.5131704918485905,0.004343637880635054,0.0009393615521035356,0.0027963538971038206,0.05961604403114128,104.72054149700276,61.29552023908714,21.183534759368825,41.780367952950414,0.14968506489650996,367.9196448922104,50.20480896344132,1051.4441272321167,1249.2171681999935,51.674810011573484,70436.14162772028,365.6452261057895,0.6722303639798988,0.0006396041144246399,4.6240641631698935e-05,0.6672348832229968,341.9292182175045,9700.028645398377,0.011494247785641338,0.34398887329034344,0.08464273246226485,0.04670365461315986,
671,0.3678494179409986,0.004380635676345014,0.00033223180958606415,0.008271666699277794,0.04485862944072684,222.347496054246,84.75844523042929,285.7176114232956,36.177028111783315,0.5584829299749969,146.33760656893205,57.768372090522185,1434.6866934416964,1514.372006646931,1313.7876071879102,86237.91974827895,344.4159330084906,0.7513263593922346,0.0015984526077646756,8.505175044423267e-05,0.7132199589623318,110.95668578958264,6300.410660735369,0.033511653719677965,0.25234824827542507,0.3272245826805373,0.019066097383361087,
672,0.5809414226444913,0.001597210751480262,0.00033897899123170764,0.008003312189239697,0.055604279722705166,232.70749622139067,15.054536907894,357.7111003310057,31.89145197909931,0.7462834678316694,389.68360541399426,14.075319347785014,742.4451240508236,1950.9048319474473,1963.5311163363372,20775.928524235365,312.63188195804173,0.6713816604688427,0.002282632125102462,5.0827123901721815e-05,0.5913718888941298,85.13664818638689,7811.503194397488,0.20272331576301506,0.09103142178368438,0.02309261370039353,0.10221122610841568,
673,0.37428359292098,0.006474722005560173,0.0009090474518532803,0.005499053666389535,0.06047197861293534,352.71430598146225,81.170516610955,181.82608176562758,72.40543152207621,0.3186732602759176,157.44083025814874,27.18999997499193,1554.3938004867066,1796.3688597114137,457.1460827712086,28958.560660978634,303.00716691611257,0.8028155034763874,0.0010668846620294093,0.000107414986978116,0.5486276223703628,101.3988347065248,4100.421861653717,0.035466882598097785,0.13601914136400384,0.24616615504654774,0.20806422807037067,
674,0.37092144824098106,0.008345807090098509,0.00043320297309348913,0.009757108073915655,0.03244148006171349,283.42465010582777,56.683256503228975,195.6301070608306,109.2249445960921,0.8440754940065516,134.90871687962465,15.102569405887252,1057.9596376732381,1708.5416604132377,233.39756645693427,94844.02810151037,354.33750763963343,0.6176489419037603,0.0016786461231118744,6.7476878510061e-05,0.80586549816045,183.55478362151868,7376.481888997485,0.0631743203190934,0.2781272473725638,0.05386622267571655,0.23391076139164518,
675,0.508674406424036,0.009163459056966316,0.0009989694250634924,0.005750641662882273,0.025997309712881948,31.623233033909827,85.15865076884032,296.7214566710624,111.9369991346294,0.15804618579140933,211.59022187437353,58.173468391379906,511.41392144472104,1244.7060128622684,267.17239306945925,76643.0546101919,297.7719109219557,0.5759675036506975,0.002359088581695425,9.879509219135955e-05,0.7075722584272885,127.18201148377794,4125.089802532663,0.09039965885330604,0.15137770146217408,0.1776018453172272,0.07194638794325663,
676,0.3734613864082401,0.0031262838697770955,0.0008292576120341776,0.009229315594477698,0.06367417148123042,103.65723303339315,73.67993976266939,251.8700298028047,79.52045910239347,0.17096861394688306,204.9713767930468,37.703071092898426,764.5313244787321,1285.3640244865467,175.56620126265256,26423.905017268728,291.20785164344096,0.7949307666226393,0.0006759780230058914,0.0001020930698462461,0.5118392399831124,155.27498969426264,3985.3514057329057,0.11259536330037684,0.2517928170239957,0.2340687721083135,0.0280816611590739,
677,0.6125330590920097,0.0012841823370165538,0.00031192642825690696,0.001979210840406338,0.04288743734528676,107.9183379156896,64.40284959334069,299.472616053382,97.739193114023,0.8995200145241178,177.36032416328501,79.09691073388674,379.2116241121227,238.26901515385467,1317.5896175406249,51837.47816599779,298.05266795569753,0.76854199476459,0.0005748542310272286,8.504028721634913e-05,0.6269598480544758,252.43769282879512,5666.078843727795,0.06016719417272588,0.27218390430090406,0.0027519918390944247,0.0523638505952659,
678,0.6369903927837197,0.0017223906404296727,0.0009705730954582458,0.008841465496376193,0.03817888806572775,142.9015374220614,75.9152621778273,290.8297819970167,55.7202721718749,0.4054572115196323,277.05215398491157,47.893398846157126,1829.9668039745302,280.2939979688761,1646.998500749392,6341.5271731134735,363.5242134398942,0.5198716482316191,0.0016189462171578887,9.939092873137616e-05,0.7928965508973469,235.1480920555189,4147.304407490089,0.02436833185547862,0.17660185970696696,0.06769909076879382,0.09434032488504088,
679,0.5216753379426793,0.00885927392008511,0.00029304594762801645,0.008020365450649712,0.074872748925364,311.0651160849586,44.46182180940772,40.96707909987054,122.15331885743987,0.9762536628624958,293.1335534135454,16.842881353007137,1513.108872670079,1028.82705384176,1269.7625160012021,58913.88729392835,342.08955808545386,0.6112492189559371,0.0008387683218026407,9.67883532807056e-05,0.5390176288613063,249.82288764317036,3404.0676742315663,0.18845015637902296,0.03159595471217597,0.16928436750039447,0.08899418346572732,
680,0.3603099925102278,0.008944338167855974,0.0002406576663246036,0.008861139668176022,0.07574507095822003,348.0943977599054,26.597647262289254,113.95075972782006,29.496824435659647,0.3421105238098709,134.4666436979665,76.48112225282416,1135.940931945594,305.05170446484595,385.96011848382216,70263.58318678678,341.4450304023609,0.8600760515729227,0.002530951476030598,5.818004583736884e-05,0.5332559031143639,29.48111498480058,7883.125993241686,0.12918155755005603,0.2251486735805912,0.16377856184227696,0.12158121451684803,
681,0.6374871683241223,0.0075274097918613106,0.0007090834813390786,0.007473621158071319,0.033818249055875285,299.88170502263404,52.936435953072596,105.78835932606259,31.554361336415212,0.48450702224739245,63.68705292911923,99.18576109885966,1272.8240099483721,1249.3105805098712,1094.6553731437552,26178.471180426273,343.69088647754495,0.8844326584262938,0.0006634404808173041,0.0001070694041656571,0.7740302435696373,134.83141311605377,6393.774499421626,0.2177286172052872,0.05783348496618968,0.06513648912743025,0.021814240376970613,
682,0.48513498738464034,0.00502475941560629,0.00023328138855491904,0.008769235161451406,0.06795413031620898,260.83338407050843,19.839749455518813,94.29474466308773,144.68697018235207,0.15698594775537256,286.35669012316833,33.4564661840378,1003.834695713971,1118.137439719493,567.9421915782467,71898.86931058936,291.9714792828999,0.6408360130633629,0.0021728546282437726,0.00010114805171261232,0.4926739134112732,81.43698372655987,3121.39661679155,0.021319194098822776,0.17361105466347265,0.285238521660719,0.03469624219234524,
683,0.35531675172867616,0.009135366549008506,0.0008303287609444465,0.009392898691150162,0.04118003771374357,333.4595902732498,55.28942832086542,361.10596782019775,98.0043307719013,0.6715831935118266,358.4442215115889,37.78178092197287,1581.0783914848087,1319.7003755805304,837.8082505333283,37372.86924532058,296.7570989739156,0.7050825511979306,0.001532389249676574,5.102275839614887e-05,0.6326152386559025,121.75057499071357,8742.098240456135,0.11396936899811938,0.0033872474472408367,0.2970648857452923,0.23026174608067138,
684,0.3433613611560773,0.004260605203353949,0.00010069298273920247,0.0031214578281627847,0.07354325660544733,45.40659103166709,91.20597561279634,285.56284042532775,44.788267821828555,0.4664864131697982,110.52814013675037,35.70727746366737,1714.8897658536275,1139.3597244657424,1796.794127669026,96462.65926962478,312.0464996219053,0.7511056018025674,0.0023830924996117667,9.859662596407012e-05,0.498317812144252,52.04519421084602,3796.1674298666467,0.17218229803129118,0.2307203088072018,0.154828868073247,0.09890716393218271,
685,0.589389671048069,0.0005414678124594025,0.00047791758738346073,0.006013765128216745,0.03031785107916219,160.6912335746566,50.671763315140005,26.11951786403297,149.12536504553032,0.2434587756391244,93.99592067976974,46.005950753337906,244.10546021124074,1724.9726896567893,1578.5172131940378,81832.57116900236,317.78265994801706,0.8517136007181478,0.001773975293463772,7.306371728964138e-05,0.7335184726374718,61.31472829125723,8550.72370663395,0.004748558458854223,0.0219408300980298,0.2842961727847815,0.09962476761026542,
686,0.37689229670242247,0.005032826720689408,0.00021357321846729354,0.001383724918691011,0.06507857390457794,223.56668503002984,97.22832615504112,278.91585972479345,66.30756268557798,0.6313544157699287,87.61835664073375,49.70758053918568,1028.213856666092,480.6873225831473,523.8354401994884,76939.7659400722,331.10291699865707,0.7619276675363023,0.0010878118425905758,5.386532234806105e-05,0.5743035378512092,125.68881625041377,8123.55214780534,0.12700897503629482,0.3817248377675029,0.0626063213046905,0.05176756918908936,
687,0.41047028414824704,0.0054765493364924344,0.0006872467028334518,0.000900809267597165,0.02310014911256167,319.54069736951953,58.06364961800464,151.8518577768298,115.24520803428577,0.6881041177882696,77.44560555877133,59.31422215050876,1057.8787477243782,1434.686130252056,857.4141569752427,70433.866425808,338.59013539917515,0.5444573773149582,0.0016788539945846908,7.039446224757983e-05,0.81968042209596,222.4132476377411,6339.718190916751,0.17842852349069208,0.3936400355218313,0.012807800602559379,0.004653356236670135,
688,0.40593812728046524,0.004906926716468177,0.00011871523267931451,0.004098927903300659,0.07959346363503075,182.22382415892974,24.087683050770963,1.1188913995864027,90.73413203581693,0.6549098817569476,105.58395327261411,81.72645145674205,1839.1523443066724,1128.1461285510718,904.5986650639054,39847.45880032346,333.0583488939763,0.8960646445066547,0.000750799484972564,7.349886653828081e-05,0.4999256316569085,69.20615861689721,6094.865193289697,0.17029472032196294,0.012397322144052602,0.23286686376497345,0.17850296648854586,
689,0.6802780620277867,0.00527948881092624,0.0009724660178838706,0.0065462723683444675,0.06975716359797296,83.64447612494571,52.7780101371421,96.35951048764677,118.14834606319268,0.7798669213375854,329.1998447854616,62.18378120258387,1991.9393792266524,762.8419601503476,1724.9569020370852,77775.76652642555,298.47362727778454,0.5875931271376399,0.002712322005771459,6.452899570540343e-05,0.4948835259046911,75.24673210451009,4506.348741003092,0.05317446167066079,0.11646909635733808,0.08732245614093756,0.0627559238032768,
690,0.3047209894657728,0.002650136993663627,0.00012674086894850592,0.004328924930047477,0.07987407272952261,246.78324490552959,54.017547055895186,74.03463618951736,81.11800900990178,0.18679733121991624,86.72113158465923,77.98685098082612,761.6704535443039,56.31413859355964,257.9697416453294,97419.97329327217,340.9274750169871,0.8571641350563743,0.0010384934338195854,0.00011185459297319717,0.5102403554914993,70.17918470386081,3910.0739751520887,0.0003950564100390921,0.12936054417959728,0.47127308513550525,0.09425032480908552,
691,0.49498158939576653,0.005222714870483369,0.00016753445505617351,0.009865787870951404,0.032059323510888915,153.960763820737,50.404449401607856,124.5888255583637,72.4970201518188,0.4855057110661367,27.568149431472783,98.10896346888758,775.8755882641011,571.3060215294847,252.58243427870661,55088.393872702276,356.1945871235771,0.5346722748813166,0.0007763583943013995,5.875765288154273e-05,0.8122736710611406,486.85434755786855,7391.381211363584,0.4126176347738745,0.02144275369370108,0.04180013347282822,0.029157888663829647,
692,0.47873895763024255,0.007468471481744241,0.00027065582852180635,0.00440215934054956,0.07635426024604176,147.188068696412,53.07551892877551,232.98509630254892,54.93258574754089,0.1973292151749536,118.31598756218885,77.31318910311845,948.9194824105401,1625.1789932663062,1533.591599141059,69345.30059767696,315.6067955872498,0.6000629485082027,0.0016752914763613796,5.458612421030898e-05,0.48984777918631783,116.93981569886606,5384.875862705496,0.22969988584855391,0.13573134921542754,0.00146774647978673,0.15436206082598922,
693,0.6162250010877428,0.004571546596602608,0.0006896584043688483,0.007785553901094096,0.07239318870923932,290.78899207665046,39.155365062622735,272.8459650830479,149.6049124151436,0.7152426437560413,32.412732292770656,35.451569078582594,305.47398542107567,1640.0031313813406,737.7957579970896,71129.08368861277,304.51206550709946,0.8563672465453865,0.002404819509654126,6.444185452701519e-05,0.4919140443454646,29.380570295895463,6537.041473822441,0.030832267901222718,0.17681293372413182,0.09645883554189129,0.07967096174501136,
694,0.49585510590114423,0.007990307096874776,0.0001942568017168334,0.004208249116628673,0.06060490838545371,353.87799208729416,83.449383489986,65.52503112113595,60.62044785144725,0.19856541183572068,389.6992836075174,81.48697886873063,805.2665877514731,747.7455337473838,895.3663640624105,96972.64870466753,310.5358183215403,0.8109612415441165,0.0022319107942156127,4.890125895309432e-05,0.5615744754328152,47.56433003122882,9312.953154300429,0.19883365670062547,0.009298321548592774,0.11729298387975107,0.17871993196988642,
695,0.5342863277048975,0.009896764927741077,0.00031672115149763123,0.0019510188311990132,0.06844326065833022,110.10462705608681,70.29554385023886,157.72806080528778,128.45642458153077,0.8440207170401619,367.1915527535764,47.20801388217136,448.1482204365675,1994.8683626509717,219.03155670366604,12199.052803533315,293.2251329732013,0.5915805509838662,0.0008192132803888168,6.170994878804362e-05,0.4924497600728035,245.51122948300204,4720.85467768507,0.2004826185096388,0.05704559919354504,0.09164319975440753,0.11654225483751114,
696,0.5341176827928876,0.0035922218455655564,0.00019315594177714323,0.004523501198813197,0.05115431247905494,290.19692545017654,53.31531737280684,156.8276922687441,105.37905815641612,0.3504646912133217,297.852619504137,17.760844273293216,1617.8013016116395,346.19877890560366,1524.407678218802,13369.765929564135,343.0702469860664,0.5647519506486274,0.0009633094117367121,7.084637848865777e-05,0.674431016861871,304.7253363610056,5376.227274788046,0.18887744432964318,0.07889131501509906,0.009115740013396469,0.18899781784897365,
697,0.36318415524570125,0.003489457947722064,8.791989932984972e-05,0.009544963781998098,0.039765881059578276,174.70808552496155,49.2363588145789,36.91861877401259,114.5221324505335,0.8691212694222329,172.56776416972733,55.03394649848447,555.6571399903315,1352.18653488242,577.506492404757,55730.70497612956,314.3393208684169,0.82250302448498,0.0010310879517876795,0.00010552060765506546,0.677424397825667,116.61544637939811,5280.329865924347,0.508549705236211,0.05685205520667063,0.048084686104227774,0.023329398207189253,
698,0.6946836311010643,0.005815742303534029,0.000985177392401556,0.0032551559198122208,0.032615488157343164,49.659162440198315,63.09806644199712,252.85848513568544,32.15355301754997,0.676104911426532,188.4012969599953,64.25301965882187,1260.1433400516053,447.4661757594608,651.1268521758891,13038.422620524803,355.95322309145075,0.6035791497071691,0.0007880397939970887,0.0001014630488804785,0.8085448695575087,406.7358617312133,4809.837968130586,0.1905565777324843,0.02418810387229093,0.07222531721594218,0.018346370078218203,
699,0.37519477312730537,0.005090140969282702,0.00038950120012252754,0.0006959197726073467,0.053104996001389765,310.70385795189117,97.4605622075363,170.08529203948567,67.93313457842143,0.16317726810727154,18.331467161994965,43.114463636180375,334.3379529126268,1629.384433511194,1353.411821369264,71518.09339727816,336.0284711572913,0.8842199375254625,0.0019974749825599283,5.5769501807568643e-05,0.649643114792152,37.65540047985652,10300.027358275707,0.061265115850624274,0.3703881869646266,0.07109374538555235,0.12205817867189152,
700,0.38261637357644795,0.00594061011554305,0.0009669228788949978,0.0020736198949929275,0.07719498244741581,30.5938387626458,38.85640017375004,71.4370872506617,136.57693536997994,0.4249592869807967,133.56324765710872,71.44215080110864,1891.5998239993085,313.1823480343367,1309.6806713241547,89230.1511056992,356.21616819818803,0.7890549463425622,0.0020309259685054554,5.8581535998269064e-05,0.5481320099648566,56.932521444139134,7382.97940368515,0.021519335185328486,0.3450087515425389,0.19953899047591628,0.05131654921976841,|NEE| >30
701,0.3120480501037779,0.00313090542793544,0.000660798006470008,0.005931639723466204,0.06877118970439913,126.97333983078722,80.18646501646913,176.9169142800896,39.16567841841196,0.8054823464065426,301.85890282672364,28.027931644005456,1203.8356586233433,1978.3412657510444,1673.305407583192,61829.45312859366,294.85934786866346,0.7556542233016704,0.0021942394848593113,7.120041295097941e-05,0.4936188316625283,54.96832850186173,5238.806060069274,0.025590633754480722,0.026720622964357444,0.26246055220987663,0.3731801409675073,
702,0.6445792039209802,0.0036130331489160543,0.0004574623289359058,0.007233629210090476,0.05911149005177797,195.90909061665243,94.13834961786324,67.25003577580884,74.15812787092335,0.7940579476856343,323.299110673518,83.2533758513677,490.77609072907575,1364.4184473951498,1655.3809764376338,86230.87789973122,336.0166570714762,0.636177999521884,0.0026951096026995914,6.82130104051186e-05,0.6159846722799869,83.1538633932661,5744.884945259939,0.2151778868999489,0.020710738742500612,0.010735214096822099,0.10879695633974819,
703,0.4120747238556417,0.00703896441441084,0.00061051912016442,0.008032555354641405,0.021565845217896014,184.54335435246495,28.410952878009372,185.9488898495081,148.81693470659107,0.7669992701850655,330.4574502853713,26.059037014891633,896.9729136955881,1124.7293999925887,1048.6388823868936,64850.66669265401,341.79768445522586,0.8468076160781779,0.0008226979036939338,0.00010782643694381551,0.8354078089038175,155.55906149542488,6560.818618902819,0.15772253779118023,0.031287626955931264,0.18724779449885778,0.211667316898389,
704,0.32429475379196393,0.005613237689116952,0.000603585587779409,0.005605905692562155,0.06279525430399607,274.96001948009945,83.6602601680859,114.8683721690075,106.45531322174807,0.3432577214256476,41.05417519679085,67.54838614154508,1130.3678512534332,202.4636075610293,887.634498736683,53556.550951964164,361.9044198865522,0.8007581209921877,0.002633042755280222,0.00011336478820063472,0.6413487151841686,48.530743701858576,4530.200251975182,0.5474699176933414,0.04890412464562263,0.03950612878111525,0.03982507508795677,
705,0.4320502676730914,0.00436788188125602,0.0009446488073101233,0.00012975888403879136,0.05366935464748594,200.14263991412236,88.08626417024995,5.2422606222253165,74.69520817307489,0.5933524760822962,313.28636855002304,41.71458844919202,1007.0735222228884,417.63824752106757,798.4177368803574,978.900417142834,300.17986929790874,0.8895652571982338,0.0005817226176651512,6.038807621637584e-05,0.577508976165757,109.63482132525198,8507.174811736562,0.0525700602133943,0.4281241078143202,0.03528403096811307,0.051971533331080975,
706,0.6875737421535935,0.002032439274815482,0.0009349306022777271,0.006104595201079974,0.07552049752259068,15.75915766620484,48.959054877589146,170.85930155454403,25.582376735323933,0.719917171257966,212.95550813009928,54.9348448571789,96.15546298359814,1004.0506005539842,399.88466723518934,6510.364551582739,304.9876898238098,0.6476617800751977,0.0016683023671364625,8.702766688356484e-05,0.47740826793174274,100.8265543548763,3552.882660234588,0.12336988906631131,0.04600202879342721,0.031155240339831254,0.11189909964683677,
707,0.5597477609185957,0.007782100559364497,0.00035506745322173237,0.00024882756616862985,0.04415908852415405,216.08260441547728,25.987924308451575,225.71182337597145,93.27327552292287,0.6198800191537153,390.7934328444974,51.998068975449776,1024.135640232079,223.26696116259865,1944.9188468690156,46905.094915958536,359.625312416445,0.8675917172911212,0.001832033707979585,6.979741495409404e-05,0.7488944814545393,54.12555008548829,9308.864084183057,0.29275179889793723,0.12133626430616623,0.021240161090848877,0.004924014786451963,
708,0.305339621042175,0.005748979415531931,0.000557178927191599,0.003449157234436334,0.04557454037287879,216.89816875827725,42.16779931109473,112.09730187064396,132.03600948796282,0.17851222613112896,80.1992078978971,95.237738571208,1547.2470074568107,729.0667179673688,1905.5441962172217,49482.44838690609,310.4742495941887,0.8928085787253885,0.001953580616786385,7.538070022917282e-05,0.6392375049261573,35.074455641245585,7571.1253212823685,0.21660139697635067,0.23276623100283209,0.16788932976803864,0.07740342121060349,
709,0.42394259853295174,0.0043982968847523065,0.0004407226950003351,0.00910120109733987,0.024729140472604588,289.8045785355496,46.454778038521106,354.50963424230866,38.78260445244652,0.2264558294378458,370.40619220832275,79.8323850405964,1597.8573861178738,1895.4983973024023,1167.7639780674813,54002.36432728414,343.7750218356847,0.7715062847383216,0.0027279911634119514,5.9326896681236865e-05,0.8236381170495364,68.9870758820205,10710.858298690078,0.1809367755533945,0.19573198041791826,0.1843640205323021,0.015024624963433384,
710,0.6446031229185598,0.00433906879108178,0.0007568932208321011,0.003626878096568752,0.026691640025312144,301.54868041764973,23.680955278026886,254.73326947221645,47.76527924335295,0.39599925003603714,91.61340478363687,21.17895790775154,503.253477674004,980.3687291889227,454.76396769193,6784.14341155986,326.25654838949265,0.7331552900255591,0.0012706099547213096,8.645149240719778e-05,0.7717289206518572,162.07316749332517,6544.677539823671,0.1841935158736147,0.07629321485751646,0.09372924846220305,0.0011808978881059431,
711,0.6270377940039529,0.00763026034301837,0.0002712668849808866,0.008842068125903497,0.04677177680974492,278.8742471840936,56.415711418391695,75.72672036675955,74.133170366276,0.5497541776404365,327.2384611900046,74.11158134151277,1869.1708492151524,1791.8495330672513,872.0606725376418,49186.6985535986,368.5029935419717,0.5832384356172585,0.0024241485548723136,0.00010824476267918252,0.751369367930882,129.17602453808368,4048.4868170625614,0.03139856175717049,0.039863576228208464,0.1239700735964655,0.17772999441420267,
712,0.4455586730660145,0.005829425559972241,0.000965363637345867,0.009127396883139962,0.056781504436326555,348.0069326131614,23.15356270896976,19.68897324896114,50.48871485665826,0.6458995006313961,53.30226023948294,67.26768223781389,1138.0350710133428,1006.2355827198934,1266.3350830883992,95128.54239466989,325.91252146536874,0.5206379904366472,0.0014849184953056674,0.00010607676314732743,0.610098153677699,196.9521410787137,2994.4378700423117,0.15133328705173446,0.17439659416691158,0.16623611961567442,0.062475326099665135,
713,0.32058143198477357,0.009341469383766605,0.0009591299252736575,0.005899420533571113,0.023223349124181007,196.3766635377871,65.1143874306212,248.04965262582306,51.081465100434585,0.33801736781996305,94.33580076686921,89.22335285601449,246.7487615081175,1198.5833246684867,61.23264488294568,17857.802936971526,315.65492609954356,0.508691336802406,0.0015177840295641687,8.651713755559488e-05,0.7635635702129849,247.16652016390418,4489.494038284243,0.1353091439398147,0.0167448440751936,0.0852123875995559,0.4421521924006624,
714,0.6377841243836336,0.002965302025377751,0.0007672914369659571,0.0007482600238406112,0.07287514408155787,162.62650798584352,61.81637748437042,131.59374715458628,147.8372666788664,0.6774910375655123,74.90810822035115,57.37699497259776,970.9222237891637,1867.7895995924007,1959.032726420538,35376.560210418604,357.8281969436336,0.5536011593426434,0.0023797707648814774,8.753011344003624e-05,0.5752670663165018,107.90894453434245,3638.3880053192,0.07812860657568657,0.02633147494821672,0.23590651108315414,0.02184928300930892,
715,0.6702073844382587,0.00576148600347719,0.000997434291471078,0.00718503479234945,0.06900610142584157,152.2847973754233,40.343605202922134,221.75577213804138,98.58674812581063,0.6513459415720292,214.45996502166085,18.71666928554884,1009.3178855209226,983.7160939365992,1720.1616555965932,80487.01824775837,349.9315037389938,0.6576249267231602,0.0023603833040728188,9.330001146941078e-05,0.5844758501357458,84.77858730549457,4119.676750982976,0.02315639302034615,0.15475418918861272,0.15086412194181872,0.001017911410963771,|NEE| >30
716,0.3409862712582816,0.0086841722425433,0.0007993899577270918,0.002256900466509671,0.06986852003051737,282.88290104866496,27.524255294902485,291.733005709658,28.87757470972218,0.6298716871072693,42.14821079818711,49.83344640906069,1880.698101288526,433.3121019700487,1206.3708331481919,67999.09327595877,349.0714205165732,0.8606047009427353,0.0019797991752852043,5.612618921397188e-05,0.5781459541122672,40.70656720049265,8864.936902150846,0.17859536416806898,0.1890781258001766,0.28450201082511956,0.006838227948353297,
717,0.3252592800798355,0.0022779008659783843,0.0006207006722007629,0.001867941766492894,0.07293743060358986,346.6430128374934,80.3569122803559,165.78922305576984,106.33423019172177,0.42740908027718494,33.775226145486016,91.2572495587408,979.7080188857685,1286.5039040182564,1285.2442645776655,36732.01797578557,358.21655405684754,0.7485295435912915,0.001054042093579558,0.00011041046799353674,0.5755327560195299,137.3090180325602,3901.8335762362267,0.16556104296751986,0.0635057876775272,0.23081470720981268,0.21485918206530463,
718,0.49970221184556385,0.0013039730507481324,0.00016467115554216123,0.005071945573749152,0.05684626295223692,211.5395615112037,90.61831025150336,351.60286194753746,114.78283398834249,0.8946095518418412,55.720101725418594,14.569676555405465,89.7918543472894,294.34571782369113,190.37479266874118,77040.63653573697,298.24173518007586,0.8154436456111543,0.002671756657182328,8.050309747305174e-05,0.5579775314692005,38.54329276658204,5651.946902821566,0.23286331592626425,0.09110612009227115,0.12708998625376108,0.04923836588213958,
719,0.4319584397885474,0.004717515767499917,0.00020015488021756455,0.0014646280291752132,0.02174934642146404,140.9429357761008,64.06751162069406,266.01073452506404,35.20138969838057,0.4057107220656676,319.7709947160001,64.824196098315,755.0230920245649,1063.2736956824228,1809.823301067562,77811.97467313586,354.94754629493247,0.50182146602789,0.0015567477206109698,7.54108713157666e-05,0.8665639513105344,277.31118738207124,5766.547778405719,0.06798011346737814,0.2727183734435208,0.16826900246822046,0.0590740708323332,
720,0.5844061633592137,0.00269407404876496,0.00018088813251088617,0.0020453447812658395,0.057773827822961754,167.03822779813765,61.17860939625353,144.83939627237876,32.48399048842849,0.777854629363525,162.7816421482799,31.584611258933712,205.26600973114253,911.9450879454389,1719.122560088759,76287.88533211617,347.14163988252,0.8789904921758556,0.0007402467117313111,6.224863657515041e-05,0.6441019581249451,105.29254599317724,9095.130886925932,0.343541227607607,0.041957327317545416,0.021190091339859225,0.008905190375774663,
721,0.3586046347875068,0.0070500110534944494,0.0008998334262992126,0.004104705796848279,0.04118152499807281,80.05246849503118,42.156909781352795,23.02648343705709,139.69605331494398,0.9139528582143694,340.0020446790695,71.38083407078511,652.6133536138893,198.62628065962866,892.5445906260376,61494.43647213179,361.7959194648099,0.7124848685383509,0.0015485038348053441,6.378061062571141e-05,0.7712535811773905,143.20085607689825,8615.57299317211,0.011383282864411995,0.0832826552013478,0.5426840758286554,0.004045351318077887,
722,0.4794082559120323,0.002752959679217815,0.0009053529500905055,0.0040944702833113685,0.0657954407865941,266.7360991193425,51.49889178648954,309.21011218450235,103.80569319675969,0.6179188440902768,335.1375760435007,45.560541951295775,1466.6456497496424,193.6155410327748,554.4082788863585,95455.27775113193,311.6085113795092,0.892349679075128,0.0018081989650250443,8.067430844574176e-05,0.5368205822217608,31.95937453401252,5937.846676289622,0.14770424243443728,0.15732027840801274,0.06896065005356923,0.1466065731919484,
723,0.4242293329597537,0.006840998985048033,0.0002711916503823902,0.0014485290451051508,0.07919479583171356,4.726509075382346,46.08567436004946,94.98613010378729,22.446693091626265,0.3226436603764795,340.18411258540135,75.91552748423594,463.8996439090729,1551.7565086733264,1962.9413021358241,2840.3038953706414,357.27187741881716,0.6327945255817113,0.0021546481510841806,9.674717859568514e-05,0.5385025459722332,91.77418724708737,3522.185019235701,0.08050182335020865,0.04490958451903219,0.3974790477567617,0.052880211414243775,
724,0.45708838197304885,0.0077403074143709664,0.0007422237662778217,0.004083809506908504,0.03532211288761699,216.81584745409393,19.770630026695223,10.045999816416224,41.584397037381635,0.2588216501010527,84.77733582645018,30.117669683724262,1255.0497442945302,1731.378326905682,670.9548348950557,46944.27894140843,317.31506306231984,0.8800999073973561,0.0007070223162009721,9.880756432097381e-05,0.7068996977642209,119.87929840480267,6296.505361881976,0.2484887098657356,0.03229528250920221,0.12704874236335445,0.13507888328865877,
725,0.5709929074086862,0.0014782265240690495,0.0007700201960996459,0.003629287606518374,0.05258986978134757,318.32486279355516,52.5642485108158,98.08737948423261,42.89813998208559,0.7015886177482967,65.50785625313385,65.19966999559394,878.3165581982255,295.32185374535806,208.110293107532,27771.166139550696,345.4481944057649,0.5779762191567568,0.0016637777906384293,4.568217186318711e-05,0.6708253106287482,170.1574786427783,8487.36084424885,0.04336184629179837,0.025003518606600012,0.2105501138658827,0.15009161382703265,
726,0.5049350408632809,0.002299830568572785,0.0005802651403061015,0.006348336762609919,0.024807589494095516,295.55804782770684,34.40175875336054,319.05490796457053,49.84633104580112,0.9300455805798495,191.99736207756735,79.17025338788746,1576.4755705357966,363.12196787702936,1662.2538599599209,55560.105584191704,299.83851576554133,0.5927350142132156,0.0018831446002601704,8.588321649066752e-05,0.7180092592092046,155.28283420519926,4955.441189243708,0.10897953156294604,0.004372423278549454,0.0039957553739776745,0.3777172489212459,
727,0.6172149141666323,0.009619943523877173,0.0008302210283277799,0.00822377186936195,0.05993275893811546,48.65663385327313,76.96326072968421,64.25718384089612,50.94803741832117,0.9176108318512868,114.61637839713701,17.358794522360277,1785.4565056577776,513.2749532178939,909.4710209037031,6268.475955999319,362.86604317199146,0.7348500986668296,0.0014533602605993718,0.00010794662662539907,0.6602552807335631,120.45645342539555,4494.708851589001,0.029188131453041933,0.30055528098438516,0.0190901935860689,0.03395147980987167,
728,0.4565586961135762,0.009797528980639653,0.0006892086357304952,0.000978582726826807,0.028936955660562917,100.4849169266995,97.61020120138782,339.9580363430106,27.476982437522494,0.902007825068801,260.3516507092785,44.783201217189664,390.1914605966286,1617.5960229886928,405.8068121319264,67825.93753856432,326.055938614551,0.5500534010652798,0.0019533151088110524,5.822771352791735e-05,0.7597546257008221,175.00965835823777,7177.091294190187,0.2606721942814734,0.13520950851607827,0.0590645159628552,0.088495085126017,
729,0.6131068856945225,0.008430291387146332,0.0008832951037134357,0.006634012229487255,0.0771278164544198,174.51226297386532,88.090962773038,234.93713431210924,119.50907810218007,0.988662086935421,353.22567815140945,57.914651757897005,797.0462266151319,359.1790614298919,958.3197161081191,66087.9624088203,340.948803584477,0.8134272285483428,0.0009822016032924978,9.723008637560974e-05,0.525001424358404,99.7259324666826,4392.163676066784,0.1860292841049809,0.0539482028897354,0.03526604967312971,0.11164957763763148,
730,0.31647592284414056,0.005627889332490146,0.0008395705705379121,0.003375696408705669,0.020243840971698984,280.56675071921575,11.612857567249522,315.8359144719359,34.244374906096965,0.1635869604189808,135.84133807951014,85.67270782381163,1201.7833089033993,646.64172188877,426.26378416835007,84654.53200829464,321.9103806899827,0.680698312197238,0.0014226008019853644,9.486999501819345e-05,0.7931951304660468,178.0320547839438,5691.226045155405,0.04642749148385058,0.0997458032732016,0.4757335619068136,0.06161722049199361,
731,0.5400017003919936,0.009480750885977829,5.084354915640302e-05,0.003025668771808575,0.04444511827613568,130.11166971162694,63.44845020166154,57.16371784660203,62.12639911066817,0.8101700211301217,67.37323910952733,47.403507590658805,1655.0348249377416,1482.454173613657,132.7176371187448,70569.50827581056,302.1981331009696,0.8534224199347367,0.0010223193940881252,5.335743078977265e-05,0.6278710542165467,90.02257049244035,10042.448194472796,0.03439857067432142,0.11422389927524496,0.23943698228125565,0.07193884737718437,
732,0.42729361420952433,0.0067508315433784695,0.0002963880690580306,0.006672125922505635,0.03745754347579994,83.35524385689357,95.72224133118877,5.6210341899733915,119.1181635101588,0.855558820716235,347.12151723229493,54.977089066099445,431.0000958936995,1550.7073390345115,796.0060349612498,13367.438653219395,295.5193473017952,0.5453122712243678,0.0007434703929393915,9.595070939171936e-05,0.6480584813838177,396.3362116535752,3683.081079962527,0.34223216335302925,0.00459931893111099,0.1600939377074941,0.06578096579884128,
733,0.48730425586663456,0.0017347646454424048,0.0005380084444896919,0.0035678276345106476,0.03663547486604267,7.389540023747848,53.46954817061699,57.27731113346286,48.538082818167574,0.7871658528457791,155.68658015836905,72.19806976016821,1925.6531864148935,1016.7306338426189,1267.4912519140644,78988.08824551446,340.06824520712996,0.8579105144402606,0.0018572300940211154,4.9304417949842074e-05,0.7503181112255605,57.40393437162511,13055.742741963088,0.1287502513738293,0.32174642162586725,0.009271228736315824,0.05292784239735312,
734,0.3993205148487782,0.0065681140296691715,3.228699445107215e-05,0.0011223983384731552,0.019175163030994518,62.16529591771007,89.63017090912186,240.41272606775394,84.46310494223121,0.8506702113716312,56.47019996705243,27.074718616246834,1333.8957551658289,1865.2605729836687,1914.4974502146483,71451.21513026583,302.026891573935,0.5374516685276964,0.001938705820826778,5.939627704737252e-05,0.7490079093760671,178.70290325620962,6777.454255483787,0.1140167753872009,0.3084760426417495,0.12085735911248706,0.05732930800978439,
735,0.371585574212167,0.005632971883742758,0.0002398624173417244,0.0027783243018810366,0.0445209512605748,286.5746828154662,54.82042438458151,175.48144775537259,126.30960389145046,0.821042476184299,53.093942529067256,51.760595316137675,39.21949442185117,1151.949032047903,710.1861746535383,6080.198984208478,333.97929098469587,0.5440104694191246,0.0009304868449848638,5.993289135453126e-05,0.6934814559051895,339.8439056383364,6294.726715732146,0.07685707433358933,0.34865023010789176,0.13607142271099007,0.06683569863536189,
736,0.5977148988411369,0.0015916489169771945,0.0005500584422999511,0.006285221082275419,0.0398115897241767,106.92096868647677,12.594140050513614,169.5024988453791,99.97186222711073,0.739621061311734,73.4726656278203,75.69427458413391,72.33131258502385,236.45648687497322,1668.4789970827283,58840.95584198104,323.523671039401,0.5809947358132203,0.002250467440014528,6.451479322737574e-05,0.6969739631750602,129.76671174126727,6276.672114199053,0.03215465369080961,0.09583941652666585,0.09168347950355003,0.1826075514378376,
737,0.3575012589290401,0.0009838505063138893,4.1546277659817635e-05,0.003996645295164647,0.07715642078818814,19.835232269951604,82.99247564849524,278.7958013683217,28.07802050870594,0.8655790199526576,274.9198430140531,66.12175832316446,1685.4820138871378,1960.3610784150428,1252.6219241180122,59100.766264609854,357.2499052488255,0.7659768720921268,0.002588403292107069,8.309362675359816e-05,0.549940598860584,49.721316419790426,5069.483619975227,0.03931476841165429,0.12668666250357816,0.12139172048544009,0.3551055896702873,
738,0.4785708023616916,0.004396946947995943,0.0007979206753732229,0.00576487203484834,0.0719862872004046,138.956818116972,39.589867311090266,82.03001817695014,109.44067831894071,0.6166197678334924,179.80650131863354,10.419732919903065,1335.0872080519755,888.5816159143924,1704.4794286539427,31038.810025535095,310.6484014115665,0.8566406588096391,0.0011305755384531857,0.00010260048480971572,0.5038636406563257,63.89096271541045,4206.9009896255875,0.2692012274153056,0.1941283091086385,0.02760177568842354,0.030497885425940757,
739,0.37681831326466875,0.00579925745094339,0.0005581238077751626,0.009121116149065146,0.05075781551315306,98.43023200130709,84.57338396113899,208.85627457651734,125.08843283836435,0.9525834614409856,371.97664860531927,99.08051222079463,1212.3203729279978,853.5088993017099,167.8539405157805,76199.70074466272,359.1880770278507,0.5471803755839049,0.002541212332215568,6.424973978268163e-05,0.7084944083306461,126.24689712625396,6033.864693627228,0.07703000582813191,0.4549688786930442,0.0908026116862185,0.0003801905279367056,
740,0.358444024780338,0.007486981427071956,0.0006291763281880495,0.0015738211675237622,0.028855039038181235,290.9684479455635,55.66425729568341,153.08429842952603,143.1615920816983,0.707304885025693,61.80280961197456,33.77305126392654,469.78409063591215,1421.4472124484237,1642.6768360437193,71211.06659139883,302.0052402897349,0.8228568602030963,0.0009537803837752991,6.539610094996752e-05,0.7041040795621456,130.77141186710733,8859.501770724237,0.08385885448421053,0.08324480787978138,0.32840207849754127,0.14605023435812872,
741,0.4938537670980823,0.00641397502961649,0.00035705748681514135,0.002602801530011369,0.043180573559252505,150.08096661283594,38.90356909707115,59.34429487547042,97.11993357257629,0.21522932101182352,190.91573148095674,52.061056667129776,1928.5677398261773,121.07284011858036,368.0576427747521,77358.73801550266,341.999728764139,0.6993602024154888,0.0021075906141471167,9.039651728367777e-05,0.7177420487936708,102.38317765262133,5552.871278781936,0.13101551942481812,0.04812448526501432,0.06463946154892866,0.26236676666315667,
742,0.4834972132475365,0.0017453734207516583,0.0009120927351505272,0.006214901986486334,0.04476109692133267,65.28897096959862,60.905162818764836,355.2621930968163,108.22922535178068,0.5541434578588751,382.822363769635,65.75818576194135,1894.8112436688941,1054.4741321562933,748.2615409458712,23747.280769407236,361.5335255742658,0.7210365030665216,0.002609576047542233,5.442363678853741e-05,0.7492532061907551,80.09511532896262,9926.54926392103,0.021170066909319454,0.27198928550485646,0.20185220830044756,0.02149122603783999,
743,0.3384202230305555,0.002686956217451163,0.0004772181901622274,0.003110454378120089,0.025247257238688887,187.3956772941329,77.21972008144665,53.740156959246875,104.47645134690588,0.7426527611724767,188.98653456613883,77.91031458325482,1456.6482478734533,1107.045087651466,240.2164935739266,61744.18086036745,314.0303409271155,0.6624827958146011,0.0019394348825336391,0.000104092142814701,0.7498597298306389,130.4970648011772,4772.3983468310735,0.14114629574203802,0.05952763044121701,0.45292198634899966,0.00798386443718985,
744,0.43726022133550224,0.007157322185141384,0.0006488292391547208,0.005402340807327628,0.04769871494314005,265.74976672229786,88.54333600984828,233.97117832699385,115.18802847782783,0.9192307209877588,354.7295065066143,83.16635286945291,1657.8870540390617,1673.6971615773448,1311.958350760495,78905.33536613833,312.1779036503428,0.5539895098660502,0.0007107964952853114,5.971186985411374e-05,0.6317018259874831,396.380177583876,5860.747382644309,0.31134997325068386,0.01935746602998006,0.029923767693254683,0.20210857169057908,
745,0.6946161463826727,0.005979039506251018,0.0004340855056832493,0.007264130172237605,0.022485647770172583,243.17283381387273,52.972264537937086,145.64995654618735,38.90575329075598,0.39032656705386104,94.18082483117246,52.88143055280925,1301.6574144137269,128.37916392426695,1835.4153887050657,99444.63176022832,295.8411692996343,0.515342325992346,0.0012666198410971191,8.814271871926582e-05,0.718960117654832,275.1019106293492,4203.530191847683,0.10238187144043791,0.05861648640293529,0.06051381107875409,0.08387168469520004,
746,0.4554078196555802,0.007027938123006941,8.301802833316864e-05,0.0004923084981361537,0.07184055922679933,67.891831366488,97.08448842668382,119.00813621121343,23.820124631583337,0.8836583892188864,382.208886061796,64.48744646008734,561.808152849966,697.4393885409464,776.813153662774,76859.12382296928,330.5912001784751,0.5730149388960453,0.0008792209523715382,0.0001010955472383166,0.5369873702463478,260.78266728998295,3043.6729762617656,0.1892602481406777,0.0326539631289517,0.2973883766004126,0.02528959247437785,
747,0.678086570943027,0.004278907485196506,0.0005311411231246205,0.007042801005667866,0.033003618952942994,174.20766067323453,49.39272551297069,77.38835490612779,149.44456473641475,0.2538967896736398,273.15728075236535,69.19037327880551,1350.8175603734178,1404.460837159715,1670.5253175609075,34669.32284624842,319.71660604542427,0.7475866218935161,0.002631714439283709,6.162587517317669e-05,0.7242374560357694,69.46316822998111,8785.761365417458,0.08981538351787637,0.1090676248581058,0.09313445770652796,0.02989596297446282,
748,0.5417399256902772,0.006669432641667994,0.0005321747898296022,0.0009789282493224932,0.05855124612400257,120.73114049161552,32.019290087745304,113.34510082084478,53.038594149685544,0.4373022073144043,393.8731205087716,66.8613907137043,190.89078593119143,1141.155050415917,1519.8399728170743,18575.52128746506,365.1805136144985,0.8143663575738374,0.0017516196498548334,0.00011396741264691344,0.6728488425999305,71.30736485195536,4807.913494039627,0.24310557750990885,0.15510031977265112,0.05134528416461592,0.008708892862546959,
749,0.5873591154507548,0.007184831226194938,0.0007095877665689233,0.0074120453826881155,0.07605543253210392,150.1068785144778,71.846854631395,274.0678396118673,90.9384596640303,0.6868058130259338,289.270130850486,62.80655168434452,1424.4252660246007,719.2600144877679,1401.6635162614161,13268.825939153947,357.43085518893776,0.6301997145117979,0.0016925633947854327,5.470312267061174e-05,0.5564582818101863,121.57797581447043,6410.600221966878,0.03982745655193546,0.20875019195213537,0.025335305690860836,0.1387279303543135,
750,0.5890284827770983,0.008230506736942941,0.00020397887273708066,0.002288381769278207,0.06978158751902243,235.70193243197056,90.85407529569079,279.3471810559044,71.67105218804357,0.5324919044155265,15.051171746682906,69.98321027517304,1326.2118392305615,1728.3135470584475,934.9974736029468,94440.85618708639,291.47834994868924,0.7107434673824766,0.0013180475400102949,8.285113171682906e-05,0.48316941964571997,106.03556150368478,4144.898223308435,0.15767721333104645,0.11528592232612371,0.11243663984070854,0.025571741725023016,
751,0.6548037414260318,0.004712216670305604,0.0001347897199108542,0.0010111719063196879,0.023630727664835354,165.3633287319027,90.53557699350009,28.808707229510798,73.1764547903836,0.2966132795466341,61.699663298087955,43.83832545581256,683.7189183059168,252.31550857335844,176.96586767314457,92925.56280005866,357.2511358280732,0.7754184995704583,0.001969490099808827,5.5982309772548684e-05,0.8619576869686626,98.28927328194732,11939.091813789486,0.03318844190285997,0.058050421961327016,0.0828389177120954,0.17111847699768587,
752,0.3790331289138744,0.00681889026942343,0.00018617751624622954,0.0016775044092132748,0.030707900300881566,110.03196599043612,70.85197680148903,58.61692296680962,51.29058614368571,0.6376633279975498,176.49620874777474,62.813452433243306,1537.1745316974757,1568.4705097804817,1568.296762816426,57623.91614978571,315.7268857709807,0.6977169797862185,0.002710814679859053,0.00010327815334039956,0.7268121380957487,81.04684169817256,4910.130104599408,0.08937407466750065,0.009441230700946011,0.21542980379201587,0.30672176192566314,
753,0.4340679436109941,0.005680954320885978,0.0007402788337050224,0.008240359579354739,0.038820735397686344,352.0388660788656,81.67041690607054,184.86386773373624,58.289621158224946,0.5703167040511967,314.4990939360182,45.1234219975974,1667.8238601954374,407.3814244190671,299.55289874933976,2313.1453503917623,350.58805402818393,0.7515953756154656,0.0025363908006639543,5.091044793299248e-05,0.7609898848134913,74.52850185706471,11234.559929010364,0.008793931672523235,0.12377836612182104,0.05596534661275096,0.3773944119819107,
754,0.5453178690560802,0.009500410267488265,0.00031296267739256556,0.009149139534625265,0.0636281978383445,321.0362254615037,83.15299361344215,63.73539437414042,104.93556150708551,0.782787109951724,222.7372626992686,53.548402137644025,959.5163467802583,192.3796990760878,1077.3591627751289,96598.98415085103,299.8673594750937,0.8543483232622628,0.0016199088394578888,5.815038793022448e-05,0.5272869147933152,47.410213087803335,7746.924957273652,0.01720555133129743,0.061270087983912126,0.22009816065017487,0.15610833097853538,
755,0.6392023905390067,0.007101036489656904,0.00016096066604817002,0.00020844953168975086,0.03360147539547184,122.64067115651332,80.60243407128283,247.66402687266347,124.22630176210136,0.15003399339614054,183.6947031016486,36.154363005611785,1697.0250716163432,579.5138898082212,1988.787592524723,7195.376796709056,298.0291434108518,0.8814260583060604,0.0026775199689074713,0.00010351706378082638,0.6722379340214134,29.770049343697014,5723.964830405603,0.05550812997791163,0.16472862038283118,0.04719711961372559,0.09336373948652493,
756,0.463862779097991,0.004176437258207218,0.0002925803282352366,0.007798085487505699,0.0706735680268893,275.2536127253909,69.28207730396716,43.46277591895835,81.59431864594941,0.831249454673791,267.15650320557165,38.189610753705836,923.004643533172,1702.6657007578062,215.44489797623308,33815.104326900284,321.63085375037923,0.5889444813460115,0.0010404796023823454,7.867354711123775e-05,0.5284996170188095,208.790911118958,3956.30989405648,0.14434432944189943,0.2105341821953688,0.04354762973107171,0.1377110795336691,
757,0.5054263323349374,0.004557594630608541,0.0007092504962289741,0.005894870858892286,0.02846557987107637,277.844038389851,36.023787390064925,364.5863524055108,47.92992933890869,0.6977022387014694,79.73020094326554,66.59498118643324,1494.3112573647895,1849.3603485195313,1259.8554119563257,23142.965153169742,309.09191201145615,0.878516423731569,0.0026905352860176566,0.00010261594161377967,0.7225256690372474,32.62362053994988,6185.6925623301495,0.0004530534490146694,0.04297854601921493,0.18770313613628214,0.26343893206055086,
758,0.5801151529323221,0.004942164848931969,0.0002770323040204493,0.0003337141646056836,0.03284231122083556,341.1100585452431,44.17778663200296,15.310395006802038,70.82424542274096,0.41900572514876505,217.54598551215818,90.75133722374191,1513.8309658406379,1469.2344357290283,1538.2279554985794,60187.499705930764,304.6588230238042,0.5074644305858876,0.0023509296063710596,7.797393011701902e-05,0.6909187721658883,144.75213121881688,4496.58880566975,0.043380516472179,0.021065310078919958,0.24732050173101025,0.1081185187855687,
759,0.5256414925356864,0.00843025172928456,0.0009193788384700895,0.006873001895860627,0.0798941552164759,316.1450114911019,64.6843771051225,18.886039066906925,144.79003258573067,0.42920572917187594,237.89117894034464,89.11360658989777,1207.2955686935752,335.1224667365838,879.8480514515032,14270.622294134595,298.71728813471674,0.8858615260132074,0.0022166328019044734,0.00010099561798407547,0.4469737559379008,23.01549556203655,3920.534983858769,0.11631286016345173,0.005434564539022222,0.13831250706262516,0.21429857569921457,
760,0.5884489289337141,0.004091023797827252,0.00039824187585762874,0.0059371561299848,0.055064922609388334,352.5559116695468,62.12970066931451,125.22718722568713,82.30300363275617,0.8417224074758909,76.49229845118245,95.42716929859984,431.3483706680491,77.24113772655426,215.64974182477405,3176.6488713620884,326.7207911020153,0.5863113455908077,0.0021427153922262457,6.457558996636337e-05,0.6209615076859368,119.88747151697062,5637.993819662838,0.05712406835364098,0.29598182598624756,0.00013251609857739438,0.05831266062781991,
761,0.5122423364121784,0.008012986536818558,0.00022095645034840081,0.006457462621427348,0.02323128843618072,180.26404281682883,26.892705733661472,225.8451757949067,80.03756510271583,0.8607047935846464,318.79518341555337,21.639857218308666,1593.490299924432,1152.7277000525576,1214.9442094000342,12385.666311291108,297.4941013988338,0.7842444010060676,0.0018512726183184465,9.216282404452911e-05,0.7195967798475855,83.86503032230024,6123.290507079081,0.008240007184049682,0.11338196805801673,0.25317384928552544,0.11296183906022977,
762,0.6287361476629771,0.004855704948948782,0.0002898870206694921,0.002113208131037531,0.041495405606244054,324.62736315810275,43.71560506072815,300.98530131046556,142.10553820584343,0.4606653055257106,68.7055631931359,35.07719732633625,896.7886816688309,339.45000849287516,1902.6478334091626,16491.26006734573,313.81563912833735,0.7760732749595787,0.001735056198212933,0.00010632036501759422,0.6673453192503463,86.12773002090682,4871.2103965581455,0.16153407850108237,0.03719232880021754,0.03812422830811417,0.1344132167276088,
763,0.39967822862434604,0.0035616546874257674,0.000913867468984442,0.0035465866119393755,0.07543596306068225,32.89726614101079,75.47849199600788,247.7016712239257,65.2637712928719,0.4075783973247342,61.30324758121155,61.49701656908071,1877.0855041318919,233.34380113464027,1704.382064830119,74599.93517226411,335.97024152264567,0.8399938394120066,0.002637982509815902,8.022152308620885e-05,0.5263586507113422,31.92615056362755,5511.463842983968,0.14212464124464752,0.11784921988766976,0.20014555413511137,0.14020235610822523,
764,0.46288077386489784,0.005819688670520755,0.0006379205070658119,0.002776145736202162,0.06653309161052166,94.87206028677562,93.67399027667574,286.4844678252089,142.07498051781275,0.1669871224612961,133.00361081504917,48.24904729330553,665.5920036048954,365.53592452855514,660.6632555929604,40535.9844263594,291.41671436594663,0.5703692328197238,0.002576393067846462,6.479927547669193e-05,0.4985101983394464,83.12990810008326,4387.933002151431,0.16448688043520476,0.12379070552936189,0.19208111934038732,0.056760520830148126,
765,0.6361436213536901,0.0038786718122048097,0.0004240551353880086,0.002754191835689125,0.07600472541832638,201.01733970259522,77.90959751373622,12.001475272406491,58.66600854511081,0.5764729414311859,89.04704867656926,60.648549411262934,1600.4693130866451,21.60437899999063,1279.941463569776,52836.679427061004,360.45618096540863,0.7673961633928963,0.001742014382059746,9.81605214274894e-05,0.5614586358674718,74.9692046999906,4389.353243063014,0.028834510199458888,0.08320966603618962,0.22576556605924006,0.026046636351421373,
766,0.5997136498996216,0.006629826232147768,0.0008273699368714722,0.007051334087667141,0.022187955266367146,46.97118883128546,13.497706884810423,316.19011852680023,96.60124123716797,0.920056526627595,161.70356941168825,99.18510791503189,739.4364327470397,170.0117232563883,1446.1170714077325,67857.4140955642,318.13640144552954,0.7198709938874643,0.0010960847165897647,0.00010871814009572847,0.7745805287075039,197.96140788829757,5128.841006253164,0.2709093420549021,0.03779558906889675,0.04442732505850437,0.04715409391807523,
767,0.6190084010443828,0.009978603902076999,0.0006372009596144662,0.0077047724448019795,0.019449640905178645,165.62863548965564,15.698553988624782,270.15539598908646,113.19079513247043,0.8006118691491543,200.50482091257228,70.77870127132394,302.1460412523985,224.55779814602664,1471.7732552031716,46328.18640251556,318.5488542386498,0.8981008150269287,0.0019681680450478103,9.723892252808122e-05,0.788683472934342,40.832998633401004,7284.297804061427,0.22656021596554363,0.05871613617014778,0.08007948383012783,0.015635762989797932,
768,0.42485812147626,0.008977407665786455,0.0007800914245954252,0.000444029221035635,0.03844650649932713,227.50114759344663,38.63881148472772,327.1141120004864,23.015638625867165,0.5821128276478706,267.7399924023002,76.98364990039735,1470.4250301752259,1983.2904858973027,204.37154479842417,19850.756914021586,340.7379252956552,0.673675401374001,0.0018155731990458829,6.459422431915467e-05,0.7417015082971725,133.31076220037122,7735.460353746045,0.12777804252107322,0.08671584459252471,0.0070571578260407684,0.3535908335841013,
769,0.3430317759641773,0.005140284224988317,0.0008379472284143669,0.006344078528527123,0.03526401448174099,207.05567177575878,76.76754842818598,121.09924309371542,51.086015046041254,0.39311952039147025,361.3955513445823,83.96610382183798,1897.933140761822,1140.1491316632225,1274.9332822370782,27487.066311998482,364.1252787952281,0.8047073393337139,0.0014212148092656801,5.721135018554425e-05,0.8115248634038731,111.51364926521805,11414.518474306025,0.02488438252553474,0.036309316535253176,0.4522128125378494,0.14356171243718546,
770,0.6538023126380057,0.0021531320347408234,0.000506009565034592,0.0075465533495388554,0.07722618222474502,195.61354114716892,28.517554633185185,363.80033953968433,70.55919339547349,0.49564800140034815,377.2888067319578,58.151924419955435,374.39384485292646,36.724118754698246,1205.2609057617267,56494.99135840917,320.2180149345789,0.670554346460367,0.0008244478842190178,8.597610455260013e-05,0.49258139635644893,196.83330280826493,3841.7953224463054,0.09160902269543926,0.007097959121480099,0.05704941223650889,0.19044129330856602,
771,0.4945202809477014,0.002911019977370364,0.00042689764194588726,0.0018522051326750582,0.047667943578266606,169.57197562110252,22.867555132494225,171.8212993248674,107.88363277832447,0.49188881362213094,157.95041610970486,76.41973781345399,830.5867508697735,104.6398745978635,460.3634291192265,85184.21814053165,363.642093660301,0.6360607145128282,0.0014817533307115937,8.842071871916275e-05,0.7360277703580566,180.77868649985507,5294.6679952033555,0.38426983800148024,0.02266981144487033,0.008451099204057792,0.09008897040189028,
772,0.516494669048094,0.0027904686379999323,0.0005525181355941033,0.006604978346972789,0.06271863146555585,217.77189333487567,17.085305433377123,359.7477207891408,86.38527377799335,0.5247854859549912,268.4192036101992,42.257299191541385,1581.1244743038405,297.7247726156025,1021.3793412489365,89980.37735688704,351.31400951936445,0.5942520185365974,0.00077732558427164,5.993101403617839e-05,0.6230256518039232,325.206587476765,6177.673732686425,0.09911584422720372,0.05798645188429631,0.2912980705059588,0.03510496433444717,
773,0.4750076696489455,0.0033676306484563385,0.0008688482412544306,0.007130816029786824,0.05888805134658194,65.29399157598593,32.648796012438865,286.64200899756656,80.82776366798666,0.18686478825835948,164.65984126981698,89.08521175199273,849.9019048293387,1945.1413802361276,845.359630785205,51915.613352413544,354.6275937489887,0.7138009936210945,0.0016844816991505582,9.95910905895446e-05,0.6514191391431418,110.67826409333144,4668.927973693543,0.08317990586071605,0.052345056474821634,0.2332137782487565,0.15625358976676038,
774,0.4257678729544562,0.005282439752300471,0.0005607677761333489,0.003705416410230784,0.07601378512131467,145.9265060888613,40.67858213940055,185.5069580811088,34.95446108946405,0.33983219524856023,193.49588126648356,30.665343341711612,1280.881175657398,667.5391864727983,718.1389828519127,63109.13915851507,307.6004139530568,0.6081802221669357,0.002420561680464791,9.950293508136839e-05,0.4790844336503276,77.55008181411276,2928.252086794321,0.08851297530924117,0.21621061184594068,0.14279931078713395,0.12670922910322804,
775,0.5374300251903532,0.0037784347547920793,0.0008743927882367896,0.0009691503638242826,0.04337929113317311,139.01368491949844,42.34065419662398,200.3534180439587,59.50243330305934,0.7195340806064013,79.32766104288186,23.267839060082597,872.3871119580141,1857.6968246006027,530.9910384697877,37837.20279348761,308.3308043094895,0.5924217004714533,0.002466246842866996,0.00011221833333332023,0.6460665536554927,106.77062114961022,3410.7069225262935,0.07997225028150592,0.10083101180772971,0.23022868272383107,0.051538029996580054,
776,0.47779884421071406,0.004846756395797101,6.928032485394198e-05,0.0023859641603249885,0.03150793202435387,269.34694243659624,13.119483835883976,163.2600445781699,138.06973260042005,0.16488934678900907,104.19791909438412,96.97489303170975,966.8869387335473,1797.2645445487897,1843.0282863172733,88967.04283343456,337.6310706975841,0.8733791898251249,0.0015630900841734766,7.565631536330433e-05,0.7729228337567953,62.6119482196677,8922.648626254302,0.1324300436453674,0.20517039284297922,0.08448566234792462,0.10011505695301463,
777,0.3906712519199449,0.001681130834497594,0.0003999684126953214,0.003053881234304086,0.03383339106719335,143.29902990915406,21.144800494719835,104.99294787783352,84.03389604401957,0.7480368626244248,167.60977406686783,71.45659770002672,1284.627967060567,1108.6866619146504,1879.7293525132561,21336.53587369707,353.2701505148759,0.8987035071126394,0.001285146275749696,8.262945414354182e-05,0.7955174145339488,62.703464690119525,8652.293517138249,0.22942037574921179,0.10752502795164876,0.15662633339382234,0.11575701098537221,
778,0.4973362257244607,0.0047254836287837585,0.0009556777652960556,0.007598544154606396,0.05452213759828825,98.14460389261268,81.33345298246029,129.55358578726384,108.41572204450827,0.4251979996843711,307.25120135821055,25.80990243415903,1235.018804988381,1724.2850615798895,1607.5385775421091,46386.309482052515,320.5720048989645,0.7754046855050668,0.0013645355586937758,4.7507979030505616e-05,0.6121782951137825,100.76129994711816,9991.70935246324,0.05315534775042738,0.0011477209875055425,0.2904313819109626,0.15792932362664375,
779,0.3287716785052511,0.0004996012275323938,0.0008721772876768717,7.839874560294354e-05,0.05863369767506195,296.10267583738494,60.14586091202291,4.399959461312108,65.45283143556438,0.9131806391883734,33.60383725682708,61.349175994419916,1513.891805656988,1996.6712049752825,380.21319608110576,25077.913435998296,342.01881467199377,0.8252223352341284,0.0008759007766597703,7.372860505972292e-05,0.6297042430743545,125.65148933581416,7048.092196451098,0.0846885594411584,0.09651812490247985,0.46003405360005273,0.029987583551057996,
780,0.5276251576683911,0.006498838793508937,0.0004994547766888114,0.001578011048658132,0.019428884449119117,212.99656603809274,71.9282753959377,72.86217031711448,29.488497430314123,0.8471610966355682,274.8706291891873,40.51879994949984,1093.4401483144836,802.0745835728039,1131.6587394223352,35248.42212336457,292.151377147917,0.7911696195505244,0.002464332038046999,4.579798926399287e-05,0.723417028707592,61.30320549188689,12497.176941105226,0.17583124277347675,0.21143481419501578,0.03353081316570661,0.051577972197409734,
781,0.6100965592043032,0.008510637731609788,0.0005170225185861112,0.0019339698795137505,0.061216322812312415,308.87361791711515,90.31394081119313,252.0222903860462,100.10753559004182,0.29636669135659904,69.15174187048399,24.615433101676047,1145.485806935057,1701.5744590246138,404.7091020152387,17663.419204968362,339.67562829383786,0.6620035099215346,0.0007812194498360819,6.385408885106405e-05,0.6108287834646611,264.276554933795,6332.7314803266245,0.03978410710552241,0.12391109804875672,0.13647291216650115,0.08973532347491657,
782,0.6919599684742377,0.0031315004392044273,0.0003464709661269364,0.005401755324335561,0.0384010384597015,2.9283353733016146,96.8467870093991,285.2556933796546,76.72528527642591,0.35002126102878056,36.71219421279936,35.784212558624276,1671.9729843815855,919.7709794392729,237.6555709825587,52133.33925908728,295.6149562258014,0.7208762564922163,0.001636820775741032,8.151530241383523e-05,0.643700485481071,109.76894469335654,5692.53112648772,0.010052758610829809,0.13505958697601195,0.09707483577128274,0.0658528501676378,
783,0.47749917275289155,0.0012753506411333083,0.0009617008381391206,0.0020174618496505915,0.053508500563262285,189.18732229141852,74.1536389083367,261.0364388537191,103.87392451579154,0.18974501557395707,399.5473402053082,54.132180074283454,656.1151709160301,369.1652729079201,770.423874984602,90253.67582316534,307.0267475832002,0.7131439090418066,0.0019743779255289693,4.7917193320771184e-05,0.591505933241131,85.93951421061882,8803.28801040497,0.13817961000845905,0.1177199121760211,0.24635689526923008,0.020244409793398258,
784,0.5073715295084517,0.0008422444221692084,0.00043730746396741115,0.0036074354539617852,0.019312542715830276,20.92263347076173,24.281421273040454,324.170887706706,27.2611035700088,0.6285364867792638,391.3339846205392,31.770921139232144,1448.6442133862674,1998.040090034116,1751.0125549451373,16305.468475951546,295.53666040819917,0.7427776323396508,0.0017550916542564687,4.900865750413631e-05,0.7323101930464863,107.3257691473809,11098.929434730037,0.14868131923971462,0.0461154242377175,0.2806289785093892,0.01720274850472695,
785,0.6240782971069465,0.006962791590361255,0.0008621353584986074,0.005682853617685224,0.03239907015904064,358.31936506182274,10.644316079985368,230.18029028501303,23.79740031080331,0.47160135479884974,363.03991492748906,93.755142947585,345.7889019059563,1828.7234768017624,439.68361740010937,22056.424351286143,367.9473643880146,0.7898987439722374,0.0013666919835086718,4.922430237963546e-05,0.837068851186128,128.6824091588051,13432.38201875971,0.05794127585342405,0.06463625943070209,0.22086952081895744,0.03247464678996987,
786,0.3552751433676549,0.00362406727545254,0.0006373021417235592,0.0016913525656682298,0.045542605421313276,120.03299526643447,53.41219279336412,171.3077918460537,64.30297958680964,0.1465972564068459,69.1023759461113,96.4276471040827,1374.2721975758234,56.52607350966611,581.6093622568068,2867.779838252439,297.65826074817727,0.6283355769992046,0.0017839136374072128,6.988241537067124e-05,0.613008698767667,127.71555726940493,5511.7610403513145,0.01417586322062575,0.1650190806491451,0.26825632217877676,0.19727359058379745,
787,0.5406082129949858,0.0063379336954210875,0.0006868322972468901,0.0018127967679557812,0.024106246456774474,94.35152214892304,63.51359461635095,245.66307802275716,58.23975923887394,0.4301059160464935,81.01742200669004,55.9774074818049,505.88540372365867,187.45706362381856,674.0126050969874,9998.943628770665,326.4865241109584,0.8080916803895575,0.0013407638914759387,7.348364904941773e-05,0.7853484579982958,112.40972690366482,8636.391405772456,0.019259387066719338,0.19781061258285468,0.12936028187354343,0.11296150548189665,
788,0.3391093633266211,0.00018204821971034776,0.00035044274265930836,0.00747190636281248,0.018494306613536876,324.3043691610199,59.572534975741725,338.525886826395,50.52976815505656,0.7647031109448966,158.8779743854706,36.18259097758546,600.4057129784072,1770.8977348181925,1713.8901587164933,47008.1093416727,314.9577512366343,0.5212070017284768,0.0014024514593527027,8.100581856471123e-05,0.7842465643348376,267.73957944706694,5045.993086117478,0.12527884227330313,0.09517553116207404,0.29326630786312297,0.14716995537487867,
789,0.3180188852103439,0.00028716315107114453,4.193001411779694e-05,0.0010316990253492672,0.06614840012224793,127.03145587165785,34.33417702553137,256.4528233967875,124.63973342696656,0.38564722680456537,51.74041863666049,36.6084292952867,514.8384057478102,1222.0081116955769,761.6300159725699,64350.1467143274,318.92462481985666,0.8637651099239426,0.00062005049673571,8.76716531653486e-05,0.5475775011159185,120.31142796494922,5394.883333056727,0.2097971271393576,0.10529339913974067,0.30266845351732374,0.0642221349932342,
790,0.5778325274037412,0.0029673452997984327,0.0008953269985161842,0.002504592084461854,0.05647202415119196,11.06478155120505,88.08170518369703,323.86780559640016,105.81207338523726,0.9048356694443319,281.76744185935365,58.442610521734004,1151.1335242343305,1020.898158651381,1255.0203779932135,16191.362360061084,316.5481229634375,0.8713709402570363,0.001413698111698139,6.718106939876438e-05,0.5942006647058934,54.0649182221467,7707.069812074966,0.006006198326949315,0.20731018849667135,0.041356456629476686,0.1674946291431614,
791,0.5361714757443126,0.0024046519220932757,0.0005344427751004932,0.0003946924921503681,0.04356686939572589,141.12540362803134,12.34486572346955,283.58732913647776,76.1031418101063,0.9977951077932824,321.5943570178983,72.25972481595613,1811.0806331317435,901.0558909699703,710.2315982284807,86896.7435459903,349.8840094322897,0.5882644425132044,0.0006882304748211893,0.00010690599164825762,0.7320474004025876,437.94913991541694,4028.1882170641406,0.11214276839382502,0.23927100810359034,0.05549834836847915,0.05691639938979291,
792,0.6608223993094872,0.008220418763728943,0.0004025490517852771,0.0058367391938504804,0.06901409424842539,205.41950143935878,54.12625725547926,4.7326341196611335,29.941855695011427,0.39867041713948487,239.02395131245416,54.21327414742545,467.9144932326528,522.351244037258,171.51398408401855,6958.413289545307,351.79265599573444,0.7332864331838231,0.0018641615994434769,7.35442845436673e-05,0.587538692562567,84.06167168267903,5858.159541560046,0.049228761059830296,0.19622256900007146,0.07305789092637778,0.02066837970423325,
793,0.6603553346258992,0.004537275448715519,0.00011874416545945268,0.00750028271807357,0.02046919848760493,18.392147909231745,94.50138809460671,98.85651059277593,72.32088076899015,0.4964218571227932,58.333062472149436,83.55576898734576,214.12713526830862,1814.2830062742369,600.2397718821923,68624.22006882782,369.3203788425809,0.5516966761812349,0.0012009269004750473,6.811297867169699e-05,0.9087689829041304,339.24142714944975,7360.782585964671,0.12228597396184127,0.04007852531292286,0.11229712143441721,0.06498304466491947,
794,0.4530301328990267,0.008149661421092585,0.0006153962540453073,0.004953488219910117,0.0275856904802238,159.62108117212168,50.217125882510686,353.27028386176295,125.58539246492305,0.3584368337428103,275.07215542013813,41.915456246915994,1925.4413271157987,527.7708811460956,1209.3955803228587,31266.183013976763,311.86922096357375,0.8851289964886397,0.0025164331746442775,0.00010842122243732619,0.7333333715360809,33.47545293295014,5986.78576617762,0.09099610447065244,0.2613315830802939,0.04128285261003632,0.15335932693999066,
795,0.3302763098954162,0.005139351782967719,0.00021275436876412108,0.0018484592607815463,0.021651363791537037,173.04608501230493,22.68624412073672,47.70524715735978,76.95346368379765,0.4463890490875652,142.52454516671662,27.222803130782975,488.1812020037603,1458.1821865400166,455.74492474322483,96633.88624171849,303.05297475813114,0.8021542082272398,0.0020365812930914773,8.53997288167825e-05,0.7403181073406301,71.91896665621552,6953.760784231089,0.030892828641211085,0.06989114935258445,0.3784663405975978,0.19047337151319046,
796,0.6727679629311003,0.007278992684293633,0.0007809095394786469,0.002499852128256429,0.04415332040951883,160.11128311111116,49.67985076404193,3.147024537710396,61.97514482368274,0.8200899611230354,329.7909349751395,27.06888124518612,709.4826521198356,1655.477561595163,802.5282459513196,57273.70090353208,307.4673241079775,0.7019035328197132,0.0024436854940849445,9.163302288210396e-05,0.6403085740788562,78.10895645129982,4904.7257866735445,0.11493564908302453,0.058667334537557896,0.02109763907348375,0.1325314143748336,
797,0.42192406411793826,0.008974728745938906,0.0009907258693926274,0.007342789332352482,0.07861503407363125,240.8564785541652,14.205148972886027,331.4109857634596,98.06074100666099,0.6999002429674425,359.4304137463691,58.27421132763616,53.78723389396054,1196.2330161174484,436.0061379525207,63487.548020916554,363.5751268933218,0.5725008558747666,0.0012047577881497385,6.029716404981962e-05,0.5513134158552884,195.6293752496592,5234.531464392112,0.10118082204217839,0.17168194040808737,0.20096819607867164,0.10424497735312432,
798,0.6884383750383811,0.0037744867836774607,0.00044124055675393004,0.0009532891427211638,0.026757658804443644,281.34834216765904,34.55211620717219,292.88359314276846,91.48099523450071,0.46518911271093916,373.79864000195937,13.815109790751993,86.31904221125059,1709.3948634761296,1447.718914826051,75394.35236666577,306.4663995525127,0.6708090938561284,0.0020173054518381633,8.796538770155713e-05,0.7246012974564514,118.24295497013821,5525.686323384816,0.07088936970714182,0.04248113580929979,0.1538304215058965,0.04436069793928077,
799,0.41834868337424463,0.0032370697839061847,0.0009707469971670665,0.006903485626560602,0.05404604415654392,202.3199418760468,70.73242536347078,147.15466192531275,53.07279495579857,0.8685235568194121,232.57900900622218,48.78564508573511,345.82908461462813,364.48687161507837,1885.4156090553518,53695.30720760107,310.93402235762323,0.7246526012886472,0.0006068971306841002,7.61465414331096e-05,0.5962436435272289,270.5139437030177,5674.184265655398,0.019475295441614703,0.1583337029664121,0.27653454278237977,0.12730777543534869,
800,0.6201318025930305,0.00572243221716592,0.0009543469974072858,0.007417626552993123,0.07778061788190328,177.00602423527394,18.52584200123286,186.15267744208566,75.26687462239825,0.9788930489461554,174.32112883151297,97.1684822585874,471.1918553499618,1359.409388110611,1751.2941202425768,38198.20216599503,348.3103137501749,0.6318832346911882,0.0026508749154186785,9.747101783245731e-05,0.532744265164794,73.98013934516784,3453.664248321961,0.13922655681487972,0.18168168109985885,0.0006390754038863585,0.05832088408834464,
801,0.49127449604966655,0.001815896706435597,5.571998449228126e-05,0.00863438528734581,0.03406796101014725,358.93759223424075,55.75842833427361,165.94390519983423,69.09711353145491,0.45532829355341103,283.7846261567346,86.39341355456213,805.9912959093937,42.53836312813837,1573.570699464583,6890.9915960928365,331.93115784512287,0.8602338250567243,0.001074190303578873,0.00010100771275486312,0.7462066185178572,97.09121785974038,6355.080777723627,0.1619108716903645,0.03098266884400923,0.21298906551459174,0.102842897901368,
802,0.6684683753704779,0.004146966228339646,0.00034629611125844783,0.0031556298303844314,0.05445683248525117,251.22581135199306,38.805026919971695,36.400746206303026,105.67638129827492,0.4657705230654645,102.95206704466882,17.0249084745498,1375.319434154546,1532.6969482505635,488.7548356241806,73272.25157476294,319.32859699610265,0.5482678268420059,0.0022492528346825746,5.1254946370086844e-05,0.6101518148972795,122.54078378820397,6526.718556722011,0.08377536078983806,0.06690631955811441,0.18067293858417485,0.00017700569739481685,
803,0.577796142388113,0.007438794228350831,0.0003263139372186445,0.005184094515995849,0.03965628601951933,94.38101207674391,29.86700659559309,157.00591419606573,54.86336606437856,0.8861942033586881,373.5078789031306,29.785686047688767,1249.810592609925,1653.434585394439,1828.745108732606,30967.678496113662,314.0448688867168,0.5697373483638122,0.0017654655006769406,6.655249798537725e-05,0.6773561889459091,165.07888137508263,5798.657160436741,0.13040784565559366,0.011444020361097455,0.22084041491701706,0.05951157667817883,
804,0.32296617612415685,0.005662973854983165,2.7593664544273138e-05,0.001110172332313265,0.05978016785400864,121.42382320558485,52.31121966835385,218.5697957582322,89.82913464327778,0.7419279353371079,85.53369091896279,26.255364580174763,1593.1255263092667,1960.4483313148328,539.2893096637783,34805.76572709888,363.58751667460905,0.6903631857126339,0.0024506581798403927,8.541123436334034e-05,0.6624890771443637,83.7044550050296,5354.776490544551,0.03512853588875547,0.32954797225336585,0.027799729315129224,0.2845575864185926,
805,0.4822326643731619,0.008911560127268238,0.00021294381727614278,0.0013065059485286253,0.07457976473158377,202.76576110633923,13.232975110774806,171.31881300472392,122.04405770882099,0.7481948072570929,217.89427522135622,83.88160064402554,948.7361917713597,434.4082604983049,1494.4086828654736,68420.51894860061,319.38168433235694,0.6956732344367689,0.002567006769397561,0.0001051150191630111,0.50473204279637,59.83757888429336,3340.4224775101106,0.09447008037453206,0.10532500279555365,0.046141160491480634,0.2718310919652718,
806,0.6496285427172076,0.002219373798534334,0.0008071490572724496,0.00145260095486776,0.04608986129234002,52.79331627262586,31.334909235527725,233.0755767502784,45.06350959355041,0.4545733134150468,260.08169107499305,53.115655153617176,1917.4065212785688,378.64362589537063,1005.305088621427,10559.993879778576,310.11918048636556,0.525395561339779,0.0018626254933146724,5.7213810900649535e-05,0.6358472701898429,162.0164320875115,5838.998105332746,0.2215720148859739,0.02072931197132249,0.1073115192733814,0.0007586111521146368,
807,0.6249383159168322,0.005924531600987257,0.00030625706527275497,0.006445228684311301,0.07426761126461366,151.69194457639998,64.74082450527195,355.5242590006785,53.17361128844192,0.4452279577942244,149.84811840873664,32.59658400120669,255.91703574392213,1003.2576742566797,1247.7227989050914,79001.88077204212,341.89019472290636,0.6700849368175967,0.00060873647048185,5.733928858401657e-05,0.5420094126291655,293.75120151987016,6334.092242598866,0.0030702445151719847,0.1402913426163671,0.13017325876041672,0.10152683819121198,
808,0.43542267610535185,0.002083204948918584,0.000682035452805834,0.002704059230729501,0.02417912034856165,336.7269209574169,43.732808119320936,136.82453206178832,106.31658793834083,0.4773302940099108,221.111284187115,98.98278167191204,617.019282309545,471.08242172211123,1276.0114493202584,20174.05277442664,354.92900331203623,0.5447658417116342,0.0017739237375297176,8.839996557253206e-05,0.8533680043996809,218.99603515881307,5258.890500643142,0.07577294483893429,0.06560008981852218,0.23976805174311075,0.18343623749408086,
809,0.67666311710036,0.0025960794027389137,0.0006593388409999298,0.0009390576200055444,0.032878325113801336,230.9349196808974,35.276423236241506,145.19038978089642,78.85694358316682,0.18044172855504476,160.40239540543135,51.638844272962615,550.8642193715294,798.2403118590436,1064.6610134464781,94415.3095137722,335.99653570502096,0.884340151890391,0.0006664355674044863,8.03601088054221e-05,0.761793126017133,132.20914602327804,8383.316782239,0.15574239839453077,0.05919542837775059,0.03618128535052118,0.07221777077683744,
810,0.494223387266179,0.005739862259116851,0.0007878030714559413,0.001686939159717224,0.07112652914676602,364.1620984762427,11.53377200909688,291.1056013298812,61.197894572778175,0.28732366737562964,267.0867294024097,70.33655702585676,762.4997911364487,1388.696325391092,1185.122692438363,12643.45087169394,313.16423889932736,0.8697871556483602,0.0027314218351077112,9.913478522604284e-05,0.5122919629797988,24.422076729665612,4494.7388378933865,0.06804120582772456,0.14754779867009377,0.24384001361879562,0.046347594617207055,
811,0.3727241082581498,0.0035590980699316418,0.0006027576935851214,0.0015678241070108392,0.06223349229079908,229.74027770032745,51.72234299049746,341.8789569868814,129.25109843696933,0.8672961436881534,258.6096687198114,55.687384242395176,1973.7639032045613,736.4304247763711,961.5124797945531,98692.45164102672,342.2985488506476,0.8007607321397576,0.0018346707465490698,6.86122571176797e-05,0.6097824780734444,66.22039115949241,7116.656470732351,0.3740578602446012,0.10690476162248785,0.040171822479686356,0.10614144739507478,
812,0.4840571623530434,0.004337302001523637,0.00011967140001599959,0.006597135112919669,0.0314608056057491,222.03057591690356,75.71467020469856,111.46297822744128,114.12352092499138,0.8476311945387339,293.5726232503555,50.77851195048936,39.3671639140366,508.4439365972226,1083.3646411337913,30316.742541617168,298.90693926254613,0.7187001937418619,0.0007314788411344867,8.826904542765315e-05,0.6844988342789518,263.23302690198955,5573.295173057825,0.05747064116602189,0.060895020806042005,0.053526236831263854,0.3440509388436288,
813,0.5233146731137794,0.0074759812544122044,0.0001839185112439292,0.0007720862920156095,0.06840510596777392,77.55530334810372,32.76339567381076,117.61402963747945,55.20580214973089,0.9309011814149365,288.80946659908705,21.41366774712897,1201.3519450151887,1535.9707785721118,667.7469837034992,1584.200732795368,307.67613002047267,0.6005221578022727,0.0010466851337096058,4.948034633118242e-05,0.5169105059070317,197.284060754002,6273.525458376417,0.12382299250082948,0.11536066825439614,0.14918011634277029,0.08832154978822468,
814,0.5967132789481391,0.009499268392613764,0.000753727460927437,0.008939630352831894,0.054963754404564275,7.950024676910569,47.707193284855244,116.12313263824534,139.90817929555476,0.17548971657114706,49.67544442984426,31.71384840246774,462.55962675377737,1592.7370817903886,469.17229254826873,52760.38410149795,347.51680745101993,0.8514793611382376,0.002629181587203024,7.371494228225349e-05,0.6610726690881786,37.34353519928447,7636.033028227234,0.16837376277539748,0.038008039629452296,0.04367433568046986,0.1532305829665413,
815,0.3568240474098918,0.0032208950802675644,0.0003264944588404949,0.008963139043556221,0.04176863341572575,227.1308653257326,87.16455613686007,8.959217615287663,118.9609474322687,0.870291430835376,140.42218661325566,58.87597945413376,494.56969284497274,325.5610475660092,1047.4597617770041,62797.66988229724,341.64709859798273,0.5261431876762944,0.0017537009948068655,8.74982300559092e-05,0.7249875920691505,195.8944599845886,4359.485700148317,0.2547429342441148,0.22992493087712942,0.10168051427764238,0.056827573191221586,
816,0.6039168356484845,0.009508728011859733,0.000336767562608746,0.008466171352612616,0.05618534035552625,258.44608993737745,88.29009681448628,257.0516334530355,110.29881135955347,0.7319738709024822,290.6307704934699,98.09374240520668,331.5295026353312,1321.524098875149,1358.3886409792203,28101.387925213672,339.7356578900465,0.5835539724581313,0.0021306732561608933,8.275539728412108e-05,0.6393498922084098,124.9627187320403,4508.408896980599,0.15777181875437946,0.08006427746954198,0.0582573757851248,0.09998969234246924,
817,0.6962533770430288,0.0030587632178185136,0.0009318965299818775,0.0018442248636665653,0.028520147418256973,251.50613749940942,76.20405392903537,51.70563729397523,73.18048554602636,0.4742760006680672,86.87748383504663,25.88733253628348,1322.938522874005,788.2280110475829,1757.0086158731815,40630.03541954521,354.8352693196542,0.701829401541804,0.0013058974025334294,8.683785702094267e-05,0.8291489553412679,189.31643461842722,6701.237629296082,0.01825783764531067,0.0264876554774515,0.11044667256318176,0.14855445727102726,
818,0.41518444625473755,0.003943422007427481,0.0007971960219842453,0.004247241101878778,0.01975903364499614,114.12954500531465,28.464994043833556,195.601304941064,123.73758075664948,0.26905637188234505,263.88143682541033,18.498863806563044,1014.1491324379621,431.28779273866206,1896.891897467575,4866.808641164909,364.0786574752268,0.8534060117733928,0.0012692865435732009,9.717176753956788e-05,0.899733105144185,103.91307218249797,7901.859360630955,0.08165819330507709,0.2480106278830187,0.232723454591802,0.022423277965364745,
819,0.5247676537689681,0.004927475872423786,0.0009005643156160913,0.0038527023576200516,0.05382976280114332,294.7530257227248,69.80793946606487,141.37393391307674,133.39461120460544,0.8662210171236975,399.58189090376834,72.6718106969912,347.5342917639988,1970.8335098404536,1130.5176362389143,65240.152741544116,331.49916916795564,0.6035405780965928,0.0022613615482854634,0.00010547066699675427,0.6368758336278505,111.65637136431683,3644.42948687649,0.15451978740642464,0.2214527311792749,0.06879922111418087,0.030460606531151607,
820,0.5502978274704329,0.0009501429946346473,0.0007359818213325218,0.004266448748417904,0.061470678141679724,342.1964139679495,66.23857071348513,240.27389380928818,72.58855461637955,0.8744316904607533,378.2869730236122,66.0713628925358,639.1363982095537,50.25546476737577,436.28218831482474,59527.1655933242,318.3294822757223,0.5209670882223866,0.0019986040856112015,7.294043081507146e-05,0.5711015497305298,136.88375814785732,4079.0150005657756,0.02992404839370854,0.23332625182834907,0.1720509812537138,0.014400891053795812,
821,0.4256250780987505,0.003943572012627249,0.0003930297785323908,0.009429413453780748,0.07813464782601644,118.89970426859023,22.57708195253371,58.127456669865225,115.18312575262114,0.7171595325373131,227.17033839558033,50.36417265358872,105.32443198862781,103.2821286894798,1156.8397790785616,70970.52313128275,367.9141396577072,0.837994717753574,0.001611370880923269,0.00010486768887152563,0.5606747928205572,56.36956651922772,4480.336315381326,0.07768549984278826,0.25394962590827574,0.23624641844980773,0.006493377700377754,|NEE| >30
822,0.41700405532262463,0.002610674630522078,0.0004834613582973825,0.0028657942880733972,0.07640139719127655,244.1037886543015,19.64162411911536,55.504445606751226,117.01325792358021,0.37776199866368787,83.64086545634098,55.85718602476779,1312.346758718944,447.01808567757195,1094.3440799828709,65156.55225701859,318.04645399186376,0.8336443894659338,0.0018090467884002604,4.5990411231053454e-05,0.49339642851150367,45.37155402870571,8943.541781888152,0.11960972513094421,0.20735541042718802,0.06148765544922542,0.19454315367001768,
823,0.41348083169377603,0.006481735297300412,0.00016808776998069054,0.008077169644593218,0.06659806041967095,199.72562970503853,64.17674629974431,271.42683735273283,137.88443083980184,0.8847295572873694,335.1758368859108,86.6963922391438,655.6713181331463,1155.560691224942,657.0701487630346,79958.0853613187,297.4953755154699,0.6961278805233085,0.0020082401686649463,4.9045063104680724e-05,0.5085919810115548,76.95639477302721,7218.770562840511,0.1821371272187249,0.31088745728696143,0.028689603731413844,0.06480498006912386,
824,0.4006701046398254,0.001937788656477452,8.916359342817249e-05,0.008638654091389595,0.02506845947505302,209.187760056918,58.09916097175824,35.29833909218218,142.33195407604387,0.9978408906235381,375.9446193216159,29.28559214455659,1499.7719099488577,54.94711091278792,681.0249208114894,88948.18620229402,355.4550184130555,0.6550864035560762,0.002707281023146326,0.00010877217017343931,0.8497590703471528,108.26118698370543,5117.720942730637,0.10208670931315238,0.1818005748663088,0.22238338625027546,0.09305922493043811,
825,0.5651972394379612,0.007659975455479526,0.0005476550446022924,0.004020691723169366,0.06005773618398408,144.77290192760668,25.828057525518894,78.44683285870194,136.22314689652936,0.16477406064600142,306.0683623396094,43.78610322169823,32.60744894413868,963.6111315504971,152.20294384165058,68111.7845315342,366.21138494908155,0.6249003167248558,0.0014742457317179257,0.00010487041083158969,0.6655826682683559,169.34751289390488,3966.06456396358,0.13430520568235715,0.04199548204313454,0.22858026333522075,0.02992180950132642,
826,0.3204234005166285,0.005581661443720986,0.0009314314601881086,0.006356618021501703,0.028436367491464703,307.27448547490826,33.4130139249276,160.67984381725591,49.21477893728779,0.9759946040376659,31.0266101061841,20.17468900106411,190.4452977754362,1769.9952156297056,278.31416248709456,22872.652982910517,299.2405186758187,0.7729943360408695,0.0010710519457645693,4.790180325271072e-05,0.6996350797707046,148.28517556081158,11290.05417823498,0.07407988349454775,0.19472350039755157,0.14561495778262146,0.26515825780865065,
827,0.40633893461677334,0.008646947582489692,0.00019073117584586294,0.0022511584998131796,0.05503093746590999,88.353710163324,45.32675416250925,40.55160527142524,65.61500300861323,0.9959704260193554,103.80749850507736,64.6983265979872,1028.6747727430945,1573.097311608801,291.6425088233516,82936.74729571966,334.17959448629006,0.5291316907867247,0.0011915968636840779,6.638588296970569e-05,0.6353270765363728,251.05419076145583,5063.9032753949405,0.032924068275230846,0.2966784064068191,0.2151766854296126,0.04888190527156403,
828,0.6024165795644287,0.005036835352893569,0.000567072314013475,0.005269878639565683,0.07702013443913384,146.28131602630893,23.70784900450031,74.18223112114231,32.27023638990184,0.6975226308973558,246.4438019218669,63.340943655107054,1663.7679919435025,1092.5499372669212,834.8550521884838,26094.764026127552,359.6628688364734,0.6814809881944838,0.0024787405241185347,0.0001057993790393579,0.554430684107726,71.24453402779979,3571.230511197241,0.12614331536833767,0.04559672189554092,0.07773928853631798,0.14810409463537472,
829,0.554833328319565,0.006068937297643558,0.0005145254421020058,0.0031769309519243264,0.07016951751681579,288.9486682680194,82.02018806775938,171.87217707890883,96.38318803492943,0.7254933203097541,137.9136029835621,73.4332023668563,1998.9605276182415,1680.9031653292666,1245.6460930052613,95530.6897609834,355.6918171141073,0.502841346894134,0.0026780176324388873,8.790239714107855e-05,0.5873736997089767,109.04256711378774,3360.042409512706,0.05269412180175977,0.04734610697158603,0.05022423887361663,0.29490220403347256,|NEE| >30
830,0.5323936914878076,0.0008375024903893414,0.0008906219962085682,0.000815555694410447,0.024320445223026954,215.39068838068567,35.995672578453146,55.48060632698952,102.30944365366199,0.9781977033790306,162.5669239330352,68.72963157697302,585.6339851048857,1108.6767515445335,1967.8404768114203,83792.82067381797,298.2038538444444,0.7899233951356374,0.0019833909965451344,7.426200384795311e-05,0.7163335896037116,75.87254793249485,7619.625539704026,0.28764374332806364,0.12888442127436106,0.03903508972567774,0.012043054184089989,
831,0.5588399724681612,0.004671114135649204,0.0007573615692095699,0.005906332050027742,0.02916601063666873,160.18825015904602,25.28035969274783,350.0427520797038,75.14289412593416,0.9598730661021816,260.37855137276017,18.57788353822272,1287.0774188881153,728.9916083504713,188.06843747619908,52543.122962588684,297.3161013785278,0.8811909016524078,0.0010782902315269309,5.0264349108425726e-05,0.6917101281148941,76.2145981076483,12126.461046194901,0.14714485774147065,0.06554866456508,0.12622900682051394,0.10223749840477431,
832,0.36369957208529796,0.005897639316854749,0.00021876308826941385,0.0019182343540907708,0.0732362724472172,345.7756471958451,62.77096656087402,317.9081408881699,98.25041828732778,0.7563270500930168,174.79202118421796,65.59838847497532,1432.6511385184826,1427.5671728929515,316.67122919084403,24351.390083801973,334.49488773688546,0.5421558429632257,0.0011922681617000611,5.8054771945244174e-05,0.5358142418042323,205.75859336657527,5003.806099024258,0.00286202737135225,0.36691321326475884,0.2137598630721143,0.05276532420647661,
833,0.4758982560088175,0.004334253591058044,0.00030255636732352906,0.0010019284060679146,0.06124507152595056,128.39760493482515,30.759509000695207,193.95387120658825,110.12977738372417,0.7638734665284547,282.66700266002164,72.87794106029695,1688.6017072888912,1087.435792688646,1066.53027250117,79497.15772025191,301.8589972079582,0.8223313828390506,0.0007675697509923654,8.863544615889062e-05,0.5426804766502531,125.6137174791485,5034.8162743331,0.028944879860370455,0.18843536868757368,0.14576902992432428,0.16095246551891396,
834,0.5299130639233526,0.002313223107825093,4.21630837279305e-05,0.0095551892331709,0.029873671218275683,54.069338263154975,12.68900018319588,157.57679467363093,70.26416223070211,0.9636699014388236,258.50348951485404,70.08724098908894,1048.5584241272077,826.2456236590216,1405.1359792164467,80374.59925518009,339.803613048031,0.7469562097417426,0.0009662957848814732,7.929716382715121e-05,0.7867469224156316,206.02534579667045,7410.927085293124,0.0019693446357547714,0.24824736241966175,0.007937582797548486,0.21193264622368244,
835,0.35810608067585437,0.007385397679240951,0.0004468517981482842,0.003981966099298113,0.03986291709140492,338.7559905477044,68.36533104622046,345.5551017878283,139.79547212478158,0.42481852390190156,181.87830530126703,87.09485201465586,840.3208672027807,1850.2828584486456,1326.1605522605723,29413.994331619127,311.739194672357,0.7234900276537631,0.0018702808985181253,8.520747826495494e-05,0.6713230334740692,99.25114113520833,5700.151324071336,0.02704667642969453,0.44086446061357937,0.131759768314058,0.04222301396681383,
836,0.4795782491997225,0.005072844823476493,0.00023665320954278086,0.005877131187065658,0.03969920711938395,261.932249369071,80.435759724082,10.161457847330334,72.67414611430453,0.8419918712408352,64.18993178668529,35.88888284286186,400.50165300562946,836.9090467682609,446.2267543614413,27800.164837834807,369.02187328224613,0.8091294317863184,0.001569247239481239,9.927088754577997e-05,0.7956742191713005,96.77938982795915,6485.3195610666735,0.4726927308980225,0.01773637073198694,0.0021228038237423967,0.02786984534652576,
837,0.5778617323389161,0.0008623336371859933,0.0007642545458915298,0.006575880274296144,0.037067276961970444,281.32577327389436,16.911785000869777,210.02938057075744,46.43747278536402,0.7264858511540977,161.4015579207174,59.2006766666636,572.2323985693143,829.5216750810963,1795.0118646042263,21784.89830378589,350.6140404677341,0.6118722327909317,0.0006472507755763879,0.00010331556403754544,0.7711147348803176,462.4035251940587,4566.821068679875,0.055779185298754926,0.13058252890314975,0.005022637008835933,0.23075391645034324,
838,0.3750855479456034,0.008060644766190004,0.0008802413825599009,0.007867895027352483,0.0721813203268449,191.7103259905517,68.59459643621688,214.99099651391555,39.769626259143266,0.15553354286504556,41.10645717243963,17.878412520359475,434.3365511577274,1483.051003900662,1288.5112525926604,94727.78417490296,320.3766650656568,0.6559618816491608,0.0011361160759452518,0.00011273913222526163,0.5186354099352589,157.0529229557711,3017.63063699355,0.014219640156557665,0.028054380770402204,0.36059286046481637,0.22204757066262032,|NEE| >30
839,0.6888755930545252,0.007846340376448581,0.0009337599113512354,0.006360911237096771,0.06125445644345007,329.90648800106425,92.7329788739616,14.59969274887875,62.14903211260077,0.9448319776633046,26.236211398632257,51.45325593163445,984.3540903775684,604.1059134119624,1474.6488075426494,8500.718648513603,308.4748614629556,0.8945614730664653,0.0013239081993329505,0.0001058329292313606,0.5545264843126279,44.163527109368,4687.18037253456,0.036832876380928754,0.10778455554415849,0.06549924056942784,0.10100773445095976,
840,0.5150583031789044,0.005727616129736359,0.0002100208482445859,0.0058880282215801605,0.05319677492645772,197.7616917430057,94.4515896094131,15.00634807321405,54.65584612587614,0.3947127888176871,201.28404391303198,46.668368121563326,632.4945636229169,820.9841960778467,81.08525380408055,44327.075020809745,329.92824262028705,0.529193985249954,0.0020659914390023315,6.936267002926038e-05,0.6373440217383547,145.24038833592806,4862.538058247665,0.21416793171257753,0.08764631356906843,0.14125738856548042,0.0418700629739691,
841,0.39921156606865,0.007927668572478903,0.0007516417593122978,0.0012922912444621553,0.06454992108698517,116.49442963367743,29.7979917925058,249.76442608276236,97.62709986205384,0.24624980508551825,317.03331520081525,94.7055135383798,1895.6392475725888,872.3933309540623,1984.3972768489668,28418.488150632733,304.1148509627125,0.5956297174401921,0.0027114130222541306,4.8436803263054686e-05,0.5301371055607919,79.06272095456649,6519.121682635624,0.14535446339102737,0.04185130723581665,0.030019231189521604,0.3835634321149845,
842,0.6196558998469843,0.005378411544341607,0.00033825901264158503,0.0006461318845420081,0.06703003947382932,147.79690015307932,35.26676702461547,304.38573249821616,56.051439594653296,0.6273422535023608,89.83294236182621,98.62249217341535,435.5902024838533,1631.9514381605338,882.775859778456,95990.07497355816,362.0913013231626,0.6426121843975872,0.0014406237399841697,5.6201158870397624e-05,0.6164629654858883,152.93122452446062,7048.726766731498,0.24456226469254017,0.01513658165133591,0.006107625110332617,0.11453762869880697,
843,0.4226701641789128,0.006863945210960816,0.0008675434619089538,0.006414256557930055,0.06820817360728526,29.94554211615478,12.255872823689769,136.10991204661073,60.70590734596486,0.19051842604917496,347.14221039631764,19.61919260328443,657.8844071430532,1493.4707369862158,1159.9355211055295,45487.23806530638,293.36685878967154,0.6428114237113381,0.0017521146948426159,7.329504443013025e-05,0.4938123784240612,100.66928890111963,4330.828100167764,0.1523579978633787,0.13457180355712267,0.27828737457471336,0.012112659825872375,
844,0.31234800130603346,0.002327320079109204,0.0007020150906186971,0.005157216318841241,0.040358567203148094,62.27337135797943,75.61786198679513,210.7060072496451,34.021445042485084,0.1638710044101946,395.509424133359,10.843032741300787,1541.2850967328086,1950.938950031986,1509.7431163587962,78834.74045133073,308.0854856229769,0.7880516334553855,0.0011663563168102936,5.493669084998111e-05,0.6609396360127551,120.1048720862547,9480.99624707262,0.04443609761386341,0.007109678441924873,0.4288352008821052,0.20727102175607307,
845,0.41330242523453975,0.0077621135059963734,0.0004471468079628555,0.009510532154480547,0.034526679191449465,356.4984415424228,69.17565527249467,146.41021979995926,102.26701911275003,0.3942460951058435,133.18258219311866,37.483260289713435,390.466710938817,693.2167064139948,1638.0075244043621,76712.61735175652,356.3062174131601,0.6200534585912689,0.0024277652342618297,5.568843268274577e-05,0.7983589195223817,124.9435925659303,8889.192699445777,0.08355218852285319,0.3763315965806441,0.05113787437284187,0.07567591528912114,
846,0.5283273349797256,0.007467788342026529,0.0005887737986552772,0.009490547002271834,0.07119976186419903,318.9913978053089,19.641091612992383,328.3252744387448,115.7893727075818,0.9725247301536286,289.27283747553287,87.04525692375165,751.3031770774091,1330.2086955887896,1255.6648303637817,30264.27731350818,354.5222632669218,0.8331515682722657,0.0011509010638052239,0.00011288261955657607,0.5795280103778634,84.01533608296745,4277.3163184969235,0.07242882416720431,0.32974187889123185,0.01781249370447785,0.05168946825736038,
847,0.3503557508372966,0.0026763890848560496,0.0007869756659351976,0.006508003661180083,0.04090799514834609,128.8960069398164,57.97984234104444,104.87644409466226,60.780679008089265,0.18669916457089022,120.92912259039471,75.8717431525188,65.07037756840111,55.195005361157435,888.1587143679792,48736.752489529375,302.2896408232074,0.8574045177104492,0.0009461002463223777,7.485836558506844e-05,0.6457667294971722,97.32945171205282,7396.411969865623,0.2313553049627262,0.0527909587976001,0.08526723173929589,0.28023075366308137,
848,0.6261477153872639,0.0070864962170094315,0.00019586159773214845,0.00492268304894054,0.03449944706879744,261.89513550638225,31.858623027838313,344.5088112446577,98.7764933602254,0.7125332870656094,384.85619098331125,76.17373042424319,703.2210430762927,1418.552960825887,300.55673286552144,45842.402722846295,305.61357582788,0.7919872996317094,0.0014854508048417346,5.9992399752339064e-05,0.6849090291221971,95.91012788169154,9041.799539727786,0.29135745161743637,0.03384035206968171,0.039509176220567765,0.009145304705050225,
849,0.6721464185089201,0.0018662875053386686,0.000474996928677663,0.005700775586885156,0.06046236488560733,113.63587636854969,72.92635885899642,299.47400457683716,60.39917948050332,0.8557343086330348,258.60709440035936,74.35975246402992,696.1250642085196,1837.8207954177994,579.167641814971,51961.7939495704,291.73982337271184,0.6652464356386887,0.0012073278092522531,6.687173707185774e-05,0.5282733837194389,146.47339090683076,5255.314142423294,0.07518368695143375,0.1440707325393438,0.06009355714274782,0.04850560485755457,
850,0.5963069468607991,0.009450381910434173,0.0009514700962572882,0.006643929090564126,0.07300704227002348,167.4252574931569,70.93514946235301,55.48729420966464,50.80062151842267,0.24001506258449878,333.480744238741,75.05689464445007,1269.5671073055462,26.94933095980492,1634.219169066306,85776.11790248945,326.7895505214809,0.6219383094725355,0.0016515875088813547,0.00010401355247249264,0.5246746111798687,120.1022467249423,3137.2377247346158,0.09918777362712447,0.15891864618726773,0.07020519166737238,0.07538144165743631,pool growth >100x
851,0.5242475391775584,0.008027281870468047,0.00021527869809893888,0.0077221957217620055,0.030869447369152335,257.79796124606935,69.61244869300185,226.84700855233368,112.04425413753192,0.3593864995985847,276.52935514115137,95.65305792005708,672.4034577644762,1998.3293784217112,809.660179640482,64128.428612219745,322.32936917426116,0.7978807958190082,0.0010617791133497715,9.512966432180647e-05,0.7411809483549475,141.09045991966633,6216.505115784086,0.18966662245538274,0.1596724543195477,0.07094287845882437,0.055470505588686804,
852,0.3494041286806909,0.0033472009902359287,0.0003384977653315221,0.006013213871571476,0.03411771142432037,203.25893323588886,52.33048271736698,284.27942896561905,120.2298000200173,0.6895998324868552,82.86479161317023,10.975322462397457,615.5296429608122,213.46431846176839,1421.5261664542354,82817.81362711197,302.4778907241053,0.7755876171958889,0.002677702310490291,6.901270413721363e-05,0.6797501108241133,56.9683722808854,7639.2567909598965,0.3426125253774244,0.043616657086782085,0.255516709823452,0.008849979031650593,
853,0.3055645943874226,0.006620521597406728,0.0003639553673197008,0.004660783541820648,0.041342730505264394,307.772256013175,53.190343580477425,110.83470229655339,20.433901524032162,0.9040687465535334,119.47955168443735,22.22630566990989,133.1293107154504,1876.6009841622413,817.906726078923,2278.311442238329,323.9117725773617,0.656216315389416,0.002406268494475691,9.801417143680719e-05,0.6896322377704979,98.5277878471509,4617.168307496081,0.12651329688599533,0.25859990666986404,0.10023565957627363,0.2090865424804445,
854,0.41181267262290233,0.009703372518046103,0.0005382144240988915,0.004000845089215859,0.021476613053188855,129.37451072637197,67.57435235855118,359.03278543629546,38.89984709251131,0.7094508818685905,104.1337348040584,23.370983051756966,1509.0890058069194,1967.386336809466,1586.0157604418437,90732.36301069336,341.2408080087445,0.819086181076401,0.00080386304816735,7.242991010724715e-05,0.8345063749880637,187.81026887523947,9437.15985234243,0.09099437141846739,0.09578897563381672,0.04417361294813087,0.3572303673766827,
855,0.4495647969298925,0.004310546147527685,0.0009222708499604041,0.007975026716917884,0.04095297973691729,74.71531256795109,20.372890247658034,145.00615815062537,121.80682256584112,0.3429891364379525,66.93288056506952,16.83876419888913,635.174770429696,891.7590876684629,1142.916180516187,45541.490779111315,308.55431559109076,0.8897376990808818,0.002454827686968846,8.675465623759069e-05,0.6589205929317388,29.596415701728713,6757.7524672164745,0.20565598120269865,0.1529740630800509,0.10848558614849119,0.08331957263886675,
856,0.5634665120151985,0.009568609875447881,0.00047514481954580404,0.009273895122934958,0.06317795236259284,241.44594303799178,93.96414692427291,337.8283712893586,41.65889187899337,0.9974072317192336,77.63693819491837,19.828380743052712,1085.4732466614794,1162.57156644205,360.7116197599658,94572.03896153257,357.41606756289053,0.5311822273294194,0.0015383592428536337,0.00010419951476093018,0.6311358867514659,192.33980752793912,3217.367824037832,0.18758274154232674,0.12851274221907238,0.009184012938837334,0.11125399128456502,
857,0.33514120281366877,0.007339291715696688,0.0006846054997156002,0.0005072099800366426,0.025007251437181827,129.67325861416683,40.99567804887219,83.75273313820364,84.8773111099085,0.7240258736292001,183.35255677363938,95.5122148004863,784.4947081023694,1242.4118192838907,1127.8041477933023,7583.413411630432,324.92587529658994,0.5913165093768405,0.002096047435868058,5.192117576410841e-05,0.7770828031976476,151.51418192142256,8849.990084416455,0.47715397649452684,0.01658922751185556,0.16203170810524384,0.009083885074704947,
858,0.4045201398568266,0.004295343606486761,0.0006403782712747541,0.008051975493145649,0.05426025085799162,262.3884173359512,79.43388255458095,311.8715855607664,65.72101769474907,0.7610000062449056,234.0922206294211,49.06370273290038,810.8217593838929,1021.0340693568068,64.77128555370885,23396.277682240503,348.0120564779543,0.8458713854261954,0.0012385658140190597,5.774138704538065e-05,0.6660999288757022,82.89027360781158,9757.903273566333,0.2509976886143346,0.18230786268063642,0.049319440483369247,0.1128548683648332,
859,0.43398839835926867,0.0004954799748874276,0.0008750260704734139,0.009406464972501225,0.021342429040336383,243.48972818186823,23.85233980128304,151.4488210516951,138.13088997643175,0.2768653140841957,113.24698878344367,87.05493274264641,1320.8031471625939,268.49229710599457,1004.1494887693874,73940.25370185946,351.6307944489711,0.6623760934189966,0.0010625491200217704,6.459244129151895e-05,0.860626834309724,273.4633048325686,8825.469807354724,0.01085431072657997,0.419123119920777,0.11557113451414558,0.020463036479228803,
860,0.35963399799011025,0.0038263022946085443,0.0005159817632369623,0.000612275262667499,0.07891265677280199,188.32137968472705,26.323012663922103,103.91702083557942,69.90558640101375,0.861750914090944,190.2158378454251,27.846021649539487,1144.2714122497846,51.70755337868354,312.909201022524,14000.132102539743,330.7909593683563,0.8522263876909153,0.0018274242209906765,9.491291455492504e-05,0.5000535576118483,40.436544348882656,4489.998427020416,0.17694721127012517,0.03188153590692858,0.048075383002745053,0.383461871830091,
861,0.4490843070713084,0.006122731123286362,0.0006496940722852967,0.009450830403764307,0.0733102948000854,239.18886287254782,35.02292131242904,153.32730352112742,137.8869609794165,0.6378220419767671,294.30065011834336,22.356611693352313,1314.362107151482,985.5804233623808,1002.5999798400577,16660.792328016814,344.6704977295554,0.5972350131433114,0.001248999448437765,5.773834433428303e-05,0.5517045607211417,177.9082292034318,5706.73240413428,0.10303841495972087,0.028272889125278432,0.18691628892274548,0.2326880999209468,
862,0.6445353476649696,0.006680103165875424,0.0005231294562891366,0.0021103658660345413,0.06834923510261134,137.5058562330384,51.62159192259945,278.77911750868327,42.949772429599335,0.9954867343369058,234.24631123291422,58.62353093471919,1239.989553508354,1655.0805822428965,361.5931235658086,66034.40934475254,351.3525167506321,0.6934660011608812,0.0014831873548038484,7.822086424986958e-05,0.5906089643679379,122.06261536114391,5236.0356881468,0.07852836145727692,0.0067474344429078485,0.026790302567373768,0.24339855386747186,
863,0.5894634468377731,0.006471129429750208,0.000912841238627769,0.0007163330552495138,0.019670867568777464,308.9783472988332,31.91330564406398,324.264295178038,58.89768015677998,0.8522087297570933,101.35457717477709,98.934961051948,999.7190064596992,1178.4814859509154,281.54544061123596,45508.54523350391,335.03033863675904,0.6672194601580645,0.0013581529198155363,9.285064625276859e-05,0.8283870135859528,202.9749916648735,5952.741938942509,0.08367672033787771,0.20075279610716606,0.06926447049234019,0.05684256622484292,
864,0.32915301717814394,0.004778037034524909,0.0006544528753586452,0.008089405035231421,0.04909570711208156,312.4731205582353,82.51831201038917,231.20851590655872,82.31462540368835,0.7416060586301513,68.85648008985294,10.652912763490276,182.1233420916928,530.2978702949006,368.99987472945895,41723.360405703206,360.3654187653386,0.6693889524854556,0.0017875487743567644,6.0375016029386664e-05,0.7208143543084521,133.31618815670694,7991.801862746709,0.2160905333619277,0.33565693561136767,0.10467169651752771,0.014427817331033023,
865,0.5984623231554393,0.0023772037338998507,0.000481616665235322,0.0033098115280302447,0.01901208282157511,312.3203850253853,26.18937246057679,202.99158781698048,69.09728552802444,0.3637918482937026,183.95467952577695,66.79256750838653,676.3270205402486,825.3818414782851,823.9988592908362,52766.42332147448,354.16069795119665,0.729753044301028,0.0018161738462575438,8.272014949510162e-05,0.8791523443452282,130.81800794813387,7755.838252302808,0.020248112252949865,0.20275507782586344,0.04547613909930965,0.13305834766643768,
866,0.6562107881289628,0.0023510656433388282,0.0005706772617178656,0.002302800176466734,0.027810493159254983,281.6961367679466,47.82750143878297,261.61087181705864,45.05461413405684,0.8941280324634757,281.169636589561,82.81638991649811,155.20517339022555,420.3712678531951,1223.7919419623079,88219.5982172739,298.6136641319632,0.8304298709363956,0.0010206386886193076,6.889273655956462e-05,0.7011102324951064,116.4832902550818,8451.150425411073,0.009042341980462935,0.049639327318204966,0.23475953942079758,0.05034800315157173,
867,0.5493795391414071,0.009144886896451373,0.00013947536797556532,0.006669825471145708,0.05475609373708418,112.79390255170854,62.37978812447464,56.193043322963184,83.38880457105583,0.8559674649758684,73.17747437837112,70.81262773001501,265.43416870962017,712.5270048986422,810.8478946137726,23701.355038485977,320.66388438177245,0.681488946400792,0.001080962803034359,0.00011240745011381072,0.6111019711110397,180.06422804628474,3704.907797608179,0.07343117486095369,0.05854081096309765,0.2574933869569058,0.06115508807763566,
868,0.6464670396615159,0.009876572975316937,0.0003226420799040653,0.00935355337731157,0.05537011349671875,222.33413305366545,35.05066277273248,89.70979542978998,75.53742353511285,0.5619129160209889,101.51668036477443,90.31523779751635,1767.0140254861444,1132.123864857129,280.94258526201213,94115.24783981915,291.8392545738726,0.5549948437179417,0.002236082041112427,7.465874094643842e-05,0.553180437521858,110.08904974216676,4112.208250210415,0.016808499041110366,0.28699993911924304,0.045736678616041096,0.003987843562089602,
869,0.651868484459104,0.007524260663874551,0.0005474692136491948,0.0014624878354598063,0.0713628346403038,295.7326868998844,24.60048002573714,242.69283456105035,149.3266525420361,0.44701986258104837,397.08047034750814,66.42620311698923,299.7159906061272,982.6130861064707,969.0071246108844,15146.082945317634,357.36537249418524,0.5564069898978032,0.0012538709447159138,0.00010731173383164477,0.583233686701479,206.33573795389907,3024.0430234188725,0.02918058786890123,0.19817786620421857,0.06922357792006338,0.051549483547712896,
870,0.6486469762350847,0.003150853547674087,0.0008418283342613596,0.009123733444996524,0.06380245735320449,345.5359848483271,45.169969204052634,330.3017079057047,27.067488158264517,0.6307258809916765,137.29388397669516,15.459579788451311,670.397064436877,1128.8322788691885,278.25592803759616,82504.87573413952,353.2934489576916,0.7098933830801328,0.0011965198232733773,8.139849571053955e-05,0.6202161905637419,150.3767988658431,5409.035706581962,0.20576094794643912,0.016038233412950156,0.024724457124624333,0.10482938528090173,
871,0.6622253111247184,0.00282175639555054,0.0001093651177205324,0.004781339781454768,0.051721942980036614,242.1213171055303,72.718603314002,345.1086756380632,133.9295767617523,0.9873586218588811,307.99806989369534,48.34865084031453,1965.8384625674778,621.6771367215518,202.7585322388056,31108.404950440712,323.3214480428581,0.6862752288300406,0.001982235251903306,0.00010480121917316647,0.6325430477198856,100.11143869554692,4142.114263971876,0.26840669954609636,0.018617821969103072,0.002842976861650807,0.04790719049843134,
872,0.4104278166421222,0.008672518400317327,0.0005467802701478202,0.0008909686173168283,0.030109465186291914,73.80782537881444,22.624743072394473,84.30100527584942,58.056495696666055,0.5918856806173222,270.10421344643254,61.1959720388858,1392.5629040857475,38.87144238516393,1486.695150145953,94795.07380557922,342.31077561334433,0.8592272308411312,0.000647567337526053,9.277168094745821e-05,0.7912695825087266,172.01177981966092,7328.533505961214,0.2415477402247818,0.10230901302845612,0.02687963467899606,0.21883579542564371,
873,0.6665231234821387,0.009894017109605913,0.00016837945143492774,0.007691760256162267,0.02729461504392618,283.9436784593125,45.612928042165606,253.21760360110193,118.37970092312358,0.876876850392018,318.0919515319795,99.09416383695441,1996.935672041067,714.1735361648108,273.32970342748763,16452.102627701952,340.05788002134585,0.8798774498000572,0.0011051319447138363,5.37100032396258e-05,0.8011682626215421,87.08315355980156,13124.741114446751,0.08593298393047859,0.03713036833302644,0.029219770044435107,0.1811937542099212,
874,0.6071631605430194,0.0024474149497511963,0.0003526106732064375,0.00011687799702231574,0.043633958038741844,135.5359364863277,30.358187810812908,250.60573899798044,117.93373109265288,0.7482222412270172,137.5066302776262,52.61771114694756,155.46474286067127,1607.5522273994063,1606.7449865119877,94308.83962704403,348.7997477861146,0.5510228728625661,0.0019460234994873973,9.905829396748803e-05,0.7293906909578337,168.28149149961322,4057.3175437758805,0.11784435965454189,0.12113606487390757,0.009613857097863858,0.14424255783066728,
875,0.5466477749659059,0.0031351936526866006,0.00018792687253736573,0.0003532380883484917,0.06830012073084163,328.9502810639216,87.24346075998241,263.6318393723204,46.28377519877475,0.9268773495270661,32.665347062556194,69.01373665784459,1315.8353120864397,1810.8964757328292,1209.386622124219,66536.11539246845,358.2955425918551,0.5998518625824744,0.0005802053274793036,9.486806019409294e-05,0.6025668543817546,415.5701318668042,3810.0373212212494,0.013118288050211542,0.18665298650886009,0.08277331034089801,0.17080764013412447,
876,0.5768705702939874,0.0005544602159921946,0.00018518972767441955,0.007307953450672743,0.07437517091756134,80.83990426909405,57.26157659854869,110.4838422756084,96.0749012622663,0.5884900806044604,371.0786111705814,50.31169954526792,1677.021372033629,479.95521124799757,728.9348105040884,14559.562934548812,339.17222936153877,0.8490022988510415,0.0008242550464429706,9.444690253928442e-05,0.537117064797617,98.39605154049585,4828.253870746323,0.21917584194778525,0.02932531664683055,0.046897225462570434,0.12773104564882642,
877,0.3558723597071305,0.005660300285893149,0.0004946356857222813,0.002486717918829878,0.0723486924726057,331.67535162675745,69.59626355967345,204.3333757107281,21.66246432694107,0.7137489449120515,144.75714511451073,15.137127648417547,1402.2373210124006,922.998467519491,1660.9472350068008,98712.59897766617,313.430562552378,0.7985031283963255,0.001712884130627849,0.0001009187877955936,0.5065457338193089,59.588024002164154,4007.958894133598,0.018179059111644094,0.19472381147963871,0.04850778476997654,0.38271698493161016,|NEE| >30
878,0.6737814497397401,0.0005866613695853104,8.341742350891527e-05,0.0035850961206316326,0.053494750096091795,151.39643788168618,41.2747005295863,9.588439334895096,78.43381016749898,0.39080134393324256,205.99417679404922,68.32561384312304,708.456464321296,1224.1401451427985,1032.0296368686286,60554.09407391037,339.20721250830763,0.5950084298591917,0.0008553189639757461,0.00010513396743809652,0.6535814429483302,309.4693160597866,3698.961217103971,0.062187890831514894,0.11070986946135618,0.09345003838130828,0.05987075158608055,
879,0.38440315849302276,0.006575666809503943,0.0006581091028556422,0.003019040610814704,0.04236341612701447,25.884551610867614,53.741261490441495,210.43362942918492,91.72109875546545,0.7209687800296014,45.882879479379135,65.90775614795444,116.92907466683339,1055.1752139616406,1179.548907880134,46968.04275550886,313.1137651001064,0.7864733969291968,0.0019007283788841625,0.00010650125588004109,0.6613581916302563,74.29655370051391,4883.891924657347,0.42460422704522993,0.041577872820639815,0.12471030074249435,0.024704440898613175,
880,0.5324352833369232,0.008562620344810314,0.00032257559363414127,0.0074508217892880774,0.04443497412651132,108.87851484173355,12.876804894654123,269.6186001521641,48.1520954086872,0.9497519601821893,14.838112552412188,50.85615444698639,1257.1134314807884,558.2140215296985,1700.331721313283,91861.56091215576,297.5948752013368,0.7102771084771171,0.001328689449963579,8.812784855496766e-05,0.6183570970116822,134.83376882749474,4983.724192447728,0.21358644776609773,0.1569232480853525,0.018920024238843026,0.07813499657278343,
881,0.3386595692033836,0.00603445327345555,0.0008147328302076786,0.0026899126509209764,0.037019341268385506,3.425852033620619,67.12629868870476,182.8948896855178,21.79394133951639,0.1939019580500201,391.670061215178,34.17003608080357,1262.5028502774355,1835.873018680408,344.5598605555542,9189.881109418062,367.63974848718755,0.6462415654068098,0.0020704303341659855,0.00010434942517639634,0.8088476728778441,138.20155252742327,5009.236854085416,0.07347916494638496,0.12134291935740646,0.25701516165572336,0.20950318483710154,
882,0.6626812362060421,0.009183946343014775,0.0008061613807369225,0.008477909373317086,0.060971266954516726,324.83388495281076,24.623159210679194,87.73180401671182,92.780530587052,0.6700524084714793,347.3614635446696,25.174924430098287,1220.7383531214819,1122.8987452313997,1388.7577133218497,31176.071661886308,363.0706041544258,0.7472892870985942,0.0011162329784250241,0.00010714874800827533,0.6543735424140678,148.14757098523125,4563.808230115982,0.10776606308356615,0.11344768671070261,0.09395209338244206,0.022152920617247003,
883,0.5048017676190281,0.004189010080892195,0.0008785392010408645,0.0019480345127388034,0.04481503978757926,264.54827086187964,58.63349778924931,356.2418208809245,55.16363655761425,0.8732110570645065,118.47506955439822,89.81263822276881,1581.9823680333009,1835.379947432814,1737.2261421425583,6172.131425979303,299.41197048522855,0.8288949972638635,0.0022965749209776527,8.224782974471079e-05,0.6202421948183433,46.21079045672145,6250.811163925517,0.25939676065503336,0.16273579266092184,0.004934575875187336,0.06813110318982939,
884,0.35170833544106683,0.007214251592775112,0.0007265461059119707,0.00836841524798753,0.06889724900167833,30.616300642232165,38.0318434131337,251.4911677806877,98.84843265923739,0.24193225768810528,271.16622683022837,30.005163561583608,561.1342817126489,369.8416099949001,138.22705699977573,2304.4059106408004,356.35171290071384,0.7716926682630747,0.001310954898611725,0.00010097876869387222,0.5958306572689088,103.76597064641867,4553.4141056394965,0.15437793085760537,0.10576378435669422,0.17906796189405924,0.20908198745057432,
885,0.5680292722092171,0.005497343901967172,0.0005189659976234938,0.0010632810420789095,0.05044397929647078,250.95886298583704,18.74914026015714,166.3512656968997,22.722607767872294,0.17992061666528497,262.40327134524296,72.06454701353405,1538.2448940541656,1502.9083551256394,1835.9956373569069,87598.86121430478,319.6739939991056,0.5470352850402262,0.001010176277193768,0.00010657110787254515,0.6322282827297455,283.4922085794089,3245.262114260682,0.3108918956781628,0.0013123706093688841,0.014363629650448751,0.10540283185280258,
886,0.5585304582856156,0.004849076647213306,7.173321654967192e-05,0.00043882408152381936,0.04129417649386825,230.04960409714306,54.25747812926745,54.659689032611205,124.2405381110291,0.8882781257069499,143.45458391060734,43.347926634103665,572.222132361742,1560.7515696383266,1377.9872079031527,80257.70396983805,332.59490243971675,0.7083517437410565,0.0006190167880823791,9.919755844951691e-05,0.7083859871393647,333.75433733789424,5058.455642204794,0.016221345369427095,0.26336389121337944,0.1138696555549303,0.048014649576647535,
887,0.555383189418897,0.007880204067801225,0.0001550252657908025,0.005152918748091875,0.0356191612295681,91.36038935155752,90.95321715362874,90.8229910169811,100.729475465523,0.8091578495296786,140.41033296371302,14.582283492705013,1536.0856809232469,1388.126871983755,1982.725808078323,1885.0113729230231,363.6631252044768,0.7786219505973284,0.00269638430148657,8.288595031850273e-05,0.8083963735073397,66.37081079747554,7593.991005440421,0.08188352276596426,0.03836028490086084,0.13557641475028304,0.18879658816399492,
888,0.4731425317700595,0.004211087315293808,0.000924898952892488,0.00760517291100385,0.039745719199594035,248.49418055842105,12.312358855979522,239.68029120928927,23.27834568293586,0.30355976315437894,327.0642678028749,72.29752207810638,1077.8081384839456,1651.681556179857,888.2809745365845,57491.733598489154,344.9329903520884,0.615406731447762,0.001190703605632408,5.955207862586256e-05,0.7434704611624033,240.1384638275475,7682.9682017717805,0.3122087681890118,0.12165816932431867,0.005119013331410075,0.08787151738519997,
889,0.5413318400255651,0.000558982533091191,0.000957736805524385,0.008709025631243303,0.028727790366401943,64.84511506298912,77.0137998159132,346.5889769611768,131.569389111212,0.5925889178995026,90.1402820447398,10.573284699767028,1595.14449331288,1839.764113366288,1273.6459529130746,43626.60440113739,307.6940034097926,0.7185379818030111,0.002032115116647829,8.22630391936778e-05,0.717985276351268,99.4459335802346,6271.34247032981,0.002951175278293134,0.06366277973663538,0.2676203641166143,0.12443384084289215,
890,0.5702495830108439,0.008158552560270838,0.0009312191591152914,0.008963924942474458,0.03542064385185564,267.06185574468725,57.845820951150856,100.54421499569433,24.52699803218367,0.4313852804208407,262.8694762432733,19.20312205492034,381.89710068265254,953.1495038887334,1098.0414224221854,75050.27076626116,350.82829829650404,0.641552801360147,0.0016890341738440343,8.709826544058927e-05,0.7809974049771901,165.74343864336686,5752.710119811676,0.09827549512451039,0.26111135433298505,0.06564742741841151,0.004716140113249156,
891,0.658006562206139,0.007821755248906105,0.0002170221833885959,0.0070383913037658525,0.05772996098795369,349.3049547095972,47.466492581599724,175.07247759938008,98.1258358479477,0.9079611059903633,17.459355038709916,20.94557566362113,1115.207453780811,1329.5228087809583,1290.3856384082699,80947.62746793294,367.22876794726506,0.5344418800335676,0.0026927918491385827,6.198845579858078e-05,0.6816406362703429,117.8491880894028,5876.857206111268,0.006986073711549362,0.24413570793277897,0.08286393915296374,0.008007716996569008,
892,0.677637574530308,0.0060212051271313185,0.0003128049275886928,0.0004507509258397218,0.03484729880607755,297.6636024347646,80.14576029052733,89.18751971642303,51.005054566780075,0.4772898979761348,396.6307085302934,51.58492848308688,1641.9870637488227,837.1790972352583,1849.1985862228948,64984.616963848945,314.7489921618908,0.8781148692548697,0.001186377180892332,5.0813645583749914e-05,0.7036082981631686,72.28678264906665,12159.113987007042,0.1676867664069302,0.04359446389348446,0.0007739191217789707,0.11030727604749826,
893,0.6473478598939888,0.0038537474376714584,0.000732875437278191,0.0007124872376795209,0.061163996145764815,309.9935728287433,77.39964881912293,268.8579975675815,49.18129974643341,0.6915306676604922,395.22086966848036,47.4617730063472,257.47352010063275,784.1555132641561,422.96925823134853,98287.60527543735,296.8589846909173,0.6957620599016836,0.0019674962352251206,9.249664752108148e-05,0.5340902094306421,82.58745416367458,4017.4397045264977,0.03797543953726443,0.1241488161987467,0.0593783612623782,0.13114952310762187,
894,0.6794680742921728,0.007894400842734982,0.0008638409164546816,0.008581407364505187,0.04854908969186189,349.3445106870641,61.7116042990582,81.65868708267593,142.89458313614756,0.5701172666605312,104.34088099244342,74.38839607542182,673.9091901720503,1752.5288019354991,202.580869004999,87598.79578695419,306.6280684121238,0.6466821109344791,0.0016566965149144035,8.249768749289479e-05,0.6161234322141378,131.39849605161388,4829.662671147611,0.05525410491470262,0.011369358638755196,0.06413864115242882,0.18976982100194056,
895,0.6146016986147576,0.00599583726755393,0.0009246953016134395,0.0005621064574521003,0.03353138052150788,4.907056739418258,29.375576235975437,130.00862199118507,37.65634914999082,0.8613749708638099,334.73679264491227,71.95150822683013,1032.7860348169759,722.867374831043,997.2302923920859,23334.46231713461,339.8942064511991,0.6732421649906585,0.0007405894695651942,5.23632290937342e-05,0.7670536796262551,338.43419328899904,9862.128231458231,0.024211486160937476,0.19950155045183288,0.07497459893593696,0.08671066583653517,
896,0.36824078612479905,0.00781757261365781,0.0009689205084715879,0.0015552885876549754,0.04980471174279007,234.24330393608307,55.769523423021255,273.76353104416586,44.999335147130914,0.32960682871031804,25.63652664408511,77.65358147682642,720.4363006364821,807.2584009443079,817.3467981855266,45536.66303500379,316.8974137735662,0.7857405765775042,0.0023765608217003256,8.870872931505433e-05,0.630118659706668,56.808502220411754,5581.297385421333,0.12363229034507005,0.04024564159703953,0.398743284521638,0.0691379974114535,
897,0.34391166761589775,0.009133286695689687,0.0002621985897045581,0.0017933269222731349,0.04603348590613279,124.16485123446441,93.69160448272383,353.11299205133116,27.451985659010493,0.3002841822912889,231.71051292838789,78.36367741016112,775.0603766710938,1818.8811758607362,460.18105230601896,3860.9817282374206,331.07971763607463,0.6384653568426049,0.002527904626023149,5.78130037429599e-05,0.6791339853146263,97.12805637887013,7500.103682653658,0.05425599215271046,0.2555532648131685,0.19498769266187677,0.15129138275634646,
898,0.6361793690781563,0.0023677233513863657,0.0005961004547380998,0.007763430074359144,0.044375562807570115,166.50937502607866,39.26385343186444,95.23723577185392,134.69617042849558,0.7286759836372598,22.995704383470127,83.68078503390812,1325.6631481280801,1397.8577590005975,394.0405445579004,25524.8317811507,365.4643060789473,0.8475595380183469,0.0015637621700674898,6.391456067313067e-05,0.7597401090216495,74.06185890802901,10074.777469089297,0.11132897954134574,0.03170936798200819,0.21145800596219633,0.00932427743629343,
899,0.4474266031550742,0.00014017199825934267,0.0007542352614298977,0.009864196853130138,0.02455078334216527,289.154603966549,66.06268207597306,115.72237728685748,73.93478883993171,0.3568726688330168,229.3645230121332,63.46881724444566,1139.7832231578554,1655.2875276446387,210.9253894961159,34757.7868180598,362.190812296157,0.7322631583288486,0.0025863339977646223,0.00010999238122445397,0.8687558851104148,89.93345680168277,5783.654478300296,0.06299547412063113,0.08380613299341041,0.13217983360087454,0.2735919561300098,
900,0.6887560816049301,0.0027662425222447144,0.0009127210562011797,0.0022086959132254446,0.07019338267162123,180.50701824823236,42.54531023211899,282.2911544694103,113.65582622924444,0.8521717411841494,158.58774211903253,12.455092762191494,1956.9735680747424,1591.339540657504,29.77197470076978,65744.77670877331,309.3104268153769,0.5187366606533541,0.0021097520156487908,5.889664355003333e-05,0.5106618091979883,116.48895498073342,4497.692663955123,0.040175080222890555,0.18091401659207496,0.06535276532976804,0.024802056250336407,
901,0.48963022685977853,0.0034987017316318834,0.0004587724789704379,0.004729409044139593,0.05520071386655727,339.1085762905698,83.6680906889347,334.9279077939648,136.3662507014035,0.25680702629398283,217.59720011798635,25.854578157217677,1809.319676047519,1669.8010230450536,532.1550078208039,48784.601383700945,355.90096518139285,0.7378988049100167,0.0008977631198234412,8.564353751120915e-05,0.6756148190477489,197.24518370474294,5821.050624976602,0.3966653501984706,0.02480694801659859,0.031004304872513523,0.05789317005263872,
902,0.4478868434976113,0.005208360776243403,0.0008416611293048192,0.006828247645776602,0.07894418960314524,196.3664171685261,86.16736483667877,127.82364796856157,25.15863419337471,0.17235376618996157,279.31158023709526,52.67837998378366,1041.6587417952792,1027.6664830992604,676.8688890191397,80613.46707729086,330.45808351979923,0.7392622992326655,0.0009436744824285713,7.169819438905182e-05,0.49938672762801034,137.980786362215,5149.05268700787,0.2447798994675124,0.09452900561267623,0.004060599717914387,0.20874365170428563,
903,0.6767443718984439,0.0023097318378749385,0.0005927764832655278,0.009622109553051449,0.06792862954446177,97.5519927250272,31.518215732799195,283.9409547789334,70.64511336702569,0.9762211052672338,114.39319298306866,20.530546283414314,1161.96521318309,376.6221073055731,73.23770691387799,36801.17460283846,352.0121660748438,0.5891890164146522,0.002509503615248465,6.503177761728019e-05,0.5941333540440767,97.26087106335686,5382.858339633501,0.10621702366406985,0.021852016384812774,0.18843895580789122,0.0067476322447822595,
904,0.39956082329214127,0.009089244497654811,0.0005997772885166983,0.0046413795644553385,0.02182960749744141,357.8644830139433,22.131928133523083,281.316267540597,84.8871791402288,0.2955076817937392,392.11160626588816,32.08266760167583,1150.6218103885901,305.2300064015256,1237.8752925163208,26530.604592904885,316.88849281192995,0.8179368740053752,0.0015794532846023603,5.6725411503428185e-05,0.7732624257815242,89.13373749285276,11149.850385683489,0.3357007771973669,0.06758595268889987,0.16658220943839339,0.030570237383198442,
905,0.37667117775318903,0.0007687736820814507,0.00023009859760655477,0.006883601330040889,0.047452262723282214,151.94577140750226,35.097112345281666,309.5254013826471,48.45290971699828,0.1587799546830143,122.73818940940332,99.82579298230209,68.32611060941773,352.55807138604433,1944.9344164968522,19110.856208395468,334.3903285093038,0.6309134005112733,0.0006406892302096109,6.253111700976013e-05,0.6780230468419769,390.5937682954623,6840.9752866131785,0.2716009253254564,0.02795994706350963,0.06816909781243334,0.25559885204541155,
906,0.4136815252627331,0.007235095217510478,0.00013837490111737218,0.005738045385941704,0.0297234384268266,281.13059124782905,95.85629713253623,247.80874095878545,112.61020260230583,0.6001314752995955,175.1398398432507,42.75194571025097,862.406356423072,307.3435054778603,727.3699921492636,37806.000350748494,331.03305733147795,0.7353962852068826,0.0017032791180653741,7.902094088939581e-05,0.7672297263329642,119.18882438833333,7140.105955398338,0.04845733744320307,0.38343956818585667,0.06807152785386034,0.08635004125434682,
907,0.3179151728715358,0.00036541087893424536,0.0004234141847267784,0.004123925317095685,0.032551754571125656,215.02823373862623,59.49804197427465,249.46479062491622,63.051003841008665,0.16536527038677698,153.2981770807832,15.244766882253213,529.7338467990317,1270.286862729031,243.37281870184046,9732.000187275458,348.2618382530064,0.7495073731408732,0.001986636935064107,5.978042591390076e-05,0.7914306778901564,99.7905283962756,9922.698263523389,0.4320891332205012,0.06382731488132756,0.14097994163609917,0.04518843739053633,
908,0.5878444626854409,0.006285596279200988,0.00044345380948520647,0.0012568634275072254,0.06626525140661847,102.04926258177882,89.25416070428109,298.3479255671184,84.11097426492942,0.7974955318499226,267.66517504657423,63.738157933929145,1875.6124592406443,116.27728695550094,534.0460717540428,46276.39676337447,324.036596037789,0.8937905327695862,0.0017237206785969473,6.15129320615051e-05,0.5557336331357897,34.24230725445507,8074.8786213241965,0.03927092409742038,0.30858870066138455,0.056857064156407615,0.00743884839934651,
909,0.47338128862389905,0.00021126730575809837,0.0004635047703842788,0.0023000707888545836,0.03936084446336595,68.99772837149303,34.93195304274627,3.4189779627840915,86.76411736204356,0.41036846474355604,18.93008878762084,92.66184169093066,1045.720922960251,491.841996919832,268.22171013304455,89932.8434649943,367.62652839151895,0.8076848458494366,0.0024102623357608296,9.234720074368334e-05,0.7947115890174159,63.41014398288693,6950.687211969415,0.14773085489909815,0.07681820159101366,0.016689731722898844,0.28537992316309035,
910,0.4558787097329516,0.0024335817131798465,0.0009455900493506218,0.00677921154889779,0.0675536867470388,238.32035195078518,78.17257959604703,122.31248743969292,99.75339358938851,0.17006238568659834,84.40742791326151,90.72624099274442,1173.2608286041075,986.8848460354614,1070.6908435958528,3432.0584195916913,302.6321548527932,0.6823091306178827,0.001104635751063126,0.00010165520722549206,0.512642005955433,147.43473981992014,3440.8500159344962,0.18945436680998357,0.17535025323203818,0.17468829245793324,0.004628377767093569,
911,0.5208569507280821,0.0031068661664401032,0.0009594529106291995,0.00414024373806654,0.01915123279735656,89.15930081028323,67.41562778633369,93.36267292307146,113.57315676494589,0.7739616433705448,334.7074290100835,51.59720405159534,1269.522891250533,1316.41307094168,1576.6231077228213,40453.61277153087,290.59630624500574,0.5120746203045423,0.002440830229808428,6.0756006272600724e-05,0.7207638711029603,144.08170678313903,6074.87075381924,0.05150827172342833,0.35912545529918316,0.040265516337455516,0.0282438059118508,
912,0.35310560820230186,0.008961479421500496,0.0008905952010503606,0.007701150541065194,0.06604530707918002,223.25956333155963,40.796529489521575,287.15370767015514,93.77029973170602,0.981310981209993,138.16149039693622,60.89577441446798,373.8177506652041,1716.95942120855,1218.1750270721163,61179.09234750718,356.3666688132455,0.5574277947342616,0.0025636742310251987,6.846268315475886e-05,0.6124661802572589,105.7312605349014,4986.7410460436995,0.21926942413891967,0.0007660327849421832,0.31155654270610095,0.1153023921677353,
913,0.6499660392223884,0.000230258361297287,0.0005090238986191664,0.007863992916623543,0.06262477905513032,343.21591952566575,81.15255430707349,66.97754141840142,111.18721468724135,0.8337292332779948,363.6046255408623,90.04125584867876,1331.6850855746102,1679.4515227400836,590.0157288784084,21671.505208727827,322.9454607685239,0.8902704220135507,0.000877360306555396,6.315253570486452e-05,0.5732172552407926,71.6910567325188,8080.726482837976,0.04081056150511403,0.05592197555754838,0.06987113775863113,0.1834302859563181,
914,0.33749560589493494,0.00028471929932784285,0.0009934058317622898,0.005094641895699694,0.04400502183248508,118.78340569912095,95.90248648944304,319.7865770965954,85.08120784719256,0.9289763338125782,31.923818137305222,64.75469274608017,1522.7908220027186,480.55989095339004,48.13596682548568,47091.39104918545,324.4655470049749,0.6257028591469607,0.0025166253394666807,8.275805163856297e-05,0.6765065672582293,100.61667500603025,5114.814631135267,0.1099543688785939,0.08631086150888531,0.4375014745061183,0.028737689211467438,pool growth >100x
915,0.310483241756816,0.006822760059193132,6.296564493903886e-05,0.0049457548573193615,0.07830648401112178,151.0225944227096,98.47802563805153,40.019376652505734,55.15446070929003,0.5396343955942206,273.82990894200935,70.82472305174662,1273.8903072488374,735.755842740441,49.35625745120011,84944.4790388076,301.1604958806306,0.6208909730363401,0.0017401165197174948,5.515797607651685e-05,0.458131959226986,99.81053528053097,5157.005716614592,0.018383674099099818,0.4095876203376525,0.014381881988367661,0.24716358181806405,
916,0.45904674038014304,0.001436631366875813,0.000202986462489348,0.008959298782006565,0.06037415203406887,266.5714910984846,10.100790997629911,236.36618979911057,145.16144726849365,0.3177940862278985,155.90447457906075,21.06009652097083,1363.969093325633,1061.3660245901697,1431.8267728404735,3817.1504341433542,324.323055250454,0.639832359781989,0.0014958182657058392,8.732322504324323e-05,0.5877486421396685,141.519893381496,4306.535866863087,0.008077056689813488,0.14551811002978787,0.13946710119510142,0.24789099170515416,
917,0.4380594244269549,0.0009155312959653978,0.00035684368818967324,0.002168884111683886,0.0643267734924595,265.17703968240613,36.87222498750728,120.73426177938465,20.929304550085106,0.49042894389338826,104.47711521899052,67.40245897624871,1350.2687808080295,675.4270068992948,765.4838231897572,48044.32569776254,359.8632393543803,0.7466972579784458,0.000909150503762841,7.998350602808827e-05,0.6286405898114414,175.14854194792736,5868.762548384823,0.28575168627023395,0.006151396252371651,0.0104931066069785,0.259544386443461,
918,0.4018240688812018,0.0024284208763045894,0.0009351621225613224,0.005675831062348417,0.0768168667961078,169.059672069093,27.335788565848105,251.74931720932472,33.92114630246821,0.2303031450491406,271.2552678950602,39.70558124344685,443.2948784270212,1546.902112242809,1417.6435829931434,19012.914667192767,320.56456548380226,0.8736545100817524,0.0016202555011803422,4.7948805131676975e-05,0.4951913130249952,38.614396928030864,9022.66746354814,0.37017962897108975,0.07524600729734213,0.1282863574805734,0.024463937369792976,
919,0.313416558115125,0.007008531791287922,0.0009620830346572476,0.0010859406080559006,0.03241231657201504,316.23774868443064,94.8248359528772,219.47497784560932,71.22962667738989,0.4506368331642494,191.18311121094973,75.81835451794728,1031.8979674747814,323.5055946524642,633.231910716483,33581.744117825656,353.25458533379333,0.8632758512223668,0.0018113842842235534,8.822845268654039e-05,0.8035680851082375,60.65370191085147,7862.553423117755,0.1995487108712468,0.17804043385689622,0.0846181109328419,0.22437618622389022,
920,0.30857303269464714,0.002021395405011693,0.0009170055186958759,0.007842113485113465,0.04582919572824001,352.9674706635512,42.17136835513872,117.65182648849205,138.57560464534248,0.19615961678480437,271.4448273991211,19.40846696750196,205.3537742155667,468.1575442778623,1990.9032783755385,49566.73040957919,327.46543750572243,0.5221997648616178,0.0012637009050128036,4.989443602761133e-05,0.672833402413239,254.39560627579527,7041.936386189402,0.1296756983815259,0.4596001408734115,0.08128244560957008,0.020868682440845443,
921,0.5205551327827849,0.0024500796328213144,0.0004446379132137649,0.005964196130190958,0.027903955936809145,118.2632779263841,38.770949156656044,323.0557411478537,29.83198653483227,0.9822167189188442,217.7028892338873,70.95073131821465,1981.0256829883788,530.625540352853,961.0924070338182,89616.93488982481,332.4951991550036,0.6638452594944999,0.001621758985636302,0.00010047997530038743,0.7801718672015007,161.71235916779216,5154.394137581876,0.19907782913200908,0.06462103416478046,0.07061509342093032,0.14513091049949525,
922,0.4934741507575201,0.00653537114115585,0.0005313420856041935,0.009493176581108964,0.061517090330455826,159.64630862659538,47.8632283036903,128.8770912075175,68.04211469315024,0.6987082414540641,188.31271071390208,12.165650047934495,1747.1749998028881,1884.6232674173245,42.54669594649108,14885.881379125423,367.04325838987063,0.6789398964492546,0.0026031951385065374,8.287529050328153e-05,0.6582148058124265,81.17966670528213,5392.29834834739,0.07182343073151665,0.1555871354366295,0.051784297827657005,0.2273309852466768,
923,0.5599125626959021,0.002961154543352372,0.0002350856084141885,0.0028416974892384096,0.041192650711529666,353.0978729256826,83.97236947587908,252.5897837402102,24.7203104810838,0.8355289082643995,73.3739855139309,32.290523940857895,1859.4962124744575,1580.908654861072,1542.6561809275026,82695.84816079443,320.92177877191597,0.6565670457694194,0.002558410498367375,0.0001115027320971925,0.6840617269609853,91.82628820363344,4027.9944602900896,0.08803766522271396,0.12422938795444524,0.14928486040758376,0.07853552371935506,
924,0.3772904915527178,0.006429299496744739,0.00016979758940694658,0.0001142963752373314,0.0358357727359495,351.6209484861363,13.727549268855824,182.36482063777905,104.85930786978145,0.4174037091747176,273.3680406094599,12.774127432740178,82.04895861546346,700.8536272036521,1513.458750128384,99051.60726838786,336.78644872127404,0.8293387354606203,0.002560291878618989,4.8410138539764024e-05,0.7474650126149561,49.82374287755775,12805.203766437435,0.15102982825714,0.05500536304062659,0.192399319423005,0.22427499772651066,
925,0.3683164519557968,0.003033240152695271,0.0002530180898557222,0.006266950135516581,0.023113251686422094,233.23910853594387,82.80164459011215,7.641933903762492,71.39503754903484,0.5908350410866534,46.01598396402038,32.48238015039398,667.9158919928582,236.46022292474996,1144.858783093135,80083.47585424359,358.04956932533753,0.6136085705282464,0.0018824015603017361,5.244765305769493e-05,0.86671743846875,177.9068807955918,10140.115285724602,0.09026708014113163,0.2902835475511321,0.11392201694914315,0.13721090340279615,
926,0.6346654400011148,0.005262894522884185,0.0002682514112268284,0.006222630233740838,0.062051474077258154,19.43910584383587,68.13482409852134,80.67421562806375,89.36052361428409,0.6838404317974618,107.59681691008163,14.912497124077827,1497.7714273507995,600.0830653603042,1539.2092457367307,7814.769874205781,306.10144646795663,0.7970583898070683,0.0014876177094724722,8.518963232802723e-05,0.5462212479348825,74.51579721836382,5110.601096163539,0.06748298096917862,0.19303979357893447,0.09512335609809708,0.009688429352675039,
927,0.44171698906836004,0.00048389876263191543,0.0006934672146480973,0.004355104904556422,0.04713960613169326,190.75377314640394,98.43688529705209,229.53598263177938,38.016105191970844,0.934273100092928,393.0829504696819,92.0715507753371,1490.7580094548186,1008.1764073361209,817.8313966539391,98350.00283132169,366.71053173722703,0.6006511961215992,0.00194996901132236,5.340787690236053e-05,0.7454674406116094,152.6698778339326,8383.892711025926,0.21631418953531245,0.047329968957625194,0.1866962143562762,0.10794263808242592,
928,0.35396004355799865,0.005204917756913735,0.0005810203927430161,0.004152706664213621,0.026596789532133673,49.87166655380797,96.51110124616162,23.803013064413054,92.31170286180516,0.7669228834749736,208.1759719997995,27.30512697939603,1372.4074088954455,1876.2036246760622,1065.0240908243607,92276.20447587449,315.3198230752917,0.5463517591207201,0.0009802341107901862,4.794379948224266e-05,0.7463258946531464,345.39649814790374,8504.884256662133,0.054857524821593055,0.10044419856516103,0.09861783772264303,0.39212039533260423,
929,0.6531808704214584,0.0009425300157302102,0.00040392317088900606,0.00642471979222901,0.02572375325479205,121.17917954003178,16.601827196631042,131.4924612718038,66.08554657985434,0.4585739425587292,122.20581290799797,18.97632299839495,164.28040557658275,1608.3136135095049,1206.547052928813,27710.54531171193,299.26879863956657,0.5772866821874754,0.0020344839282547397,8.0707954829347e-05,0.7124009903530891,148.0185623798039,5095.6514135142515,0.040938969944996004,0.2530075580266935,0.04977351740293956,0.0030990842039124687,
930,0.4271769568605653,0.008350854822441349,0.0009551051142116085,0.0021162903261298166,0.07647934003297509,79.06899447418364,43.170201313489436,291.4794175217273,105.69020439081415,0.7966147718863597,177.79363120239063,48.85963649250583,1927.465357474947,679.4068776583242,1516.0060691022043,93769.06281390299,312.9960685351247,0.7316158309634694,0.0015634567952614207,6.88866464129528e-05,0.4851745538000968,83.28542870769637,5152.832991940288,0.17127173266163975,0.13284443954595906,0.13508963089149656,0.13361724004033942,|NEE| >30
931,0.4694191489931987,0.009556614715672023,0.0007825147246995094,0.009429085185441395,0.026703493636351504,9.631073979553367,39.8372733131198,325.55798818762065,111.62275264367153,0.9173215110401035,148.47691368294537,74.29244087860489,444.97092209411943,383.1761588175039,216.4144954509293,92508.85248074861,300.84763749937974,0.8041711801907487,0.0026989437715094263,0.0001100523628215126,0.7115708803331109,51.629858753349126,5199.568459560521,0.09202481449879328,0.1059831673410632,0.2715481160484615,0.06102475311848333,
932,0.6165003891904043,0.0019056686548538774,3.315109427884974e-05,0.006385092407694943,0.07403350857975442,295.19587911683965,95.61032203202637,218.87267085281553,88.87485039243182,0.27619602848227975,121.05151688570413,37.45762601898015,1180.529438945211,791.2090133700574,1216.346224418232,46096.04802064656,336.5124423417196,0.6445711976856008,0.002640674091388767,9.852264200470416e-05,0.5347446375431372,71.97542729176688,3498.4952135233534,0.035378424635956196,0.15685332659015222,0.10427003715431252,0.08699782242917473,
933,0.516221241475127,0.0077421684529767965,0.0007357874673056508,0.0030895573235715373,0.019013363710228475,87.79171676556831,45.103063788324974,223.16075757901976,93.35466489067403,0.5378779432907859,244.79145579676862,77.09334511907116,561.0158902901292,143.67241452347844,1978.955913439425,60129.30093477476,310.2312551954735,0.5554568052692277,0.0018659089832434334,9.29117712456877e-05,0.7700980172061794,183.47188201516104,4603.896563874457,0.14287923447086173,0.016785825235541046,0.158568567462969,0.1655451313555012,
934,0.34560471390615133,0.007424356575640081,0.0006941275308156744,0.006536644481803284,0.025336256861544296,205.71332980879444,37.35771601675367,126.52881649723238,66.25765835572898,0.7054976577569512,43.06941215884361,75.80160553692478,1563.1711481937066,1789.5751684099175,1987.1393328931501,85785.1484836125,335.2781659929114,0.8150255123417955,0.0019051791758512525,7.017978207879983e-05,0.8001345472191541,77.68533259522039,9292.278345313636,0.29365500468930084,0.09126790512299315,0.09143107620442664,0.17804130007712804,
935,0.4791674841030993,0.005541216295782121,0.0005976834510012068,0.003837726515917674,0.044973958808869056,293.0563531434986,28.451356613017957,361.1274770952279,112.32040791615321,0.6053721609792226,221.6245494315955,77.8192776013778,1871.4490256183963,1797.6047837338303,1192.0466575524395,42937.66938158233,293.56197021549417,0.8463732346273491,0.0023294842172474576,0.00010126855885537045,0.607348363884226,40.05391575829411,5076.041419928432,0.02630380428875345,0.2986604299529826,0.07820784282833984,0.11766043882682482,
936,0.6672460768103958,0.009091312278855635,0.00033195750941306774,0.0009094331018286875,0.056540156276684864,284.624333983479,73.92713893413318,203.31848380822274,118.04495156399864,0.7324009355379015,125.87217565085051,95.82504886447605,141.31195887337276,1921.9806866806368,870.7899481454833,1947.1843137645942,299.25781077790094,0.7949934419517983,0.0008575587148314198,8.731024779470601e-05,0.5614047989349027,134.20849617744486,5111.806972337758,0.06789445115940482,0.11802270164323506,0.08505488376189994,0.061781886625064335,
937,0.5101167818551101,0.00046759641723805056,0.00020180930890280525,0.0015418192946574053,0.0232672789561786,323.71247108530395,43.345158111061366,308.7203971787677,133.0299737533328,0.5830340874481815,389.91723464638864,66.65437419423753,1008.4295459809779,421.28973807215255,288.5580323501457,12952.559284797693,356.1779989717226,0.5375300909775383,0.0015587835759722252,0.00011400448605421997,0.8613490838083572,255.55057069226493,4061.2529156328505,0.19373259169736864,0.13729367182403537,0.11101547057116434,0.04784148405232153,
938,0.3637487248355455,0.002176978455828515,0.0009122414850458917,0.009608009218064342,0.0194818058436963,250.5454291648653,89.20321163338897,322.16692920186335,39.3769753851287,0.8918851873567526,227.40324722945545,62.92338037512346,1775.513652630365,914.5902475863445,1514.6457255422579,49405.18673672532,318.61295414946295,0.6430332211064821,0.0009054492072937896,8.192653543583415e-05,0.7886898665847797,310.9352561721087,6190.348251223945,0.05437723292207988,0.06508138139839817,0.13926991250701146,0.3775227483369649,
939,0.3478780820014338,0.007431568630239298,0.0009611289394279377,0.007536918764016258,0.04757704059682059,10.325505030669964,92.64041390620164,14.390169932428014,70.3701139413565,0.995143061895232,317.76591636767773,83.61238630395124,201.10952898233603,349.4510779547749,1478.6966814888858,53259.4408471898,366.53596654629706,0.5070521688974383,0.001076982036966996,4.61552567106104e-05,0.7424405037183909,339.8240857028237,8156.298859912421,0.0005919925722619198,0.1491915019729465,0.19521777601745754,0.30712064743590034,
940,0.6785147108107821,0.0013463661927903025,0.0002411539691767584,0.002363064384058561,0.04094053133337161,231.0076930750097,94.81206268910428,175.13432896506168,31.629391166596044,0.23840693823765724,346.1353690678245,66.2001285824204,1607.306788915772,1860.3672154493536,103.9760490866147,9026.741347701081,348.5105739494398,0.6666697438742626,0.002413025781356857,5.843362137629395e-05,0.7443191490801956,102.81866630645044,8491.944274385047,0.02742959101703869,0.2562812829006183,0.02607921848031732,0.011695196791243645,
941,0.6057508870110924,0.0024726998240277133,0.0008189654264955103,0.002361269396445106,0.058762929853015816,81.80414303254707,77.74649270095736,8.087013280386024,41.61441017329655,0.24638357848299322,283.6221436603551,41.97981038355432,1407.4587589724015,1132.0307885638165,792.1178097793934,3037.2339569912415,328.6569500790665,0.8521551408891379,0.0008563347722745914,0.00011275869636603224,0.6043970060760084,104.3481978116862,4567.630102726394,0.11489791660709087,0.2305143764850613,0.013001058783710122,0.035835761113045324,
942,0.5503108983110028,0.007530840464915634,0.00030623619260330157,0.005203111018393859,0.019446865128639766,73.94622791568753,86.67542500506663,105.01135022411069,68.63642726879576,0.2631652536816941,58.02207189910789,61.85032406689393,185.95271035470148,1200.5580661713423,1022.2159633867519,75518.62435375233,312.5325521469835,0.6793561998767897,0.0007303620169345209,8.846757001106299e-05,0.7738008217040335,339.71432009982,5942.13660021013,0.14200871365095374,0.03855490106947815,0.08987664751895753,0.17924883944960773,
943,0.5678081564886057,0.005443192124447877,0.0003464543749318766,0.0089222075805315,0.01846549232199396,284.0134282765757,79.64160715298637,288.9949945852616,53.57425284477063,0.7464965403559692,88.52904420945568,33.09824116696108,702.0625001817841,344.887065754978,1726.9206959954263,84106.5695998098,357.27465069979957,0.5882891801646026,0.002566081706009603,7.789906572224212e-05,0.8897676661183023,142.75733092312666,6719.473282312455,0.00048244067346553485,0.07603959153504417,0.23948580826905502,0.11618400303382953,
944,0.6380330492660853,0.004039321697695078,9.300134910420922e-05,0.0006121167800839427,0.02318423064584688,348.7390218684774,68.32532025177423,155.34964452205497,85.05389187798941,0.6707619789870418,60.138873393424085,65.20625423024558,501.01956033266345,906.6318904773802,1602.3389134104666,22557.679068874135,298.4442994535172,0.6161682306994671,0.0007488929811054747,0.00011329506568621647,0.7221097028062603,370.1044766744479,3927.2765786761283,0.1902193171083338,0.027531232577429343,0.05327147731443096,0.09094492373372062,
945,0.6135126579046697,0.008746880034954663,0.0004343676087294726,0.009849629814018643,0.0779294299644936,231.7179640023484,14.236149318201377,103.80334118912148,97.11694541547058,0.8948470487048731,16.87316163779748,79.81902292329838,1204.7019076032095,1740.8403713552334,1989.1170012562009,3917.664264599313,338.84461645810995,0.6877644032926851,0.0007490010011112706,6.219488072763444e-05,0.5174709900531715,215.71782029430693,5722.305799632505,0.005933329393952087,0.18345533983486775,0.181202493290778,0.015896179575732392,
946,0.3359106402254898,0.0075238374855315275,0.0007271710916443314,0.006055137434326828,0.04466978081626598,343.8682610379443,79.59865695099934,246.37502274422692,147.7235992735271,0.4472173107182967,301.110046911591,81.08124597410159,128.85012398046803,448.02860984667154,936.7667807112888,63344.7416535217,343.8731192794647,0.8862344398972664,0.0008213772526330546,5.074450719995524e-05,0.7131749864116073,98.77891251588193,12455.342844117496,0.13998086027106493,0.3889908175195994,0.13140327051305598,0.0037144114707898346,
947,0.662896942870346,0.0030323652582496586,0.0004801832922067108,0.005656781723559287,0.07943326364818455,90.24503123293317,83.68467047916002,356.4781907845917,62.6660172729745,0.779336432808541,370.32352733257204,12.5396873631567,495.3908383825648,1413.0158683979441,867.7484347012222,41910.23028261232,330.87210622588157,0.5692540772116712,0.002334414715778925,7.341932952119508e-05,0.49747425920608,91.79389051857594,3857.148413200426,0.09441166641874814,0.048928771977319284,0.03325273236631839,0.16050988636726823,
948,0.45959117629363144,0.005125685800277396,0.0005333239250923374,0.0030286992908801005,0.07745755091358307,47.88466931967762,17.73582540424118,69.33815300439241,49.52173796088498,0.47825710043931063,28.53551184638525,51.019076156288115,995.4670477088422,1921.6719667361326,156.45470387737424,77218.61804362678,351.05930632083914,0.8334439666554058,0.0015036395041916283,6.690314079908334e-05,0.5387396484897272,59.67543324565014,6711.333791940143,0.04030622248848487,0.20641235021437584,0.0377906416224595,0.2558996093810484,
949,0.3817697517596807,0.00974933304905075,0.0004603289772002009,0.004646649948670911,0.034349252685694144,248.67691225232218,37.92032220809673,354.9202485943805,82.06344547425076,0.2343382239120007,115.17798691060824,22.240815774133196,294.07356100924454,512.6999871028702,24.613449549046535,79588.23280913351,342.7192499305677,0.6547259890162296,0.001801086732383637,5.55154330298817e-05,0.7688996739468024,147.40049420961336,9068.083810282213,0.12214781392485033,0.20338603665850644,0.1296027662058529,0.1630936314511096,
950,0.6291663758928207,0.001184001613091543,0.0008668260609049398,5.116966278872158e-05,0.07104449883438421,33.26012861504778,10.082533884524167,358.42268487320206,148.5799447913428,0.6872480619837918,348.43742500594846,72.50260512990872,286.0742880263131,367.67841123860785,1307.904360453491,78099.06134563235,359.8298300066617,0.7779932234941076,0.0021564307910403773,9.029109796409066e-05,0.5891075635927104,60.64923194004273,5076.045177416385,0.1246136659191595,0.04816094322966843,0.1342100965809737,0.06384891837737773,
951,0.536132952917564,0.0067597446102444945,0.0005160814022036754,0.004831601939050354,0.04039133820182875,77.96858595043534,22.068234734825232,30.490228328059963,125.7928925251877,0.6812146937472934,310.37075305651865,70.09812750077745,331.0790072056316,1644.1940467616012,1431.5262220933737,81046.83108238985,349.6943808262415,0.7213791982142911,0.0006867708655223198,5.9601198465560833e-05,0.7500148405340271,304.2786855290381,9077.755451945925,0.04446557763133346,0.03340597386245033,0.22387389335594132,0.16212160223271088,
952,0.5550012580278767,0.009374844836153154,0.0008856157041194293,0.0021268297495671443,0.04884627105370409,170.61068130446375,12.62783045196278,34.38439338374715,121.37498163189738,0.5322862080547957,282.6361627338881,65.30752431884213,414.15343293596305,1390.0659275235694,621.4651498180665,32783.62769101343,290.8282428851825,0.5258730395506206,0.0020608924933039285,5.572439434799637e-05,0.5829342369498702,134.10929430085545,5501.170584799226,0.1694187368892274,0.22740682650369215,0.04781366509517877,0.0003595134840249919,
953,0.4909419060768828,0.007937845797232619,0.00059002812171365,0.0016255689400718012,0.027561398471403663,39.18378597513713,49.766676447854195,124.68325392540457,66.88222141039691,0.30738669641193095,171.65055415210776,52.31788104990211,1153.9535280309506,1227.63056165747,1134.68165516682,75609.36011992706,292.82495024542646,0.6840836804943686,0.0026296183473850524,8.788627678887987e-05,0.6886640184264461,82.73451632005367,5360.379726642523,0.018855760933698312,0.14821767274495362,0.2547442194498498,0.08724044079461542,
954,0.5301120444454729,0.008516413732061833,0.0007946659689000124,0.004234157489227122,0.05996910356189035,336.8322157216454,41.878267033924644,363.6219348606742,84.44461500960541,0.6722512519697235,84.01726879393728,87.56878575852656,219.7632968556274,367.46021015386043,279.4545763753497,57399.539055516965,315.15442537279216,0.5749504979780378,0.0013570566775220141,6.8151250196089e-05,0.573251168171094,179.55044000782271,4836.170189954588,0.002142382020807076,0.24039205417612755,0.12564965758727697,0.1017038617703155,
955,0.548979797092586,0.0021066871599266933,0.0009521782719678438,0.005923914017586141,0.0352129545260028,149.649269361279,78.21603438209421,258.6661423385717,133.09248039726376,0.33521862284160203,55.136270190626114,43.28213048468793,207.98934205069102,1180.059347878671,1379.1419239210288,28893.587558381445,354.4992505821733,0.8048516268254247,0.001529331201064599,6.44228180571231e-05,0.7903652566119725,100.85355868902931,9874.246140651481,0.26023797601441495,0.09338261470812088,0.07468358234015654,0.022716029844721555,
956,0.6143893345323737,0.0069864504557779795,0.0004556446850326714,0.004734998203852563,0.059934963685498596,129.68261244296906,39.02935145554904,87.62944064928125,87.9265456916712,0.1846529377401288,51.91867045626642,17.08657255292654,624.7299814374309,1627.2053471113202,566.2999950459654,57423.81626645001,325.1866300021856,0.8468735829556397,0.001616505046728801,0.00010927593569283364,0.5916835572669504,56.048314437183386,4585.466790484429,0.07879616572168317,0.08893750503968553,0.054411785756515556,0.16346520894974212,
957,0.5964335233574878,0.0022490451711482677,0.0007241000126970605,0.002877978102492927,0.06566716393756737,179.57866227561647,33.07239576930064,105.56098417866238,91.7204556963251,0.4967504364758471,324.31429467983355,69.73843514203321,1933.0433885967896,1462.5520800234933,1141.8003695084178,5310.53806156047,352.01743001236366,0.672325317130679,0.0009472370716490382,0.00011213057335386195,0.6071759387512164,210.03842557579142,3640.5749419185468,0.0523444812375339,0.04202034970362306,0.25220599117317544,0.05699565452817979,
958,0.4787328617270955,0.003337789752028779,0.0008166586993656758,0.005276364244998672,0.02004647829242059,243.17673711613338,84.78159544656764,314.69584639924784,94.06379349956202,0.3098041676177199,290.3533121065772,60.376113304871005,900.2583437099955,1715.4133490834156,1328.986222556856,96085.70606763114,301.4625544140257,0.7569372231166197,0.001112301373910544,5.3993470393859846e-05,0.7437001410813647,162.5151471532176,10425.970316691915,0.011195009108787523,0.27404598442452077,0.04446774520307867,0.19155839953651754,
959,0.49668168508210747,0.006609144429703259,0.0004850587775314005,0.003089465132299583,0.025321655786926724,123.02360551404378,51.52744777923039,237.34435779110805,63.13143567554083,0.88251813990066,61.791957964098444,12.273574474378371,1177.475389596662,1578.1612545694534,501.8807292587674,19151.381726193194,362.8581458605538,0.5454673795863871,0.0019818155866380732,9.354066312846639e-05,0.86603565176812,198.6266819293429,5050.148051116241,0.3209938692247199,0.13703314575569658,0.01548027558046093,0.029811024357015162,
960,0.5678937964620949,0.004142084253022497,0.0009004369863960265,0.004870205425021993,0.062045464129717426,16.83693390947432,23.194303021413717,13.085876229269028,73.01060789579907,0.8254540078811821,311.1624165700451,83.30262203794354,937.7651848942356,177.29436578092415,48.48326942120653,26967.11869576463,329.33472248086775,0.8120744264430153,0.0011990450583570296,4.6580625633704604e-05,0.5877124979198599,92.11180804959474,10246.025749304747,0.286688685611658,0.023668765063018016,0.010345000201454894,0.11140375266177424,
961,0.3326925266692546,0.001595023376552683,0.00042749430795205144,0.003433960527175062,0.05847137080377199,163.00732220684236,74.01599744613932,335.80328795943706,141.642642912074,0.44643829225075987,378.7547125187387,12.975066942079156,20.581367320673827,1831.0131497370028,369.1589769555318,2860.12646335946,309.2439380138502,0.5101828173503374,0.0014117652934865054,4.7373930904227545e-05,0.5701959153825032,197.8315787472451,6140.595745360461,0.1266475309023246,0.3010368754483034,0.1920028429988315,0.0476202239812859,
962,0.45422007575465684,0.004517420680378039,0.00022309056791615194,0.004179737876018171,0.021342571657906532,77.72433237761781,10.14678600520505,111.14898999704288,141.89328079428367,0.37409232150512467,147.519585076959,72.17950644520889,913.6066395867772,1113.256249130921,1317.0691273037678,98465.49921538716,299.74933096108856,0.6383214707116965,0.0024312472197719386,4.795036313745247e-05,0.7336447638814024,109.13886381557721,9766.37451771324,0.0894192859187155,0.0731336539243682,0.19549602051434747,0.18773096388791205,
963,0.537787138599266,0.0006919297587739405,0.000403866106869156,0.007581897838614235,0.036451094231004705,1.0370005441417876,17.554523992091635,307.76939300001146,91.19610683351412,0.28570761273051937,18.959206017521907,61.17319917294895,739.3648654715632,1707.745741120927,495.19408750658096,39513.247764590065,338.5497822536205,0.5306771481541328,0.0019115341916469675,0.00010250617409913692,0.7479857832889241,183.64663446111973,3872.3419913390717,0.06175104280631413,0.17007909440448912,0.1457634374698346,0.08461928672009618,
964,0.64871084147717,0.0038641759749999186,0.0005401344301598574,0.0024400318658582536,0.04223183475964937,13.937726426107858,38.799018733620436,133.8175294314254,129.35807831170678,0.8939532314248961,204.74328908970753,93.43646237915196,1831.0409156034023,1763.5330977860929,373.8139022897725,58960.79775696912,336.23403720691744,0.8493115744839272,0.0020830282720085778,5.426969170299476e-05,0.7109249471063677,51.429047977470134,11125.85620480856,0.018575015989000545,0.07503876179625296,0.07794965635784784,0.17972572437972867,
965,0.5383278836130756,0.00043964822302162976,0.000722509200726344,0.004185444225966437,0.06588867808868668,172.06377856898098,57.82950821314266,19.265291033696457,109.27698032974624,0.1758941668647735,19.284072136414224,67.81382932040282,1545.0193312143938,998.51839853565,866.6380943994341,26860.95318195205,316.3645236786959,0.8567407846837265,0.0007694494065700131,8.353948983924373e-05,0.5445298609191244,101.38278088912293,5584.436069998802,0.09590648705606661,0.03802925386221382,0.03136032699213727,0.29637604847650667,
966,0.6423805879143935,0.008318214279279076,3.090120978828061e-05,0.007140972605914666,0.021090659686262097,103.11375602415242,35.392767734673136,2.3466574090494263,111.97574202787675,0.19546735474551608,267.60675238799166,76.7495464318518,1174.516761223585,1328.610826236338,1759.8495834755188,84188.05358376924,365.1093260658237,0.6807794065230144,0.0013046663383235043,9.440971438405809e-05,0.8950005047348408,218.98517949867954,6453.762903810549,0.2509763638426366,0.055412432966036256,0.007897278087468849,0.04333333718946481,
967,0.697098543646754,0.006655081678740172,0.0001716571068111051,0.0013721161588717765,0.05100563845011803,36.06389062438847,92.28168912633849,29.752352084784594,95.5369711943285,0.45895533670873156,184.28896231266035,51.22246720233459,1959.4185336936296,407.1281912297419,1248.2526069038247,79404.25870753253,328.4815516171622,0.544248481587085,0.0009004921664312862,8.254242065881964e-05,0.6465669742012019,327.23647271208927,4263.178752751546,0.08388592961644811,0.109520956918238,0.05862956790915746,0.050865001909402414,
968,0.3842238411994009,0.00021878644975819862,0.0004284097793220548,0.008099216620972073,0.0501250649509415,154.8038911844814,71.0960249339644,354.50057882747876,116.32201412106122,0.9000365330700101,211.46790161331714,58.503922211482795,1782.5686596981839,166.8839488956389,732.0116235128016,59976.1200714448,304.1579377533558,0.7054314656398235,0.0011946675244764227,5.690118512377713e-05,0.6031610481290987,148.72109795434798,7477.678738553452,0.017435159809970287,0.15534037768900155,0.3303621251392879,0.1126384961623393,
969,0.3654668597970736,0.003490434528742992,0.00039541431018928205,0.009171766100447966,0.058801389565810686,296.6875277230199,78.72236901042457,187.82563318142556,124.36117292509601,0.8575251862178211,331.31972110137104,33.52517224244037,36.736951431997674,303.3419267462445,1551.6207562299433,4049.816056959937,357.0026111519869,0.8510322473271938,0.001548047046162427,8.801143219723322e-05,0.6562961433721382,63.1550325349215,6346.098090467379,0.14686427997234955,0.31394306928245647,0.1553896895054651,0.018336101442655316,
970,0.3802255519901365,0.00813007727175488,0.0003146330234363019,0.006009102596004563,0.02977491370529122,5.121591826879812,65.30468742893996,287.5850310634011,119.28035659137217,0.8812988762107072,156.85286196072445,50.60487427093351,1697.013939353278,1319.1468287780133,1965.5703577482468,66611.85863278121,339.23166272855224,0.8687978170626323,0.0026838031675573337,0.00010768035691256835,0.7859544347991669,38.4226901516066,6341.319037590516,0.2193973860874536,0.010796781616140422,0.2131222429424221,0.17645803736384746,
971,0.5258585105535419,0.004155587406888048,0.00012174564543044007,0.0073372560193631755,0.021502534284574323,257.56089711384135,14.794689894491196,208.08416800070063,142.130217089177,0.5812743413067399,65.88396575067804,78.38482638467684,172.09780701895895,1257.5184668512975,211.1149101798548,42392.3198833102,367.92525112370396,0.610132497580511,0.002601185523182094,9.586111119804995e-05,0.8996193991431788,134.83558367763519,5725.857169933078,0.01460254822031542,0.03706130106237066,0.35958612335955986,0.0628915168042121,
972,0.69365341647719,0.008617941473798248,0.0005133812177420805,0.008624039949637726,0.03149936759519661,203.35831595849442,65.57175399276349,78.30834645606488,145.64669147099,0.8011648187564718,281.30163438466445,36.11981834228977,930.4730165101678,877.2699058158717,1036.9880999102434,70174.42134230268,306.78615246925676,0.5184466641445112,0.000739901537240948,7.543802431851662e-05,0.7023530535235841,457.1154928718976,4826.910579120713,0.046232559866532956,0.034522472015407694,0.19011257473373902,0.03547897690713033,
973,0.6722364192677746,0.006920293532134307,0.0007181481265774188,0.0030156670497628554,0.07097678116645095,123.93307333667835,29.018236280302624,307.6152457325757,144.36232551191347,0.33117784738430867,24.280724546290443,45.12523788422248,1627.0228901490384,1841.1081224032775,744.970470405367,37643.914532338466,340.9262799794616,0.6859453820047383,0.002413744887942636,9.019627509260102e-05,0.5585324344763752,72.6711804647063,4247.655945166211,0.12299116637472074,0.006768756467977074,0.050611178680852256,0.14739247920867535,
974,0.46935997577711885,0.006835833157119264,0.00030841777701463613,0.00014560214175248304,0.03601501177304564,172.35044250043944,12.020250643094073,72.0208542539275,53.128865025636635,0.9211146788208823,392.7270048051534,95.69888984530111,867.851512050321,1284.0007371953548,688.0552457466138,31928.57837251942,311.71448403744387,0.7767416317188485,0.002518925499763236,5.430016601717845e-05,0.6909109084320652,61.23707988135802,9883.197524996447,0.026926295230624592,0.2640497700442977,0.23803838676797726,0.0016255721799816561,
975,0.6750963049018737,0.008768714930229586,0.0008149956989028976,0.009337252309600707,0.05852160479113992,241.6514258936549,16.016883802268055,27.79096234370735,63.44267594468876,0.8776713996275791,161.98498787615893,39.40029857939252,674.5856958842787,822.8334421195971,1154.7676976471964,2977.3050033487393,332.393624635341,0.6849101812095209,0.0006566734616143523,6.396535350766184e-05,0.6126025110353104,293.94337593326867,6559.452482230782,0.0034814402205517936,0.08626184888685075,0.017553234276449163,0.21760717171427463,
976,0.4198683772314352,0.0021469377195673703,0.0006117855541141156,0.007403585723740452,0.05000634928044126,80.75622444883028,92.45039510962283,313.95567481737925,34.0387450039304,0.8606113609999787,56.9396289400253,16.870847691457833,1222.938202161517,750.6940707837742,676.3785545957862,86535.06821338931,366.28206355730754,0.8470631300279722,0.0014000506853189963,9.21743943580062e-05,0.7270822838346322,79.42404504908778,6681.731943263426,0.11173659670003878,0.17703273144845807,0.11132838279007413,0.18003391182999381,
977,0.5527350881634814,0.005740516653307198,0.0005322738250134329,0.008289810748925671,0.0417102615095028,199.31072238091068,35.975570555375526,258.39762963526385,122.67814624534228,0.5491419098993053,340.9701296421674,62.069985688569545,652.2709100023575,1595.4860915682762,1658.8002771283113,6772.529374818051,299.31646099472584,0.8637985390841881,0.0007179345763076365,6.075016216049002e-05,0.6354492589648706,120.55293095648167,9035.369158454236,0.00744932126835253,0.39894016479680605,0.03249605344795179,0.008379372323408305,
978,0.45893019179849714,0.0047334048693955305,0.0005884457861322928,0.0022536018000726423,0.07567487825035273,238.51502761463377,45.66249221476468,67.84959565999962,121.90604641812632,0.5931408607879123,364.7471471777317,59.588985123327795,931.2670468195158,307.7869242775521,698.2443547134454,37424.64459133354,299.1465071245071,0.8548071015324956,0.0013021850895168258,6.145980942348663e-05,0.4675297568565512,52.129302557901184,6502.586976555399,0.01377805696637669,0.034231580314259276,0.28466173682980633,0.2083984340910606,
979,0.4750102918743472,0.00862381744105752,0.00025632659203722683,1.7235294268534365e-05,0.05453370552407269,227.51998756558692,51.88002076836,6.19993029228462,148.43418621139998,0.26356986128044185,326.4562970447743,72.423422234134,276.6549010279224,1465.2269931328617,540.8872739030082,72270.35336726265,351.1356472004743,0.7512746971059221,0.0011853838787665443,9.419158539509417e-05,0.6704761811427926,140.68386977856747,5347.736613540662,0.09594581190282662,0.12792217927057983,0.046153586664516695,0.25496813028772974,
980,0.47622706265667314,0.004607353581564054,0.0003745067767983333,0.0007415280969563019,0.05583161035912519,317.84747857961867,81.46125147450066,270.8898770566624,115.01259658429954,0.29160437904194614,372.37549727947487,31.79872351234832,799.606776500503,78.58620886665943,512.9178635316123,76128.03700973075,357.1557607785274,0.7848415555235442,0.0016375377175360528,9.744039456935042e-05,0.6742390309749645,88.58923953712987,5430.7129215128125,0.3185861209894987,0.031075033974800256,0.06685165952259264,0.10726012285643524,
981,0.6123467033238092,0.0035542999792490923,0.0005381872468355081,0.005171044954011336,0.050890695211104744,295.8304166737315,67.399639307243,303.1584614756426,34.66468973320855,0.7667670627805392,275.9832747530611,86.17596279250921,1687.9466745191773,1872.8903924354522,1418.2376753567821,31667.873617585825,298.156157703687,0.5290763577963399,0.0022474046381010296,9.182446879660507e-05,0.5874481602749899,123.09453426966789,3384.772458862765,0.07470949315587136,0.04153100623523848,0.14893410994196404,0.12247868734311686,
982,0.3154591094881005,0.004894212149929538,0.0007523189283497576,0.0007867808501221635,0.04342121670477167,324.261004209949,18.255611038707293,206.6858762733822,97.57746577870954,0.6617474398332859,198.9259810222022,19.323959795260514,976.9725331929907,551.4049662786094,1339.501442434762,70947.45028025407,300.9751600142289,0.8733397519142125,0.001829238606972625,5.483962223540904e-05,0.630444530356201,43.65327755212811,10040.044903545095,0.24824550970578543,0.03423258545215195,0.0180317746192891,0.384031020734673,
983,0.3685288682962842,0.004654567848647084,0.0008109023874981491,0.009039423228570851,0.049298410435439116,38.51963546525342,63.008018865676924,200.9652336793535,118.75842727715911,0.964288298896518,18.2382236572967,82.24330230121552,752.693362555854,1030.292512909483,1695.7157822862998,18037.83190216188,340.4707958516864,0.7303694834535939,0.001876966303856309,7.360739615200645e-05,0.6798688814253467,97.66472488393545,6745.999854652754,0.22035943964415491,0.09854584779810223,0.30136988917274576,0.011195955088712935,
984,0.642865790280869,0.002165629039342993,0.0009209839420693818,0.004553268047418714,0.06001319879671342,154.39023066664222,69.39624084181747,286.29779926166617,121.81352338210294,0.8361150844751786,29.132751412348227,44.88499418424335,1542.1403484592443,110.1027464853876,441.6617839403101,15972.429206336048,332.2089583474566,0.6361110327778148,0.002339210270336263,5.117048521154043e-05,0.6040294261729047,93.963183579162,7508.816469545265,0.037999250869398045,0.04947526787113851,0.0035210614794187922,0.2661386294991757,
985,0.5225381927293933,0.004987467252833161,0.0009329828452284464,0.009003617788616435,0.05621931076234009,90.89367112767668,81.48552371456238,4.667827018831419,130.2467308135361,0.7825769111920059,57.541356314891004,57.882588269741824,1646.6528898199354,1441.1318617131951,1981.7430136395824,8837.922025401089,335.3925757876082,0.6862348255395151,0.0019306633405449234,5.406168044225082e-05,0.6309867156238934,102.54592437338123,8009.4635455598545,0.12095153268530394,0.003929160427388514,0.0970765673534927,0.25550454680442153,
986,0.6506824281700927,0.0070653010712986315,0.0008643395653657199,0.0015665528374906696,0.026228439837227707,172.08502265429001,79.1699820975097,364.1893072588948,22.68698392472501,0.5555303733347601,208.9789716330042,20.843496725735065,155.65879740326608,583.7966781714915,971.3445039555428,82231.69194743586,292.79902816784494,0.5922344549083318,0.002593269603601767,8.009620185478355e-05,0.6947026884106974,109.23500588716125,5136.658898510436,0.06497743783096863,0.011468388338296135,0.20663189291013645,0.06623985275050615,
987,0.31506643528634476,0.001934273502694827,0.00042316951906614086,0.0022758492355733594,0.036872528513876526,179.70177815637606,75.59460698010578,294.8729851967649,46.09512697502532,0.49358912889641693,322.91785160278,85.7466426389944,1503.944824014863,1310.3107006044875,1108.9133089276363,73161.30966462675,318.13290442783637,0.7813469862478021,0.001479905538449821,5.483412516866596e-05,0.7006898445584313,103.52549013279804,9984.328128809477,0.31832719490484707,0.10832995104270436,0.07441776997278603,0.18385864879331773,
988,0.4784160689047864,0.005507481938036791,5.044501228254345e-05,0.002246394809258682,0.04894738648759788,26.23990862076031,87.01200505418481,156.05088777304184,128.1748798846329,0.5619412438544483,342.8283664436377,83.1111736619946,918.4110084492759,1948.0007543324984,1068.6611199072524,86995.26801731862,316.9688551189008,0.8876504102425262,0.0012651995445037045,5.514388962005057e-05,0.6347955837671786,56.36978271603367,10218.295521652817,0.22909228888949257,0.0207074407100996,0.1549099365770375,0.11687426491858405,
989,0.449135269263192,0.0031804644102021735,0.0005212900975589227,0.004261765774211349,0.03492617570783989,148.58754251189666,15.401791626194758,224.586971904773,103.31956826931894,0.1829976645971811,152.2524517268686,23.084582245244754,1158.3212392970788,949.2954754887353,1291.9702167481237,10564.04501186935,339.5351469453417,0.7992966192498789,0.001154492074078637,7.390719072384928e-05,0.7585824248594167,131.8762256279806,8203.969893511976,0.10100787621176639,0.21304229973516073,0.15580749303492722,0.08100706175495366,
990,0.5814548978228093,0.0005408314916267418,0.0001245783940181465,0.005668728046676428,0.056839325108517275,322.67686422243804,16.799055559097198,155.21148275457102,95.97503677495664,0.572902758559577,269.3175181588882,76.2328882832668,1153.5981376743227,93.02582774766277,64.44429646073934,2244.4965829773228,294.4502689817073,0.562502672234327,0.001880639902496816,6.276626769111105e-05,0.5509181476682435,128.16128015920316,4937.252789521203,0.02980536292229545,0.16679276424073214,0.13161817109180865,0.09032880392235439,
991,0.35079357703232245,0.0017060915988315693,0.0007012766628628177,0.0032391624635666437,0.03253882384515795,3.273567140326801,25.259252060574727,325.2882574190035,71.55925225177282,0.7953456410294222,306.19656837644925,94.727411739646,683.4218019227789,1621.3120938936272,1980.9218490942494,78737.66984084905,340.81526792711486,0.830321164260819,0.0012525364388191332,9.917529914068068e-05,0.7745790424271439,104.93081561037597,6484.97537081109,0.045822233997254644,0.03659680686841024,0.2506992177539174,0.3160881643480952,
992,0.5800787759772947,0.004469785620653965,0.0006798819294363066,0.0080583683465071,0.036684418743712394,12.742388222497395,97.93222644210832,47.99988218705261,62.89196048469868,0.5879074218850302,346.37488544526565,23.795531730675286,860.4747114794354,1398.0373920638174,1814.5401908969284,20930.01817995632,332.50626635649076,0.6347526773027632,0.0017822308271429274,4.9282801253813746e-05,0.7333680534814474,150.29518848306924,9445.634654536638,0.024548438212057586,0.04236260640040755,0.21795500118981795,0.13505517822042223,
993,0.684228600884708,0.007545161079742365,0.00016449669049770633,0.006578966649670878,0.046982575992072784,60.15742210542255,97.95663032313735,289.9390792558134,79.81776399787215,0.8064499067182058,327.16078973511225,50.419803407133216,427.31180564172206,349.0515940229167,186.64508998302497,40193.58597949792,345.52960606264,0.5683676711426316,0.0019069872798456904,0.00010439113963952966,0.7033138061015695,159.18982745900882,3829.2601406282574,0.06646810750134742,0.19332321746684886,0.0014245958180204913,0.054555478329075195,
994,0.5675996571224153,0.007292401080918861,0.0005498732811291103,0.00012228991740348394,0.05754216326309125,217.7445350245697,65.81670982682158,310.8941193677135,91.1029371911644,0.6415044936862013,300.74966541217805,71.77701307521502,1479.8007734572457,71.12384725754093,1940.861605983055,81084.87949577569,299.99368930019483,0.874857025037027,0.0024520208164609003,8.533520151519599e-05,0.5577784495750149,28.467154145453005,5718.348188796002,0.0013498763991095259,0.2783972880188441,0.14909215461937772,0.0035610238402533356,
995,0.6759758765100382,0.005591310389522718,8.663960561456839e-05,0.002707884033188079,0.035443231888027504,273.6117939506455,91.99863261848344,59.806429567116545,115.95620384677959,0.6322889130901115,328.4486108609253,60.6392450258767,1717.3522778562153,364.2206698994875,746.1255186599644,33556.682738845666,347.72995471414345,0.510609799802193,0.002615211941374173,6.782333593183849e-05,0.7739724023436932,144.83510989611386,5826.87194581971,0.06812761051875237,0.07823940957476028,0.10521136995481806,0.07244573344163108,
996,0.5548300230470982,0.004869264030331934,0.0004322884200471364,0.00659778159728175,0.02469438176625075,153.9877805630876,93.8058597139748,285.7385291181749,109.53679864024662,0.5088435791807664,279.6455652117196,12.808884379056897,366.9457587361925,1055.3880857983381,1006.6435712997305,18725.551031071256,298.88840868459977,0.8968539559283926,0.0013311369895689664,5.398266913037121e-05,0.7162561652668787,55.500666398805926,11899.692727796091,0.2245936376576641,0.0627415108480378,0.13111608124186871,0.026718747205331253,
997,0.31582441299459313,0.0022984609159816603,0.0003937556080356548,0.007595382179527559,0.06213572523813214,179.73283831678694,91.68415284681937,112.13245572503746,90.3785801699842,0.9802839859165212,33.52225766459331,31.561671720937646,847.518010292815,1461.211872729301,947.1202173402938,21366.161959692254,350.9492866312181,0.7157765426044889,0.0018278999211735023,0.00011006100755402612,0.6257606652999735,97.30065510342119,4069.6048079192337,0.03537902920859812,0.01875300702255906,0.41771105363622163,0.21233249713802815,
998,0.6373248573939498,0.004969135682075517,0.00045372156241743454,0.0028827984019794634,0.035221949540535855,94.56758139438882,89.03105664528724,105.83977094012322,120.99920288596866,0.40750627760995195,21.801672412517476,12.621260859830471,1119.7043704331022,143.34307249605683,1232.1038678558243,79520.3173374168,314.26352046554905,0.7423856471495843,0.0010758691662800493,0.0001131619382869667,0.7006127606977365,167.76008515045538,4596.287988924901,0.08501481685021998,0.03634602660923344,0.12997538690133129,0.11133891224526542,
999,0.5780822223015201,0.0002518646631264205,0.0009634346247738979,0.008209356778371908,0.01828968823256113,140.45797906328494,23.32187834086045,170.61076819463628,52.83758509105733,0.2058302701464862,171.4454392660612,13.122719550447574,1912.6650465917699,78.7112456012099,1264.578771536256,23660.501828976605,369.87355758999695,0.669994998488767,0.0024325913952844983,7.670817146555867e-05,0.9221022981469319,125.09226616659194,8053.951959092533,0.09612836904762061,0.0567376987231457,0.2063492450047623,0.06270246492295126,
