share,lma,ceff,c_lf,dgpp_dlai,R,sustainable
0.13508261797153806,240.22122639443268,13.434188639904217,0.25617816370308133,314.6527503493344,0.6906810061738298,False
0.06560834122040157,225.60177738127794,10.838016513587224,0.29360158159204597,283.0149989223285,0.28032872541523923,False
0.13809945279159958,199.0547099280078,19.617727588756594,0.23177848445971583,368.87707875908137,1.1041499338340313,True
0.10882782016400666,218.69669982313542,5.752437185463706,0.3242761979156002,193.78385041140112,0.2973720928625773,False
0.06693190784942857,215.77440098024243,6.298576649115946,0.22582348407485908,205.77830210474522,0.28265961350057184,False
0.12401622408866497,190.03581660016727,16.892202391759483,0.2710749658876431,347.8682699418378,0.8374684376334665,False
0.06265398627923653,196.5923671476426,13.816638075634016,0.2854980140427327,318.7692575656955,0.3558405157156489,False
0.10324644509866379,227.63711036573577,9.624198441186287,0.24781132253290142,265.5803434740811,0.48607896343262547,False
0.26182662089722425,157.23037506359609,14.655357413518765,0.27217479801268885,327.3784265458515,2.002993307300425,True
0.10290170400413579,205.35994544142693,5.28904105003636,0.2514196223608312,183.00420985808907,0.3647276907501772,False
0.13048954382249767,212.8638989618627,5.191616659584526,0.28789289894099473,180.6629887626512,0.38469092203669397,False
0.08796029183271464,157.46440235631064,15.881023295797858,0.28499475853668765,339.01748884714243,0.6644916106961173,False
0.12624476782475355,166.03842394506694,19.413410354075378,0.2969479053847369,367.4298379175438,0.940803535122733,False
0.13683295879541932,240.73699415878218,12.547080906456076,0.29531947576037165,304.60426263272745,0.5862620362789338,False
0.12208317234701127,193.88099286344374,7.704391226898313,0.21356425450592967,233.55520777037995,0.6886230608033689,False
0.13197299701470713,165.38919737631034,5.318579097934365,0.2445887817481216,183.70877246004324,0.5993372917518883,False
0.12373534745934882,235.70272006990274,12.126687212751213,0.29594214375845124,299.58099774860256,0.5314184583631325,False
0.13523926342763926,168.04750897941764,14.845312969052415,0.2262829004564262,329.25267187453767,1.1709767945977965,True
0.13412020057791707,236.0028166640947,11.597015333826725,0.2867970724189437,292.9938433157506,0.5805782858619081,False
0.16696551217527666,148.62960683134276,8.331336492840533,0.33319039005257034,244.68785898041023,0.8249761609197852,False
0.08945926905152168,206.0902122391357,9.392680958396088,0.32591007624738877,262.02717130895525,0.34899284199377184,False
0.24835485728541873,213.12207281825187,8.817211462506831,0.2742462695369505,252.84810848762794,1.0743930917150604,True
0.16112313239943996,160.1853567019993,6.859577966821787,0.22517636425857812,217.36631263077697,0.9709671103073593,False
0.14961136094359404,154.38820701411612,17.990661542328525,0.3111712262857815,356.79957436651574,1.1111567944746719,True
0.21622738075949155,166.85681028669566,9.392788487102615,0.3251092715629456,262.02883968116896,1.0444471980001675,True
0.1149274819743332,225.60710365973404,13.631581681860125,0.3012199529366186,316.7929225746491,0.535750833824742,False
0.11049003898338473,226.78103205959712,11.185865464209227,0.20718858465168688,287.6704569310542,0.6764657906577357,False
0.10729001883582492,173.25694922731086,6.247029606887683,0.2320709396598555,204.6773106295552,0.546157120090757,False
0.1318952834377882,190.83547752262683,11.513866862331426,0.28083548783653567,291.93248513057847,0.7184566801954396,False
0.11453796992738555,205.82788961411836,7.681575797917668,0.24373114631916654,233.1365122348794,0.532285363342593,False
0.14583090016303674,150.22931762516015,6.574820149800118,0.25215963211385817,211.57304847227775,0.8144785353122074,False
0.1621629613010917,239.2759487147095,19.98917463216807,0.285599504742824,371.4603270585055,0.8814701428208638,False
0.1499949754366148,150.29770105018656,18.784270264758604,0.256339152541613,362.85155700320803,1.4126625117617533,True
0.2476224883452289,205.6602273595873,12.634779711319299,0.2932194880888963,305.6302886345188,1.2549988627398934,True
0.10634897136310204,167.71657281993575,16.062261367221446,0.28495845795379626,340.6512959535144,0.7580289774436276,False
0.08591389621691514,184.14194918675932,15.555626766177696,0.25876181377821095,336.02958895611846,0.6058819478483893,False
0.11084090036417253,228.37788254928944,17.64313601993323,0.2185264724057044,354.04627091252917,0.7863247982788956,False
0.3436639707768964,212.02644041111319,10.290359915613667,0.25176121638315124,275.3869679014027,1.772958367279654,True
0.0725518227932844,213.3362079404224,8.24765839366363,0.21063468621279988,243.24240476184045,0.39272916585998224,False
0.34645775275639257,201.68264631673617,8.532166993454753,0.2055508415038059,248.10827166356032,2.0734985560138846,True
0.214259259843008,232.5278040809164,5.8133918353784795,0.2653962543292417,195.1595086318889,0.6775785308205503,False
0.11055993200641528,222.1878833254844,10.433345256348272,0.30496865476950946,277.4149429560762,0.4526390700424157,False
0.27173269973874786,173.98230216809227,11.540309914563938,0.22729331362797478,292.27084408733003,2.0083327211411333,True
0.10601926223356345,188.10418168250297,11.747898378431694,0.3152622941525872,294.90058372067995,0.5272176342753456,False
0.10406009862664206,225.14609830869927,19.8503465310951,0.3317980937208065,370.50196099794516,0.5161030580385585,False
0.07918080056423726,146.53945043747035,19.660338975170763,0.2421137033138867,369.1765305635108,0.8239105110066772,False
0.18632722538585256,191.99723577966068,11.494057657562415,0.2954778931540283,291.67850582593854,0.9579895542339969,False
0.11060773044833866,175.92972546323355,15.11012603508118,0.2379244863556905,331.82118188803764,0.8768215632013702,False
0.2735516163076911,209.9685219470923,11.775349464726226,0.32815596272933717,295.2448533631333,1.172160628867307,True
0.08713698604865061,196.558846891454,19.81480403181474,0.28499387842747326,370.2552438723776,0.5759378555078635,False
0.1368280942367296,232.03445564213672,8.961153169821145,0.3105917074320482,255.191977303161,0.48450689201675956,False
0.2296585912844077,208.19205476881365,8.63768453426449,0.29112114705680386,249.87833454775466,0.9468330173679235,False
0.10002951159229675,193.4523127958887,18.536429256699638,0.22491103986775052,360.99567448942514,0.8299376116994289,False
0.16888578465313095,238.98912715556244,7.130931117496591,0.23742890655878202,222.72420814185256,0.6629011675849784,False
0.14468347290710848,171.35914389016563,18.993910931805264,0.23218247343728493,364.3979804276762,1.3251290320406328,True
0.19958183419515418,186.63606521330675,5.623954901076151,0.21946423267181864,190.85260550793802,0.9299503926563153,False
0.3410588849673506,211.34555584378523,7.3346929184046505,0.22312373955381826,226.64728808553525,1.639234156283469,True
0.13064069177455453,211.06073075603894,13.256647881830741,0.2592658313756032,312.69889359115234,0.7465383003769003,False
0.2547901431577309,239.71137142989596,18.916236059769822,0.27661272500151146,363.82747909683656,1.3980326960498273,True
0.11640622264396931,146.9538172732148,19.724451406097543,0.23529811582339955,369.62555031751344,1.2443394198937778,True
0.16825067485044748,188.44459890912097,5.035555519368389,0.2616122522548462,176.85613146275702,0.6035804461196123,False
0.14089676411082813,168.2609006279119,14.541097360227123,0.2971968034592627,326.2379760173246,0.9191961357836035,False
0.21956606124779465,184.7204470335395,5.495326366057255,0.27666540554971425,187.87432192318843,0.8071659041853091,False
0.1400883735690907,174.58877842786643,15.755796103278046,0.23123233407684687,337.87599737274564,1.1724505765698607,True
0.12367506824551776,187.000734886659,14.282723456982458,0.22012187353499246,323.62210094774025,0.9723302961361571,False
0.1559058981227862,158.21389611501752,17.248460655097734,0.25947168530795794,350.83921638312796,1.3324044658603624,True
0.10600512197232834,226.95207521573462,8.264603844032859,0.29270756806480713,243.53609749695116,0.3886172577784911,False
0.07399914128156294,178.54636907968606,9.934550256698653,0.22159913653961405,270.22417091035146,0.5053959837994235,False
0.14011978221902144,202.96149778733374,7.873710538365612,0.23128775397086304,236.63200314248732,0.7063283466705259,False
0.09532300650641723,170.5966738489052,16.57745769720031,0.3323352035376096,345.1812086975208,0.5803606651758003,False
0.15577274168931604,198.71320721469365,17.355130315851618,0.2435192765732291,351.714588484719,1.13219639683504,True
0.09124013439078932,224.3469403049108,7.085993770144339,0.30187968201493853,221.84758666761482,0.29887293620133565,False
0.35476699935593203,189.47396927929918,8.740085084778585,0.28892451741758374,251.57865293003877,1.6303582756964474,True
0.10958516938225353,229.99434557822536,14.588663059605722,0.30533058172033484,326.71394286232936,0.5098377489292125,False
0.2013755032612542,167.42324999785833,10.678462308028923,0.2435920103513252,280.83118345622626,1.3866701317267676,True
0.08750096174547131,192.1571262735868,17.56204363672412,0.2077488366025833,353.3943944924598,0.7745998122374229,False
0.12168428921495726,180.319129983214,15.97453616660862,0.3234456790326774,339.86315269441116,0.7090803239098377,False
0.13652280660099747,165.0195404571597,17.71680218420598,0.24607081884256776,354.6353335941976,1.1923169659394428,True
0.16964640584848562,149.26135852407728,9.139730459284852,0.26700655616890573,258.0548655198345,1.0984679741558185,True
0.15871120504914493,163.3900609473035,9.370323154449917,0.21226765110406126,261.6799069631916,1.1974806844865382,True
0.15742016555853944,184.3126679301741,14.020987706341911,0.20165405557347427,320.9185872464886,1.3592304341368566,True
0.24635536887559434,145.09960955303177,9.641308738064335,0.33048549101373603,265.83988295404913,1.365725841031888,True
0.18989770204518208,165.10011745609233,5.658967034509229,0.3153372524939041,191.6556702054657,0.699066869527018,False
0.20752421241245672,185.2378152161503,11.61788320599605,0.23708549386475153,293.2590254068037,1.3857520470483733,True
0.14775417433076604,190.44720990952356,18.72141137818084,0.2892875989163174,362.38372056856514,0.9718606708683741,False
0.21073507988701223,230.5210208061356,8.569824851616051,0.28629171669922837,248.74209720614047,0.7942675341532728,False
0.3212473211901397,212.91168285730464,6.3860233606451855,0.24562549877285722,207.6317617498371,1.2754409647172367,True
0.12107971265963743,186.89275907849043,6.273868810735836,0.24458472921836344,205.25135389735016,0.5436702872471185,False
0.10875794182550447,165.3089711599923,14.076582167165698,0.30839804027448714,321.4974258386345,0.6858520603256187,False
0.24625470079824857,238.44032847590972,8.071316238351045,0.22739838702384269,240.15626054864114,1.0907151634829158,True
0.16289907055894962,164.68897915145786,13.80631926673662,0.2864511029891533,318.65981161820133,1.1003500438213716,True
0.12060488425552388,174.1471543916871,7.08264324353255,0.20255020685084102,221.7820581248433,0.7583020537179848,False
0.1649287168049664,221.65193373422565,13.284670692575851,0.3321814388137755,313.00913391406925,0.701142680337818,False
0.22037106785350535,231.9846173735924,19.870154417344146,0.3316994426217027,370.63921564615487,1.0614560438589056,True
0.16671470845402958,216.6103437718565,6.62981783166507,0.2322532926469892,212.7059403243674,0.704875579709858,False
0.15645526325485185,215.00950537908153,5.101142994550086,0.3110211256905683,178.46460364108017,0.4175367634465089,False
0.11224342949437471,192.87467278413038,14.165353156000043,0.2053458210749009,322.41653158675376,0.9137284723989016,False
0.15295496958306795,187.98865695801388,19.129612225478105,0.2757984659584232,365.38776936139425,1.0779388055422647,True
0.16113962148926506,150.20928633966494,11.103135964029669,0.20444297585759663,286.5761134383629,1.5037420730878663,True
0.16082024589982508,160.55404486005153,8.18592164750681,0.2749964181238062,242.16817604236329,0.8820831056766458,False
0.22060106892023143,198.58118485681382,19.289098986491922,0.2507992280748829,366.5399612411422,1.6235461904818609,True
0.17610592275907,167.04374285232834,12.93028572364355,0.27097340174973894,309.03374144129003,1.2023280698294885,True
0.05363617790405903,177.16074687091077,8.83369650088709,0.29207233512379327,253.11820676140462,0.26237550184103614,False
0.14667472649044488,191.6086339790508,6.063267220334506,0.23568998050703202,200.70050552665063,0.6518498324766396,False
0.11990746764443727,172.44259098670236,5.302228045246175,0.3306364465866284,183.3190565929259,0.38553035680183373,False
0.12342059671127652,163.6013790140599,9.425180994566029,0.23854297073825753,262.5306560588978,0.8302599368098147,False
0.09932875894430321,156.16625869444644,5.5942895775169665,0.25645806490367545,190.16964479430996,0.4716421795016918,False
0.08433015942836197,217.15538892702392,9.889317227208135,0.24899082977120793,269.55565217496337,0.4204142231541223,False
0.1672856013480186,156.19449390194708,9.576693300517006,0.28809065813558093,264.85756910204117,0.9846367806351877,False
0.11969498963794248,205.0386983584112,7.754292289457995,0.20305302180773363,234.46754553719495,0.6740830634394964,False
0.07476084500941611,210.79745273523378,19.546543574828604,0.22543843689342274,368.37501005177927,0.5795234833756348,False
0.11708768179594416,237.28658658241682,19.83822015581236,0.31101108684105416,370.4178486731324,0.5876977834787558,False
0.17058364408310386,202.14175630769046,16.548115670116964,0.2438158941527987,344.92765525299603,1.1938433804027948,True
0.2758092056551468,228.14425533886717,9.888374628773844,0.32089047027038026,269.54169131483053,1.0154729265040625,True
0.2295801405967205,231.01036112924257,16.038475262189333,0.20749532244010435,340.4380889341514,1.6305446339592848,True
0.2392685676250367,163.48086772236053,7.563950157083397,0.2901982594673536,230.9622029617695,1.164836110347588,True
0.09670374101033836,217.45349778054833,12.197732352419475,0.24988187165096093,300.44232441117293,0.5346914511910951,False
0.0860605514928293,192.57403713234794,14.630443180749099,0.23229986845093692,327.13059712439207,0.6293302279407167,False
0.10165225290989939,203.08652836392957,17.98326897707291,0.2893180403060035,356.74167747313754,0.6171833878168734,False
0.22017534098777045,239.5371076273876,6.130239437645426,0.2619429440037435,202.1593155324437,0.7093865183570589,False
0.17331233459237472,205.33486351427712,5.6714852507641735,0.28938284697405847,191.9420149437907,0.5598401521641314,False
0.14248451017055708,174.8762910437854,13.482886653077687,0.2710095347808162,315.18386173874813,0.9475805146705646,False
0.31496070050833963,208.8099019136206,15.410926415502788,0.26096161050047934,334.6778538903736,1.9344416301205785,True
0.18685227934632714,187.19517041704572,11.96653122680577,0.22166631983382254,297.620351500707,1.3401909297706747,True
0.2034416905344918,160.19482983124598,19.613534279378214,0.2900403557639179,368.8475661843027,1.615027618453679,True
0.10713968596691305,168.59394522491502,18.97399198950206,0.2123131569107762,364.25195666039656,1.0902682897763503,True
0.05931320857438363,192.97057042999194,12.064805554072912,0.23336643313165184,298.8265691024798,0.3935873735806389,False
0.14439417549367536,213.41914426983328,17.746585264605958,0.33096853007510496,354.87265341995135,0.7254410610443179,False
0.1329488635569424,153.52057352897052,12.773020688375986,0.26775246905976047,307.2326948840436,0.9936924523015301,False
0.23578132566229282,196.13423836019106,12.326847885529403,0.238360961677948,301.9946342628055,1.523070791354976,True
0.18267614054849762,178.42957494690734,7.519206615874014,0.2573653440008173,230.1281429979065,0.915450052325492,False
0.13004213241849039,169.65331002747237,17.262088384043455,0.24734253459245994,350.95141016843365,1.0876018308569224,True
0.2203413447171324,227.62123158454227,18.34928888669417,0.2379663305592151,359.5740366058075,1.4627026170077517,True
0.09492463906700788,156.6177651286284,5.944665295157238,0.28027058317838244,198.090001440828,0.4283738681857273,False
0.24638288687235177,209.10970518713856,5.472101880305945,0.21130578193464739,187.3318434381872,1.0445676599856473,True
0.14679214687239345,236.13457729324824,8.60934985944861,0.2723502733099472,249.40482334244996,0.5692725846399476,False
0.21279775058714684,189.70733119790924,15.606869293910783,0.2396144190259318,336.50484078725907,1.5752927926098574,True
0.139534064291821,153.39012942601624,8.648633724395587,0.3298862340671414,250.06095759779524,0.6895480383818728,False
0.13220942733125793,209.5199391542008,5.653654754613728,0.2743258964887027,191.53403145505976,0.4405713049880778,False
0.1996891496637756,219.0779580486621,9.299877039898984,0.3052191167068984,260.5808961508087,0.7781917555020443,False
0.24709440860520365,199.50049728106475,15.57551520288272,0.3149180748949827,336.2142575493481,1.3223227620617692,True
0.12601429158326144,157.2844188544316,8.586107584125651,0.29354603202063423,249.01542653386554,0.6796481491885223,False
0.061858992817649824,194.00939114995867,5.920970548918052,0.21641780235866936,197.56426785333358,0.2910687015979181,False
0.08938188197644692,149.09818459165876,15.342257139774166,0.2268475364818652,334.0313085510838,0.8827347972577466,False
0.31264237261119066,174.68034091038038,6.5919729018960105,0.21714149517723902,211.92710543026783,1.746817320635386,True
0.16624655595573545,233.89843590973027,13.843194599090486,0.20234979885052906,319.0505212950869,1.1206810307246395,True
0.08200307443926866,149.37825206637604,15.580944915936115,0.2995248023629371,336.2646268456029,0.6162985642226274,False
0.16714630257537183,154.82356759422368,11.367725244377105,0.3231875307119904,290.0485013159599,0.9688928093688336,False
0.07138354522514015,182.49842217075488,15.300226921500885,0.20633692712696933,333.6339562127604,0.6324588673456776,False
0.16812787798229117,183.51786221129947,12.388117967248284,0.23595828612328487,302.7254396211196,1.1753712827188656,True
0.18262378814757915,160.7690096591951,10.641163616328225,0.3157051025661362,280.31617948944285,1.0086060636076593,True
0.26285993657279316,237.50447117840952,19.670488693729922,0.30269085574581833,369.2477377667469,1.350116207898841,True
0.06871448664531492,219.7838805288285,12.658561896956776,0.2932089445244062,305.9072530129994,0.32618578349519267,False
0.23171572661812362,167.1291448268173,16.22697267515186,0.2552651467186693,342.117718553685,1.8581782203208252,True
0.21140500849578697,168.15480938138933,13.7149301886653,0.22530504916032043,317.6866175553981,1.77269481860548,True
0.24214411023037613,232.13818196231935,6.336941446565687,0.21543120348397474,206.59366190700146,1.000312549230509,True
0.253563847123864,220.8486028590757,17.46959090726679,0.21433116938675775,352.6467722748414,1.8890665409938965,True
0.20388892629916125,169.04360434575773,13.016016103979377,0.30745787852302,310.00589687373025,1.2161278199780046,True
0.12231041649763255,167.5103717136047,18.919357534953768,0.2958472861902828,363.85046134938915,0.8980015427755874,False
0.2069887141564699,219.4609347417582,16.262777558580048,0.21770665229541827,342.4342022065234,1.4835250285949928,True
0.1544398602229447,238.9925221609129,15.088310542311742,0.3029615099384769,331.61150625025647,0.707322090864053,False
0.2199363308573629,233.29056564837538,6.625182390506533,0.32606998718589353,212.61071706151924,0.614715445174551,False
0.08725828611105854,153.84274534417352,11.927767056501374,0.2470152427613535,297.14180086939734,0.6822910192682444,False
0.14042175984104677,147.67307352045987,8.179860999224669,0.20306297641624682,242.0623606368375,1.133521114460008,True
0.29720485559231513,183.80181197620144,11.791680783334018,0.2665789022528915,295.4492859998616,1.7921042983742694,True
0.13318511604661384,236.956824855451,11.968619807326899,0.20317404175603906,297.64609089392826,0.8234143562570868,False
0.17837517010434878,196.44009157156566,9.394937585135636,0.2880706845770912,262.0621806579644,0.8260561297149169,False
0.15021671771179979,196.73607030103966,13.630355704092377,0.25958597002142236,316.77973326298047,0.9317737010343445,False
0.1190824477038793,155.9397428926342,14.16234655937186,0.26887791508147596,322.38550553309244,0.9156116603652414,False
0.1412918400238095,167.54684109565977,14.59394647208079,0.3098528961030328,326.76670510560245,0.8893302730649398,False
0.1039141777770273,215.9909365225351,14.893157637340483,0.2502061066532391,329.72052077471847,0.6339972149293935,False
0.22426721167149277,154.80269960637042,6.592068931390733,0.21910562931647115,211.92908575005242,1.4012779310871892,True
0.1308311815827286,155.2452925079616,11.494261893052682,0.2927526955161246,291.681126599129,0.8396537847991532,False
0.3410384699294837,192.37997475170044,5.8361482994987055,0.20488229899018479,195.67064651868327,1.6930303714370174,True
0.13580830857787957,222.3809413478445,8.638261828347902,0.3308468392496251,249.88796822099735,0.46126142038328294,False
0.08544787009861826,236.92210261882093,9.548296696758179,0.25196067961578084,264.4239820218104,0.3784981259896066,False
0.12576018937991257,211.4443180834759,13.575233391307936,0.21604773638975225,316.1853940702457,0.8704408154650917,False
0.11258464843936707,225.66902509532423,18.912375161623608,0.31315218107424525,363.79904626353806,0.5795799306986418,False
0.26045421024641,225.6739538994391,11.820391452285264,0.3212810759581989,295.8079929229909,1.0626119689975542,True
0.15665132729732226,208.94485009460578,9.35294810376383,0.3081901870238545,261.4095263771983,0.6359237007818384,False
0.1774606312915011,226.4141049900536,12.018235120874253,0.32388905889896574,298.25621048753527,0.7217582576871008,False
0.186092691537862,158.81280071426778,18.180697978835756,0.2909344529070294,358.2780588408614,1.4430084391736766,True
0.19237325197307087,162.4791209491509,14.711721778386224,0.2645900789819495,327.9373739652458,1.467453959865407,True
0.09982611713274794,160.4475488294769,19.742657371907207,0.20281648672044333,369.75272421063374,1.1342772439252637,True
0.21458156194729955,147.38022504697113,5.598049852315833,0.2065411115939652,190.25634367639287,1.341176153965353,True
0.11056809269028062,179.39418167836044,10.744150035319073,0.2162534551503901,281.7340096960903,0.8029669790677626,False
0.15604984031488833,152.73680664405202,12.542906963154639,0.2680269988488903,304.5552447838489,1.160933014259084,True
0.2165489982866739,213.13924103757097,15.322964091014503,0.3069804620864205,333.84906621109866,1.1049234594038457,True
0.11872152184264569,198.7872408607883,15.899080213589192,0.31378747570722654,339.1812293805385,0.6455608038530755,False
0.10733886277754534,178.15898745464804,16.228866946688996,0.24863331682969866,342.13448258459334,0.8290615573251031,False
0.22118721148756246,209.58480795296126,18.46006602668224,0.2886555617637224,360.41770216771505,1.3177298931586778,True
0.1733282107858764,239.63601678290598,10.9771718214028,0.3012637840603245,284.89453026751744,0.6839972351606797,False
0.21214302696191012,192.58525066513488,7.842361709272632,0.31499996083598825,236.0663620117842,0.8255233190305037,False
0.2238689923893861,153.97910236342105,15.689711669809846,0.3084310392256794,337.2694045266744,1.5898312514137631,True
0.10139091833262306,152.66223207664896,10.25414640822503,0.29940159501271046,274.8691569333284,0.6097325070615975,False
0.159121618945943,174.23291056162742,7.89029703361367,0.3088713199524531,236.9305495428837,0.7005553836485174,False
0.1726726295221944,180.9104018203482,11.323586640380544,0.2921865180211007,289.4747861528808,0.9456066836790656,False
0.22669884973301463,168.29231330373213,9.334300735860879,0.20804179749216867,261.11885007301885,1.6907237892568494,True
0.12659868308836508,169.31369119702643,12.357790306300606,0.20403475979915128,302.36416857122174,1.1080599892754572,True
0.1269903842058127,219.29265261176698,18.187091751729028,0.25519502197130295,358.3274753569441,0.8131200451345715,False
0.2081420286138051,200.8362893957347,13.315341229076575,0.2833363532184588,313.3478902972131,1.1461516114157075,True
0.17595004162483951,215.20079354386615,9.212180971275725,0.2710278004874418,259.20243401278765,0.781935157290963,False
0.1815846382153653,202.8490807945549,16.985421119660998,0.22591495680472687,348.6527807178552,1.3815105628108337,True
0.1996612912046024,205.8373854170147,18.84499895460144,0.307687885750916,363.30170962559725,1.145319519992611,True
0.08660389606809107,240.07725705976395,18.32044888271227,0.2861918184411065,359.35337263384156,0.452950684902995,False
0.2720002783595022,233.61138259559198,18.453332868570392,0.2607399432924119,360.36660024509894,1.6092084877756607,True
0.11375633487653261,163.68637851140127,5.896668597915035,0.22251244531134853,197.02359619338372,0.6153567745443913,False
0.11835215740402073,236.9519574232384,17.49936340288642,0.2421984825378675,352.8880456263748,0.7277486475008038,False
0.1803198713134903,163.92986315738102,18.896773599584982,0.27565184709189966,363.6840784808726,1.4512722602773456,True
0.18107933129107848,236.95655854505188,11.416192651670652,0.20029687606182875,290.6759586842771,1.1090090391312997,True
0.153863530497424,205.19780855484646,6.682214308142582,0.233966148184181,213.77896078578695,0.6851330396817893,False
0.09901937308939124,224.9249594144875,19.209575111366473,0.2625224807117747,365.9669379564363,0.6137024745558223,False
0.06752589180823586,237.95822671393847,5.007276551241195,0.26420353819964,176.15873946577221,0.1892061154181416,False
0.10886478209844537,188.1168241229708,6.420233952552038,0.32614476402518805,208.35201144445347,0.3696979618399191,False
0.06651621025022288,200.44941638730012,19.539391621945512,0.28437047143482075,368.32443999458775,0.429802305258793,False
0.1532411775715597,240.15308521571183,10.940062723623576,0.2668118453288947,284.39556711053893,0.6801505075880122,False
0.12704630024914623,217.1128541335667,9.905779558750627,0.2306844697514438,269.79928003595523,0.6843825293215595,False
0.18853769057917674,155.67024300309126,6.238575003328382,0.23961278969129407,204.4961268675638,1.0336361057606083,True
0.10387633299405873,147.9420792493876,15.715852865810072,0.3120331922881869,337.5097058100831,0.7594695462842048,False
0.13050587686996065,176.8126946269324,17.309491045048247,0.2231334950725779,351.3408434147189,1.1621990004458789,True
0.2519440807986767,201.55538332451317,10.400861888457335,0.20115650055534878,276.9565311204207,1.721025465684589,True
0.08398615035435104,193.10845609023733,7.692445356314602,0.26492675716787933,233.3361067572075,0.38305620985728955,False
0.12737990210284023,189.62345853501262,18.895724534339948,0.22632436655808874,363.6763437188728,1.0794252825677448,True
0.05591446885464968,165.60685231236852,6.836200509793526,0.2900561439261967,216.89739948618848,0.25247488155594033,False
0.0728174726289394,190.6833166993064,10.481257637439075,0.32670447073089187,278.08864201371006,0.3250506790738389,False
0.14684853532194217,149.05611867309784,17.04455915240501,0.2847866717419867,349.1478359185613,1.2078402707158744,True
0.16945798354534203,147.9604462055878,13.922292467389727,0.22656250378320786,319.88480205035773,1.6170445065518408,True
0.16449457352107044,234.09717672189169,11.872722898390526,0.30866768465358646,296.4595664358951,0.6748848895095448,False
0.15456463343325094,235.56698041301047,14.237978413898237,0.2257328676787498,323.16378938939306,0.9393417088145927,False
0.1634669204772028,170.97427594993948,16.397006348413736,0.29911936271085016,343.6134836153277,1.0983095970717545,True
0.1026333918179715,163.19515671075413,6.980345451824203,0.29121101908030655,219.77005918974157,0.4746157400947635,False
0.2442175527307347,240.53578469891642,7.415740475985364,0.31896872159935286,228.1845129235598,0.7263321139785105,False
0.18257421386887146,154.9279985518372,10.24326461151599,0.26270789374380044,274.71322606561534,1.2322986576741761,True
0.2207245059361851,186.70618395925285,9.245353668932479,0.32844361859960985,259.7252198669633,0.934856915604522,False
0.13660316414383103,217.75433414254618,15.901153587902106,0.20599498629244173,339.20001706732705,1.0329829811354985,True
0.09431595454580932,145.54610839133852,5.795614242274199,0.3156258999680428,194.75928054469006,0.3998619637086228,False
0.062085925203140005,240.92775691175808,8.858422797018106,0.2965848618545031,253.52252207466861,0.22027940082407657,False
0.2690172378695309,199.68810987306406,6.743284671336408,0.27933082669501275,215.02193764828314,1.037031163628737,True
0.2603626707629799,191.4001215138025,19.905510327427024,0.22440971132263207,370.88377932925806,2.2481883934655134,True
0.20780744905603118,190.56872398616312,6.4674050288113705,0.2993271126291448,209.34068741323398,0.7626356005688671,False
0.14895530355986591,146.8083854550366,8.12799256840475,0.2970293489963911,241.15412540634162,0.8237595088671065,False
0.16616520009036462,200.67590190114603,13.172755116635027,0.3259005852710023,311.76593734780766,0.7921152501972941,False
0.04654922959147321,147.31681653284704,19.00285001198239,0.2815107848979086,364.4634503081052,0.4090902386559822,False
0.03378491601007069,178.28115725726585,8.811945651973595,0.3251719622574535,252.76173967213379,0.14730437410299044,False
0.2825232120495885,169.56599745407334,19.706249171122003,0.27314195732906715,369.49825502696854,2.253924377745535,True
0.25996808942539074,221.3252922704438,16.72161757333862,0.2815505851513235,346.4193306329815,1.4452223858112532,True
0.1382245239956864,210.73082618991543,10.923194574311148,0.20707137879833787,284.1682195120958,0.9001449804967951,False
0.15402987365902876,207.3256712990517,9.799344783572414,0.20097979287614418,268.217550994204,0.9914862081202188,False
0.20418306889360685,231.49347319609117,16.296738981265555,0.22003020621280467,342.7336429369259,1.3739008982802823,True
0.19232812483524286,181.05350172211917,10.949434802793709,0.2749181991132629,284.52173693495905,1.0993799935499036,True
0.1350510428082642,206.39251281385376,14.27696480499246,0.27070270840249144,323.56320516198167,0.7821148488441435,False
0.1853373356389933,204.74009003822871,6.498434629494586,0.314042564170282,209.98826132759874,0.6052942222327754,False
0.11913673961129975,224.20925896317726,7.89545841238559,0.323466371431056,237.02334812945702,0.38936253359079476,False
0.1615229936771724,208.49319343571142,19.28758159187145,0.21743251166355476,366.5290549226405,1.3059495447243323,True
0.19816821794530978,209.203585745836,16.062547612411574,0.3245509777609092,340.65385948988603,0.9942492492941951,False
0.12968210143166042,165.0584541126757,11.191862506878898,0.3212810839769647,287.7494781898697,0.703674242754944,False
0.08348683692451436,178.05031528146628,12.257948333965114,0.3277592742796057,301.16836187673357,0.4308534923721101,False
0.09311281580568634,194.08309685336894,16.698775481832328,0.3283196626125764,346.2239889715084,0.5059201882611872,False
0.06179264421259778,220.26906177286108,12.932422031781968,0.24980985072296533,309.0580487303702,0.3470673632118747,False
0.10358695022998768,166.24247000193097,18.725018960469626,0.20068296815068096,362.41062283680844,1.125261518805554,True
0.17199609584071118,239.70968437600015,17.577240263291927,0.2717924318607772,353.5168305095144,0.933266644566805,False
0.12173672702340027,182.19870426499813,15.49647794036272,0.20122338740533602,335.47878214912606,1.1139429244577395,True
0.18984974271530575,159.6220945494467,17.224589989341055,0.2525352395403637,350.6424401056929,1.6514274458244942,True
0.13727212295753427,231.85369815558713,16.68293570490472,0.279435262957413,346.08834522096555,0.733287170493972,False
0.2807070935944624,220.70968333831183,19.780470786826037,0.3245811040819056,370.01639153634346,1.4498722250872453,True
0.11621649432737716,177.41335715288818,6.504534457854078,0.24186353854079443,210.11530309582403,0.5690739927509652,False
0.1317995040978419,185.04479810649116,7.0149680100511995,0.2015840443905058,220.45347479456635,0.7789286708035988,False
0.17974612599355883,146.26803702523398,9.587587641434965,0.267395314226278,265.023607671754,1.2179820137012884,True
0.24890361436162162,231.83634367430994,19.04465431089131,0.2553978852150614,364.76911971737366,1.5333823236185373,True
0.23644294557345075,186.5236553315086,10.871466645764968,0.2746002438539318,283.46891598539247,1.3085700244547398,True
0.11376756136251082,149.92822373827582,16.936081992752293,0.2396196315256262,348.2381886955048,1.1027804350044734,True
0.07067032888712114,191.96360803951953,7.160146808303203,0.213183821950678,223.29190103226892,0.3855999203889779,False
0.09586986950557462,216.1557067589726,13.857285753442445,0.3244283555260979,319.1995251838291,0.4363739951885442,False
0.1672947462535151,177.90344303192333,9.653039801058632,0.25767565395209036,266.0175866858001,0.9708114986026454,False
0.22731700073561592,168.0995180228726,8.640306887346927,0.29193779010083326,249.9220910245148,1.1576566707729425,True
0.04789817213518646,175.46549973044523,18.611445662592615,0.2645143840636852,361.5606163299665,0.37312901981488084,False
0.06208895120912883,164.67262365804416,19.032163889562185,0.3126528886942946,364.6778779895294,0.439784473232181,False
0.15047542187865337,218.062913375346,7.584528708611746,0.23518242166491835,231.34450852647026,0.6787941590123626,False
0.14770317667514046,235.7064778875211,11.097794105011467,0.21309087998659196,286.50517851778545,0.8425310806363566,False
0.13877456187441456,191.1922568608348,17.53264871587916,0.21379767439322678,353.1572044026463,1.1989599015922017,True
0.18970208969196253,240.40005091774512,9.942560669795201,0.30635666999642686,270.3422691721773,0.6963445392841184,False
0.2512194083126235,163.88508041221448,14.667329655290493,0.2781354280054291,327.49735140182776,1.8049503104074085,True
0.23470023610958182,179.17147123283135,15.324728299847662,0.28636058101790934,333.86574175931116,1.5272259323155049,True
0.13139869102098925,201.98254132692878,15.419574878074616,0.2128727922465399,334.7590499630488,1.0230323723699926,True
0.0934568323413958,147.5641949268758,7.786795912700763,0.32416947301465426,235.05929793386483,0.45923542707447945,False
0.24183557223940916,233.0494845270105,18.355847423389584,0.21086796316212636,359.6241589137037,1.7697433625978887,True
0.12130250013839991,168.2529941506144,17.426082737869578,0.31699970796336907,352.2932989190917,0.801221271747452,False
0.07666236879958169,227.8831741939684,7.4942706383201365,0.3059540818170108,229.6616293247151,0.25252371177858596,False
0.09439606835693988,205.01490784633484,15.497408100168327,0.21993554293859685,335.4874625493167,0.7023431303583165,False
0.15590360973486325,144.46809804728017,10.451428446221367,0.3053501865814448,277.6695541671668,0.981328221819479,False
0.12359881045324402,207.22146184128823,13.913758374014892,0.27213766558858854,319.79503718559954,0.7009105913738292,False
0.10741513233086208,223.10285887471818,17.216085415440048,0.2960616631054559,350.57225467909615,0.5701061155504424,False
0.1281392840878335,169.6566967847343,12.606060406598576,0.30704477835726074,305.2951046069969,0.7509817974904403,False
0.059733459821477486,177.11132433448608,5.954042745411174,0.32067602411159596,198.29767773565754,0.20855589863810342,False
0.09529629638326159,183.91588789188648,16.85225843071545,0.20475986256313955,347.5305408594602,0.8794373801168075,False
0.18279562637025468,225.16235354405617,19.766662096114654,0.30195588314266175,369.9201790699096,0.9945681515216408,False
0.06902935005476497,210.52269689605856,17.187244184743427,0.22721661958294856,350.3339297333552,0.505564959704051,False
0.2362178913051885,153.52686381153956,15.23606392052115,0.22145871247963983,333.0249689121869,2.313728710290885,True
0.12396902659019562,238.416358015382,11.881639469198358,0.20127740243081113,296.5702973834059,0.7661428893594409,False
0.103814972384913,177.5057124968502,13.93102727389811,0.30415977741502565,319.97661617262804,0.6152677027919442,False
0.0980266691427189,156.70866380268652,9.149335387504156,0.30582322593276734,258.20745953286206,0.5281406043252953,False
0.24645133454420398,194.5457522859023,17.841994374696974,0.2179699227693648,355.62967652859356,2.0668589785472133,True
0.0783953197577614,201.93432442987327,5.571992963937714,0.24403915278497157,189.65478989083405,0.30170624317640066,False
0.2204566136153746,159.2297698780535,6.23706874587228,0.29312769796345417,204.46382961331588,0.965736171425969,False
0.17582067823429653,165.14499414389462,12.87868071089994,0.25813033449785977,308.4452864209508,1.2721655499158664,True
0.24083262772812564,167.3354767987816,9.406155017742112,0.3018810182693828,262.2360970822868,1.2502128694191286,True
0.23149221730520964,151.48651637330605,15.107030362836017,0.31121510500673444,331.79144918271317,1.6291720021531668,True
0.19162324683096893,177.12107229874155,5.969885226970314,0.2637704497342105,198.64803184476497,0.8147719860574087,False
0.20167977381042468,177.82285298263156,19.90001464621207,0.256627860742471,370.8458005734059,1.6389448261303494,True
0.24542006662263513,151.24786695915176,17.75723607127115,0.2912548697400482,354.9574054531961,1.9775335348292395,True
0.1086986762849731,231.76080318578994,8.88951758012133,0.24908294257732513,254.0295952146838,0.4783266701372176,False
0.17453263902623853,176.9843528341337,10.708742019211023,0.33136307799025944,281.2480117978655,0.8370032198957322,False
0.34333683220149436,178.84794254344718,19.10606118223021,0.30916083238100833,365.2166165029067,2.267788288628787,True
0.07293488414974082,146.16811318135544,19.706687993611148,0.2495832424371049,369.50132561930445,0.7387257452979057,False
0.17038517810883233,155.10664387139616,8.64500915060483,0.3274986342500684,250.00052457672737,0.8385574823319438,False
0.23863988746175552,231.39705583774565,16.13550470967888,0.3219378647438584,341.3055240747536,1.093343090680145,True
0.20727056535363436,240.56092454846993,16.473877398248295,0.23684908402648372,344.2837801403753,1.2524413597406063,True
0.0604188065811188,179.4550582175867,16.09583013777664,0.2512394897924721,340.9515688852638,0.4569000745814604,False
0.09007534350942015,165.25581913963703,18.50233204567511,0.3113422109723866,360.7379633647181,0.631543121932883,False
0.10764245306833697,182.51837998483074,16.291828026030718,0.21684604227400564,342.6903875859297,0.9320246606294522,False
0.11091700246935621,147.4043133181442,11.06227855668995,0.20330557734198199,286.0327185949689,1.058654756796377,True
0.07982900964523612,219.8985724407459,15.318795600846812,0.20559697821384787,333.8096564052195,0.5894140716418226,False
0.07966686138865678,235.22997039844017,6.83194030452237,0.3173542383831223,216.811819669235,0.231378875130036,False
0.20528365913985946,210.17549875688832,8.206672293286784,0.20693007091569202,242.52998292449178,1.144759149254883,True
0.06165225338459222,220.9660734543128,16.48462922320695,0.3256200799055469,344.3772418069377,0.29508465173053205,False
0.16018435014224983,168.9129814058845,12.56782074805728,0.24676599173104144,304.84757656528495,1.1715329185238632,True
0.19550207027770752,163.3089216073052,15.578069981459919,0.26976069214586423,336.23795971652106,1.4921398333169353,True
0.13243026820657422,176.72607798109337,16.96269493579792,0.30249086860583146,348.4619921237559,0.8632364405571211,False
0.16613506854068588,203.10753813145647,18.234938038096864,0.29850160939050374,358.69660183637905,0.9829147633567115,False
0.22982198568748055,165.54629795825537,6.261809555228616,0.20831948333840775,204.99363926682744,1.3661003267811418,True
0.24920130783409639,151.16891538351905,6.6060488834425115,0.26721754527393704,212.21715915791694,1.3091920112268647,True
0.06546889558675727,145.6216759543169,13.502157322898638,0.2356514033891825,315.39346499283295,0.601716124510562,False
0.21390411487396183,217.66546484359674,6.109665871939027,0.2780101293792091,201.71233933745913,0.7130195812271579,False
0.2254874306932656,212.2992975518288,5.636906989017542,0.2622604994267136,191.15006087590245,0.7741325660531545,False
0.2491602410535006,174.50026700621174,8.32017891606528,0.2754546635165663,244.49582052940056,1.2673715581985403,True
0.21852385124166207,194.8110161848205,9.55936943621879,0.23558721074669292,264.593189121574,1.259830982678886,True
0.16215263413621783,177.7818147096946,7.592987741296562,0.2373586758149986,231.50142316487177,0.8895804456636891,False
0.14787116050724713,171.89922720784432,14.835075997525962,0.29319271425004867,329.15235050106963,0.965724709801079,False
0.28921710247740867,213.0092148384733,16.35784940799207,0.22852005490032326,343.27063226417295,2.0395666852691394,True
0.18031705491339364,160.5168164555447,19.516802844724573,0.31048499470371227,368.1645669469624,1.3320411461245134,True
0.26999490631093515,212.71923836899748,9.804796034763022,0.28750944516582244,268.29894238866814,1.184447036594006,True
0.17493992137677755,155.10479048480636,14.019289068546192,0.2817977126575568,320.9008619539917,1.2843906506664247,True
0.13711872610393278,179.83258687092055,14.819247405086596,0.3269607829836869,328.99707924122004,0.7672285509039374,False
0.3123526976674992,234.96814342473127,13.98489207500095,0.26227033699020197,320.54142460986503,1.6246928314462499,True
0.13835920424137851,168.39815535891967,16.452544181897593,0.20643369372022666,344.09812689327254,1.3695328401628062,True
0.2596157068479922,198.7093044359366,9.502900548104236,0.31480013162924536,263.7284181823825,1.0945479335918502,True
0.11525426269568359,224.99430010202934,9.378215960522027,0.32522941213354417,261.8025831422388,0.4123534134008327,False
0.20234479045664872,157.87818666471705,5.372247618880329,0.3205680750187145,184.98270142820195,0.7395724863571339,False
0.17494396200753293,154.83861483489466,10.938007186099938,0.30277242588821535,284.3678808621073,1.0611674044662236,True
0.2118948613693138,211.668782025548,10.665184350082177,0.25735871528480253,280.64804411283717,1.0916583826010087,True
0.14148930303853652,166.9244476576176,13.342758933832755,0.22491057205890155,313.6500165130638,1.182058863928059,True
0.13039231252848743,170.78193038666473,11.552328619637457,0.25061837891472355,292.4243781697298,0.8908626024924486,False
0.10800396851620984,184.30298179760635,6.0272238885903295,0.25558968182981234,199.91085098525517,0.4583533422068788,False
0.14371646116393977,166.01077743900663,8.328300694807007,0.3066961539351808,244.63562955645733,0.69052850491355,False
0.13683174273200704,194.37613200427933,7.867955706609965,0.25317098243455816,236.52830172363392,0.6576776893259267,False
0.16908783706296643,161.7709691507745,12.467728155909583,0.214818423554598,303.6694624637617,1.4775472466956407,True
0.1342323636159938,175.4718685649963,16.781728337688335,0.27978098895509906,346.9318898182037,0.9485839180825303,False
0.1328407095173657,190.96982743374107,10.604172812156284,0.20957128266796565,279.80372581822,0.928727173304934,False
0.1779290883376727,202.09896993209642,6.790780903626562,0.20714237579886818,215.98297563519696,0.9179804257198481,False
0.1045091143496168,163.63480789098028,13.189041945747162,0.2130447938961122,311.9475523263615,0.9351669131664606,False
0.2263133476970257,196.04266180320974,6.580866321615619,0.32529465457934564,211.6979255965372,0.751275548025961,False
0.10494045362917662,214.6242280112765,5.894394954990224,0.26150260514818907,196.9729358780321,0.36829407278420806,False
0.15949965811788272,155.55416557983955,6.373400504025563,0.3097389943825239,207.3653208744899,0.6864649300477849,False
0.18952660873990604,189.50723747535113,11.42068676920349,0.27273128331068663,290.73400610272506,1.0661179793887658,True
0.15233261304343876,206.31587834029935,17.309085775296815,0.3030758065267538,351.33751934568113,0.8559206409740159,False
0.2303283322373396,226.7433331336652,5.568916458967344,0.259652147467012,189.58364583742693,0.7416889154052491,False
0.21395053858612595,184.1030289522068,16.819990132067336,0.32468679927942484,347.25701897209314,1.2429076213336945,True
0.13270673915164577,191.95267979962588,10.536559545926801,0.3323917840294399,278.8626371255871,0.5800144961532792,False
0.12541501321533716,237.9336797986632,19.289286033539383,0.26384556958414634,366.5413055733282,0.7322623808868549,False
0.07198395963715533,181.44758325699905,15.095192169355014,0.31133005653709267,331.67768463230374,0.42264890362413043,False
0.1991438890554423,212.65369930333694,8.699563232891935,0.2066593430608476,250.90784359613315,1.1369810739781507,True
0.07580987739330249,215.51273666144584,8.650889252338615,0.2639393222473817,250.09855347206278,0.3333188963535592,False
0.1995562468884555,160.77071631056913,11.086849864833155,0.23997801146805023,286.3597453232529,1.4811495053738617,True
0.18954412089436123,195.96556746787388,12.601146498815547,0.22005877346445926,305.2376748261727,1.3416214634932158,True
0.15254643181243324,149.07065814618025,6.520069019199658,0.24997021294487526,210.43845991884513,0.8614830546691462,False
0.19156320005165062,155.28273709471642,8.394293026652882,0.32209981579859115,245.76744221926106,0.9412885566396307,False
0.10170978787415016,170.06369684758204,16.35165042943318,0.2625514840331934,343.21626729306143,0.7818159374405024,False
0.14870633945529846,146.02395420121763,6.238217628857967,0.24249374068570212,204.48846451401792,0.8587636624834912,False
0.14635302590364008,186.90778333137624,11.617558123532572,0.31135181914793364,293.2548980047942,0.7375104632403758,False
0.14395647548096974,240.82195570198417,13.799606828923245,0.23811764001922106,318.5885689058114,0.7997859042529027,False
0.14286829241861265,220.27817971867222,7.074563055296592,0.20867240444445664,221.62393233878586,0.6888362775563526,False
0.15640346328186733,220.58489905714302,5.046431650904813,0.23710456030073945,177.12372551622124,0.5296724921066374,False
0.15028624060654114,160.6171546624633,5.573637418708276,0.32607653868468783,189.69280749040206,0.544325405259673,False
0.22965696526827362,229.70962406434694,9.235127810828583,0.3226354019010071,259.56424175638125,0.8043281597049773,False
0.12698978002571662,222.47388486592678,12.92321954429885,0.24167046707102413,308.95331115744006,0.7297246299021155,False
0.1549907537063967,172.27613326885083,10.378251799073979,0.23602793559456242,276.63665695718544,1.0544524362113743,True
0.10368538031793319,235.2341817968045,19.253694373251577,0.3003433564139594,366.2852108382246,0.5375494847694356,False
0.26893203649041797,205.8874188386405,19.15438615416007,0.23490963484688046,365.56752721439346,2.0327291394072873,True
0.1778759694952343,186.9128023948386,18.127252256618284,0.21947738361939756,357.86415577911424,1.5516960616701714,True
0.2096327129728765,227.00391371617013,17.239613442393473,0.32641913248320265,350.76632283835175,0.9923571284660939,False
0.10197277519707024,174.50471094937097,15.404380108942428,0.20910347128897064,334.6163594374296,0.9351106655583857,False
0.12499829527697631,154.08971998847326,17.633624518887444,0.303101513720771,353.9699975744561,0.9473463185840201,False
0.08906672466496016,235.15693392630862,12.025893621571857,0.22070521310539884,298.3501597212754,0.512001668338054,False
0.07292974563808573,228.60221000402927,13.227121830474594,0.29677262754549794,312.37125604659434,0.335792890030897,False
0.12334316791686388,158.4729906263395,10.014961093074584,0.22207943641876995,271.40572418973187,0.9511970641757342,False
0.17908522641943275,173.62211096771432,9.31386559000482,0.32189509809524647,260.7997137000071,0.8356943677634482,False
0.2005976008148323,202.96904920525304,16.697799918504337,0.3081435724205308,346.21563912059725,1.1104256516329842,True
0.1694124133122495,158.0928797170676,18.4442030606723,0.2784886501470043,360.29727224973396,1.3863931145002266,True
0.1401692481339738,208.0192521269113,10.372584725125947,0.3235837470683292,276.55637986325485,0.5758988283635734,False
0.16965699925462524,168.7858501008365,17.47312246052079,0.27021901927293257,352.6754173856128,1.311882749749952,True
0.22967821733222604,193.0587407085557,9.122530433926404,0.22090162722733492,257.7812562695332,1.3882981996891177,True
0.14404725588799236,231.76856737629637,17.67125703705654,0.29941522342396,354.27148610441606,0.7353816257867468,False
0.15057516168986804,203.0076343029288,11.79753500128106,0.24414609485310287,295.5224988983973,0.8978044140274891,False
0.16417166054560367,184.07925680337064,18.037637179180827,0.21686154701182303,357.1668039923308,1.4688649735496904,True
0.18930809464433276,161.154966680102,12.989019905025975,0.24769497004221705,309.70049693275035,1.4687578625456201,True
0.12761837165099718,197.9887091264029,18.117113657603653,0.23728305112474196,357.785471285033,0.9719160583743749,False
0.171674644824193,169.77018355684046,18.347575586623755,0.3234665169557116,359.56093944588207,1.1240559107865216,True
0.11823734765008745,191.99284581860016,15.488380092999858,0.24121821027754844,335.40318663841884,0.8563015427932266,False
0.1547551409172155,189.17765113789963,16.08842823580796,0.24005284183580594,340.8854211816807,1.161654107607203,True
0.15077877251091715,156.098828279611,10.038830301353416,0.3122016459708474,271.7547754531173,0.8407803562334587,False
0.06800544935264823,173.73558858080747,18.369608444420223,0.2035716296300268,359.72925367545196,0.6916930756812224,False
0.049290653503932254,192.79302844598806,12.309795974971305,0.2891619904300218,301.790582235629,0.26683188739734004,False
0.09580603883205166,234.9315542922634,16.58400985071858,0.23056937083202678,345.2377559809525,0.6106160323327655,False
0.0702089742782773,159.78912920431446,8.43562433285205,0.30299452973571206,246.47252765934002,0.35742022951044145,False
0.2373592415491862,155.90364251972866,17.061065780543316,0.2011980575638904,349.285652320507,2.6430589296862728,True
0.1364902694576353,170.93404486770973,17.305733359459857,0.3073131715849574,351.3100188823461,0.9128143992750766,False
0.11653909737209973,148.3453354001925,11.782665823208188,0.29026666548640034,295.3364734413535,0.7993144718208056,False
0.1960662834416645,154.26725520962296,16.364702997101723,0.3224865235365617,343.3307101965877,1.3531010950579363,True
0.18335288166411862,201.35197484949194,15.034493519923586,0.2254076886451499,331.0927898822964,1.3375586800555397,True
0.20334554771988944,163.11118379885676,7.656089774372683,0.2766760994778376,232.6676422197651,1.0483716605349607,True
0.2214386738589732,173.51382014901927,18.22934998081222,0.2607403089499677,358.6535517594189,1.7554414977889434,True
0.11912772210757522,159.77483943516918,14.176974519266356,0.3310402742782681,322.5363884204917,0.7264443214254104,False
0.21970237565405393,161.08776474555444,19.02510589731951,0.22205098195280373,364.62628699152157,2.239584611266233,True
0.16567833429612594,227.47607185272466,10.1826527089374,0.26054621007705253,273.8418501089219,0.7654997611362199,False
0.10789643776463878,179.72741709090235,10.883388461606184,0.3313391979457839,283.63036960123367,0.5138929832371374,False
0.12070187967148102,156.7723457594297,13.054747131630723,0.24270504368407697,310.4428858132344,0.9847987462494239,False
0.13641666556667753,204.70066143037187,5.520533950622419,0.23628073477543887,188.46147271913648,0.5315479550922781,False
0.0833178613265662,186.5582482790226,12.269061123695046,0.2494030448578275,301.3019524641738,0.5395402551996376,False
0.16162743429806803,200.02321984675382,9.582812068566316,0.31542068375420806,264.9508449918816,0.678749941243635,False
0.10870220482840684,147.4287659520945,19.63036349755958,0.2936702693317929,368.965962686679,0.9263656552334866,False
0.11269664192436693,213.51978114239643,8.409479259437642,0.26313552855667643,246.02684602093828,0.49348717262844854,False
0.11459457090016513,164.1836957257249,11.211564269871875,0.30790847455530757,288.0087913267682,0.6528570794793624,False
0.18258147694551402,175.11532223572308,16.112230212421665,0.2201433493001779,341.098004018904,1.615497077485927,True
0.10636821441866387,172.47109494762086,12.482543152747459,0.21952542963087127,303.84445359621634,0.8536149757038133,False
0.05606437348392455,213.95985284678022,19.814308512076757,0.2713687515160268,370.25180030293734,0.35751315368786085,False
0.13937722348148035,146.57866938845797,5.573794507486315,0.26109090707986077,189.69643879608665,0.6908574807948242,False
0.1077585045380194,212.3836751720745,18.81496215551563,0.3288808064321341,363.0792852863953,0.5601358470300998,False
0.16114729150271218,229.3958769331478,7.75840926639516,0.3308331865954494,234.542607312477,0.49802378346828063,False
0.10999189769448812,221.17640568932777,7.919379612114072,0.3016796257427241,237.45280073971963,0.39142919502763995,False
0.17819188293575572,228.75084254585624,15.427234498622072,0.24183713707311635,334.8309190466354,1.0785189410940486,True
0.19503913424859343,163.68514867642244,10.333986711750303,0.24857190852997843,276.00852049729775,1.3230703151966465,True
0.1016897626743984,226.3981834377699,12.195193690324224,0.2276178031566801,300.4116348008097,0.5928090391414444,False
0.1032862796696504,178.4829903040581,10.317943789352821,0.2818375876295604,275.78024264768254,0.566252376344732,False
0.08276629329837575,239.2143785719602,18.16357731202509,0.3191690176677099,358.14563152941844,0.38824436093573744,False
0.32381068915653566,188.11692129002387,16.779865506120334,0.2338596297288783,346.9160381178202,2.5534798711047553,True
0.2686197636407842,208.69021741636823,15.501014496520712,0.2780922951890565,335.52111240217107,1.5529832358616347,True
0.16358028979208022,208.90854360993302,12.179714481467741,0.25675517191375297,300.22436711672196,0.9155909878808878,False
0.1908586701878719,186.1832630821579,19.029475442210284,0.26544813277246476,364.6582293491187,1.4082429965670957,True
0.09119987051801001,197.2200838000135,11.3347974385393,0.2188705538090251,289.6207128081514,0.6119069191242732,False
0.13344896972109066,172.30904392798124,6.30929694469492,0.29780914712174633,206.00648721835978,0.5357349953226329,False
0.1546641716470441,151.55691638225431,13.713036290610138,0.21676900762441847,317.66637555415934,1.495505511901713,True
0.09442025107733043,202.61865482398628,10.732062103215348,0.23871429895595328,281.5682674735154,0.5496560313027113,False
0.28318725953764656,161.99778111542554,14.497684593267874,0.26552589937725246,325.8020564297821,2.1449223638130133,True
0.12317460073159427,176.61284062204123,19.539183096263052,0.29884495816414913,368.322965202811,0.8595709951913258,False
0.20249284494145098,234.42230595281828,5.153680191393731,0.2122792307063819,179.74404442328938,0.7314047102152756,False
0.10060365582343962,217.12840132465723,12.250761587601673,0.3278640074782756,301.08190156043247,0.425488704540672,False
0.08011626387748993,179.0108713135419,11.997397884539723,0.21958132505254524,298.0002861588673,0.6073829009587169,False
0.1599986562613669,214.22437854272852,6.090320348674424,0.3063415289490648,201.2911032637419,0.49075659920035997,False
0.31559051589219517,145.66229551272446,19.555800246002693,0.20884029305293483,368.4404277844999,3.822344068158474,True
0.2618002252242162,220.75742825230697,12.929287736939761,0.22718656119588004,309.02238472797984,1.6131026012995398,True
0.07758236712018485,227.28260169200337,13.468165383911664,0.2737705317277939,315.0235250980264,0.3927833968141427,False
0.07855533797238352,167.80831181419836,14.02719508212102,0.24130087595141736,320.98334132737347,0.6227099831121313,False
0.14802517034523224,226.9371935316259,15.840369365200324,0.23844362691729235,338.64805189716486,0.9263876404914937,False
0.17383743618853115,148.32582943041,12.085586676132646,0.20536477782234216,299.0803594470233,1.706822883862747,True
0.1374431939985452,170.4334180314914,10.071471363875595,0.2812389182342153,272.2308633729762,0.7806033791000244,False
0.11860198264946556,151.98693825797287,17.859704744028498,0.2538540724727977,355.7696613884964,1.0936301085838347,True
0.13282486018560805,175.31749471197878,15.205197584828744,0.31098847041299355,332.7309735773838,0.8105933825319437,False
0.21192992382182088,223.44341193490538,7.461850815382089,0.2934110475350379,229.05329212381264,0.7404313591495404,False
0.22180917372846515,238.57616075779794,5.103570435935902,0.24934799280530023,178.5238946478338,0.6656453993358656,False
0.20426673283925786,149.94968320796198,19.420626450417977,0.21406599731628895,367.48127557301746,2.338512074564614,True
0.07088303816245722,154.97727199841808,14.312251274242374,0.3158408985644074,323.9236826612624,0.4690818687241474,False
0.16258726501668933,173.24161588343958,16.321000050355536,0.20925546316864566,342.94711018403757,1.5381002478046861,True
0.1841088785206917,156.73129648960284,19.62806690869278,0.25859245213125415,368.94981327911046,1.6759862716308718,True
0.2083929954418723,228.25310386210964,18.457339846298588,0.3130143608328016,360.3970143212951,1.0511951457278745,True
0.3581123551531167,161.45339390854272,17.791982275857862,0.28861187791864856,355.23346685897025,2.7300575345067344,True
0.31453992950089504,173.90397133758125,14.278075855017185,0.2977114591938173,323.5745703000354,1.9658261913610773,True
0.14864939996716686,230.18544556149507,14.586091094595051,0.2843252599888578,326.68825052585237,0.7419990865819462,False
0.12748203301963912,173.60354279902793,6.65355314510496,0.22498848874381083,213.1927697680558,0.6958290729719225,False
0.0722258298765841,216.19051050615758,6.97192422703694,0.2066546327807465,219.60345005079196,0.3550176350059924,False
0.07839512284006689,168.01344736005666,12.642629195770912,0.2180444940174608,305.7217625981732,0.654223638906694,False
0.19752308443542624,187.35572425892332,7.159482609582167,0.2707996062647785,223.2790144221597,0.8692621507118024,False
0.22136652877205198,154.28392461713432,14.3129589432566,0.21591342389205953,323.93090201946694,2.1526033569149137,True
0.15283825668686313,215.64919999610976,13.319223028177976,0.258253387825931,313.3907055812069,0.8600512052412305,False
0.21985696450474793,221.04443722625754,14.84621496651917,0.3169468255683784,329.2615076558043,1.0332732674377376,True
0.18102926861058477,175.4233924053411,13.479997912619261,0.2442072682799436,315.15241382313076,1.3317519572152001,True
0.16054426492396207,219.0135825429292,17.91645977012719,0.23014141551314687,356.21713145748043,1.1346025853371144,True
0.2158334331589254,194.37071579090318,8.490055474114753,0.27499243422676806,247.39668829805026,0.9989897248072693,False
0.08011277906746089,210.66687808243677,15.717319168576182,0.22887168979663183,337.523171127482,0.5608116858961295,False
0.1933656282786535,153.95505561252773,13.39504642841721,0.30316687333492826,314.2243620117142,1.3017974965187369,True
0.18306847105030155,227.97777059294913,10.627590607199604,0.2122777260042009,280.1283424121932,1.0596774115272358,True
0.15693748048918446,168.85836552458028,5.27510711055727,0.2846210563700768,182.67100035222228,0.5964948188899526,False
0.09582474777395898,147.26248944212045,9.176560769162762,0.22370306574228785,258.6392281005372,0.752329352685436,False
0.14001059902916327,217.72380838557424,17.160446918684137,0.24943798591499752,350.1120676977436,0.9026086279494674,False
0.12001792310248881,187.66048351360965,17.272750995313185,0.2075121529117652,351.0391192334268,1.0818953549414554,True
0.1394912173267183,226.1260533202991,10.513223740510483,0.2947884361219481,278.53650348154343,0.5828649467894,False
0.15695544558929253,163.31003352618723,19.961123959477057,0.31207609219803073,371.2673638512385,1.1433779049290667,True
0.11105556632182843,168.41346438257779,7.471202870496997,0.2998185701201141,229.22898822975935,0.5041671330269469,False
0.21452299323991691,193.35428467188268,15.092322233957725,0.2512671330958415,331.6500895256231,1.4644160563473778,True
0.1599259385059758,209.4355963463698,8.238380119389854,0.20494674540843708,243.08138564207394,0.9056889885221986,False
0.14127328629350228,236.41397634323977,17.192306314478742,0.3220269879498811,350.375794282745,0.6501726933347922,False
0.09801121114001952,151.9820016940904,7.2210783941995205,0.3165220424528572,224.47023897264228,0.4573391762444673,False
0.30067391497882695,197.02525963257136,19.835918679932153,0.22463216583456924,370.40187761143085,2.516373361133608,True
0.20052474723488986,188.25197731810488,15.184988237842044,0.29702724495722366,332.538117987224,1.19254171232676,True
0.07066239294438052,197.3569344748864,13.369162121155973,0.2023755234874765,313.9403385794166,0.5554245693594215,False
0.13888960815680304,195.82683046296495,6.382300057280525,0.30729916120275724,207.55320953360544,0.47903322522368574,False
0.20867486330092452,191.4398602131553,8.012410966068693,0.2630381077852191,239.11307900978284,0.9908831181082212,False
0.06301295431108737,240.55833542238742,12.454928792075638,0.2614356649627095,303.5181066341046,0.3041089505450581,False
0.2593312162182342,200.58706930961682,6.539901220928778,0.21288594123121327,210.85022038171707,1.2804981074848019,True
0.10520681484768145,213.29040216881668,10.371717560358855,0.2009483787591801,276.54409238091927,0.6788165748227034,False
0.13519946790688814,228.4180485578292,19.208321191684867,0.23431376790758737,365.95787899411647,0.9244381494958829,False
0.1430637267430663,222.5031874003181,12.275520675673656,0.20963684331570867,301.37954799234376,0.924356422271726,False
0.11687255488096511,231.86974346396403,18.42310252323675,0.2972346481531253,360.13688260592056,0.610712240127942,False
0.10539996857656775,227.1334564373235,12.471481687271918,0.2875624654145268,303.71381855397584,0.4901079252427527,False
0.10174267703094461,214.33765177563043,13.928661550518838,0.207585922289685,319.9517555394689,0.7316296403277347,False
0.08488308412417511,234.6035418600392,18.99840605751819,0.27217431800545455,364.43090752502894,0.48445634182227215,False
0.11162846672800025,157.63499268088077,12.300879499519692,0.2715568752773861,301.68376759236537,0.7867078233722885,False
0.053065100856840505,144.3328575287203,8.131152287651883,0.2323717797908927,241.2095889737671,0.38164095005119875,False
0.16581980168678467,209.9025226266024,14.59472654559285,0.33256751257451855,326.77449343073215,0.7762239907220649,False
0.12650864876028609,182.7070932729204,7.078376650179479,0.2952054575421174,221.69857966080463,0.5199999924120473,False
0.20233694848546885,183.0070919233892,12.903588603654718,0.23580633958291325,308.7296208586485,1.4475384180099298,True
0.16652756308234565,204.90699928394056,11.757159757162416,0.2455119440093381,295.0168226222454,0.9765702489893769,False
0.1490515980625721,167.31475128315225,6.3532293989365805,0.2601163242084651,206.9387818214965,0.7087232570153391,False
0.0893585930907566,144.3535131199671,6.315269250248294,0.29014435616404033,206.13349232104827,0.4397880238698869,False
0.08105134391450537,234.26788558552303,16.604215974797928,0.20844465394987546,345.4119766843906,0.5733160413152033,False
0.14971609056979415,161.36052364815856,17.964987325043047,0.32761145338856296,356.5983757555884,1.0099304529004898,True
0.17840484034010035,167.8657891879673,7.085771619283015,0.3094565934692224,221.84324263314448,0.7618875919151366,False
0.13196299270937184,188.96106460161613,7.599408847553253,0.22126693382362642,231.62044268323845,0.7310384141802448,False
0.31838173228107725,172.00312033532418,8.736931463771924,0.20832895130173582,251.52654243361638,2.234837803057225,True
0.14063437480090282,197.64673597966936,17.10300017415676,0.21287532715485047,349.6350584108736,1.1686688954568412,True
0.022908056586879673,165.58928119263686,7.5695383441658475,0.3119533424223879,231.066100178269,0.10247138771538049,False
0.124723646163592,182.10500132958862,9.74728577188462,0.22171184731865773,267.4381863695796,0.8261548237678076,False
0.06263114352241884,224.13013303210417,16.07919828495195,0.210896312787173,340.80288756525954,0.4515692610733177,False
0.07628362467496663,158.62504817897826,16.59626771995842,0.28922300888425334,345.34347515332087,0.5742195423728057,False
0.14341705869347565,240.17418968169721,12.55098965032287,0.23572330319336154,304.65015073734133,0.7717441682783353,False
0.1762701182811047,233.25157157590587,18.979246765027792,0.21394974727423935,364.29049731307913,1.286738164183339,True
0.08813158065083576,211.8646168857254,13.575371454908357,0.22371388138371037,316.1868859373458,0.5879278698899948,False
0.16730913679019566,183.10717409272513,6.6398218702649485,0.3147217200662058,212.91128404701976,0.6181391652607495,False
0.09874330483768087,165.80551901766074,19.6997051395079,0.33255910185142323,369.45245399288405,0.6616044126001452,False
0.06681477356030743,145.55538382854448,11.580163756927215,0.2775274229728409,292.7793520158035,0.48426019139755455,False
0.1366667237220372,170.0873952535221,11.314461358346287,0.3232903361635461,289.35590090592456,0.7191678654806292,False
0.16791020216716823,163.45001974741493,15.617024336730482,0.32587801839181607,336.59881256079416,1.0610836433540989,True
0.16232564098806268,210.60128994004614,5.765703334231669,0.2636365784079434,194.08406260087884,0.5674274053984781,False
0.15097845290292083,181.36168425834325,12.836925243608283,0.24521808855058555,307.96733430576404,1.0454940884676578,True
0.3046996611385463,157.09279844342265,13.235190057965651,0.2642537585057535,312.4608626648655,2.293454610056382,True
0.11450155537231488,199.06670502669078,17.52800879982837,0.30391429651562685,353.1197209143366,0.6683186802962239,False
0.24597864277830322,213.8148598542448,5.821054272153537,0.2563607158256699,195.3317640123884,0.8765585144787476,False
0.09438850989338698,180.99560838172394,10.132116579855655,0.2683935740712958,273.1116290599731,0.5306634444350175,False
0.13128055531611146,212.83456044137304,15.488339675452387,0.24731930711558858,335.4028092171246,0.8365018946171527,False
0.14796887282584437,173.55793097923575,13.493598866787249,0.20789784334660305,315.30041595447676,1.2930057639576442,True
0.23227613744012532,228.65959656956636,10.297424352180059,0.21857202505797668,275.48778243567364,1.2803329714718859,True
0.11079135753397287,163.98484108514353,17.94176929589733,0.3110039986844184,356.41612507192553,0.7742719959338186,False
0.18212487007923434,189.80019040685605,6.759965974040594,0.21604550137480988,215.3600289187696,0.9565165405231864,False
0.07580383396708962,215.95939623095802,16.73083719530668,0.33004066487439204,346.49808631397235,0.36851269545338255,False
0.11460250493826037,199.98471089756808,7.934707760750508,0.27760228777319845,237.72743467226886,0.4907423958479845,False
0.0683330753771956,208.14880747972157,6.305906811182483,0.215674963651409,205.93435636977463,0.3134628753646668,False
0.16992115267640162,183.24802860888371,9.238741589456222,0.31141107003365687,259.621148749603,0.7730616951830925,False
0.2506318975624744,212.31202758070134,17.74746742998338,0.2602851533212106,354.87967543471655,1.6095092427018616,True
0.11631177927714147,161.72634151276696,18.858790519087357,0.24474221184891054,363.4036904715616,1.067882304060204,True
0.18707918667567758,175.75520555055715,15.979048755522943,0.20187170699620885,339.9038167562951,1.792247000237642,True
0.09401520244031907,234.21760124093308,7.38729141467109,0.3131949039463639,227.6464052792737,0.2917592719774949,False
0.0802782039727678,180.17136836715957,5.433644982776926,0.2073179640738269,186.43034569792505,0.4006743493140085,False
0.09764242865469858,224.000008325199,13.581270454943619,0.27192162974110967,316.25061324812,0.5069652136342024,False
0.12453973444152504,167.34697069251393,7.420075821915721,0.2786409685059593,228.26637467130607,0.6096590858810507,False
0.14697255495419603,148.81341154336098,6.616240917686669,0.25803895997605986,212.42690160968357,0.8130521504953058,False
0.27630517414591554,146.12817780037415,7.617696397943599,0.30898465351711535,231.95898185660457,1.419480180657095,True
0.13057499290182412,157.13220481180835,5.012154386363566,0.20893680099336207,176.27920008020047,0.7011015651355262,False
0.24956800631303194,212.11769870576808,6.136452448912033,0.2752687768390501,202.2940958149846,0.8646458421184112,False
0.12447136614351953,178.91077449477942,6.5496802889850505,0.29926103093899725,211.05292695602174,0.4906526764427714,False
0.15285069612991156,182.11052048378434,19.873412771949262,0.22028688010140077,370.66177723867975,1.412282432791434,True
0.18842118518226825,174.5431591299097,13.485978270175927,0.27006278345664625,315.21751025199853,1.2600056541490632,True
0.22635939334762148,170.37880460983993,5.126697869353775,0.2565053978015208,179.08793571074798,0.927582990743121,False
0.11684542277779822,228.41376131218234,5.641211171195936,0.21168180488147284,191.2488119915867,0.4621730900076603,False
0.10175947503436801,187.81012659590706,7.1039755501182,0.32655539851851,222.19887051403163,0.3686725744254711,False
0.14870273102033316,199.50251850428947,19.584404395728242,0.23675633069409419,368.6423311561402,1.1605775497721749,True
0.22503850025274214,235.72812155012312,9.9055998975212,0.2907662612274788,269.79662321256814,0.885804591206973,False
0.2354607772692744,168.22538103420953,18.921945640913655,0.20210838817323465,363.8695130497398,2.519929459163339,True
0.07356852909053493,196.6892613750772,18.46412533749083,0.3078254268523477,360.44849965275546,0.4379758410684764,False
0.1353556443724961,232.90948727472414,13.247626226626139,0.22188814727059186,312.59886656987226,0.8187333600571963,False
0.19028125930618495,190.72802006316954,17.911250466514314,0.2921224385950647,356.17613159846593,1.216414005638732,True
0.1642247979715326,195.0489737381281,19.974781855873353,0.3145586504475244,371.36136051029655,0.9940086139901656,False
0.20834593549158348,154.98117976026307,10.924807451309121,0.31925932425635334,284.1899723981314,1.1966612545277546,True
0.17094585582319488,194.91344613812362,17.739200447156165,0.26999049876052694,354.8138539401986,1.1525741220169834,True
0.11758410014810855,184.5549093145685,11.816446813933887,0.3313990598550437,295.75876109087585,0.5686032582138293,False
0.07364427640511183,215.3450840915335,7.645191461423638,0.2599163771898152,232.4667679052146,0.30586604653914773,False
0.11303896906763602,238.74779871821028,19.985152197228153,0.2452579612232156,371.43267734386677,0.717044001530546,False
0.12432590659772094,210.52780851320608,18.702450581831535,0.2838778435280341,362.24222213696146,0.7535632959672833,False
0.1664868535753131,238.62960983974614,5.276712678103531,0.27036467243777307,182.7094228728616,0.471483628319567,False
0.19939271418014562,223.3642425008756,6.268614118362262,0.22604919040822005,205.13909988406942,0.8101046497337205,False
0.14978615455603486,217.96532269056354,18.2643767789257,0.2704981811592329,358.92313100828767,0.911845721943264,False
0.13352671664731922,193.56321969873056,14.106122058299825,0.24556859994431018,321.80397440802363,0.9039905736195115,False
0.08788186485005518,152.58005403273197,12.582561807965007,0.20159272641794682,305.0202617591733,0.8714757979677875,False
0.19935144431825122,181.60071642376082,11.674665840681595,0.22939700234668722,293.97820339829116,1.406789836385916,True
0.1549068777254641,179.51767938291795,8.8056912427065,0.2709433674015389,252.65909846699762,0.8046738592936256,False
0.1702446153390676,235.89182984202466,18.59305307783513,0.24184049869824462,361.4223624356958,1.078565379369308,True
0.15439253777142864,234.370918047924,8.846749099591634,0.20293975149133447,253.33175922136462,0.8223280403928059,False
0.11321647749695361,196.56316434740555,15.895319595000124,0.23625450689378374,339.14714568105353,0.8268287473689426,False
0.21341979875378936,158.76819631013836,17.389981527236085,0.22202356008181334,351.9991989214137,2.1311489675424933,True
0.07716518906179362,215.35277429228893,13.910856182707942,0.22690110393920096,319.76449718981837,0.5049688492828339,False
0.10479522061995608,159.30845930993397,17.798445935425224,0.2588907976072347,355.28474938441957,0.9027398020082024,False
0.0779156970087801,219.7010992962006,7.6097490273869575,0.22148927021689352,231.8119387688804,0.3711725385342585,False
0.1681496645563912,161.68001974159745,15.147040819019779,0.20380161460887528,332.1752051751981,1.6951152980280635,True
0.19839954428090842,189.13119658637103,5.1707451752131695,0.3055127149050227,180.15792261590624,0.6185881210869596,False
0.24921686404980886,149.50967301969254,16.45982536553457,0.21419371337864393,344.16152334429916,2.6783278083236826,True
0.16637949024180249,185.7550433531055,17.374504434806354,0.3257929694134276,351.8728903838504,0.967393746882343,False
0.021759097776801305,170.46832559529489,19.70036614632449,0.28966401376874135,369.4570811817455,0.16280458777100562,False
0.14118224865158208,160.62089528920805,8.139456518926552,0.2226588198273149,241.355271690308,0.9527850602682215,False
0.24370139516464123,228.2811504059064,7.7169971658740195,0.24404801747949514,233.78612330234682,1.0226603273165098,True
0.13605806726234712,150.8073902210557,12.448921774671817,0.24315220265274826,303.44701675178067,1.1259168979771061,True
0.06608025089440048,235.67107293984878,8.417291073652358,0.29402765460038993,246.16013123027614,0.23474423713618237,False
0.07882375584861576,176.70918964790843,10.895759938326087,0.32776433265918364,283.79773273246036,0.3862293017672849,False
0.2889108268938927,208.8540709404478,15.36891155599312,0.2740518421742023,334.28265891094,1.6873376400797715,True
0.2748862683394272,217.51320203680584,10.427503218002812,0.2743768923491015,277.33259817146114,1.2773820567079388,True
0.16621186731375823,211.7708272813726,8.700332853009263,0.27758673296003095,250.92060889245715,0.7094691613987278,False
0.20397892738202195,171.17828597856473,16.484627110394786,0.29846105460433137,344.3772234480455,1.3749388430010916,True
0.06873532732060156,165.68862951758547,16.9146748620484,0.2798602549399463,348.05786168020256,0.5159380070276006,False
0.18875501049325222,175.88317688291326,7.314856420954615,0.26255811631970527,226.26905781010365,0.9248555516122383,False
0.08454284468412156,196.73938898389991,14.860031052084464,0.2612451393561524,329.39677215807797,0.5418220296396737,False
0.17350782872166293,204.9759967200996,10.8199091746029,0.28450988848731756,282.7687205251177,0.8412984126096554,False
0.1573577383744057,194.3557587231154,8.11581661165653,0.31369671790650794,240.94023172568768,0.6218563030983125,False
0.10124031272212602,229.5890946279652,19.779041741215558,0.23486847504697206,370.0064385355333,0.6946831675830913,False
0.09108854242339193,183.61888620670146,5.229208066419513,0.2230395959034958,181.56953158206866,0.40383820934039344,False
0.0773372850744843,221.03865911299,5.630925217344544,0.23791731650355324,191.01273959330678,0.2809033803526427,False
0.1501550017207382,227.58270818675356,8.234985497557364,0.22379271766242248,243.02243652381605,0.716474870552442,False
0.19641263962767322,172.68241868544314,13.602732509279864,0.32880739545122933,316.4822185387761,1.0947855248250744,True
0.08694616001328717,212.05645670233466,5.264750840248393,0.2167774369170203,182.42299255182414,0.34503599526600665,False
0.20383597267599657,227.73280158321643,12.148569178412856,0.22831569698688903,299.84683407198355,1.1754899978586673,True
0.0282866499420856,218.1147059085527,18.257539512346256,0.2824487156689333,358.870558402093,0.1647763180174769,False
0.2909493672361082,230.9453429140184,16.7658887243091,0.2488353085138154,346.7970369722053,1.7557859991715228,True
0.10508282379599995,212.8936928613051,13.125378312628191,0.2823183253311578,311.236281886571,0.5441518232068333,False
0.15503617320780652,225.22889782747092,17.58259973734293,0.27585717504712065,353.55998033766855,0.8822420327977216,False
0.23230572102557023,166.2745111772742,13.247551148064648,0.30827074011245587,312.59803383754735,1.4167334976450892,True
0.0639738137544707,237.88740210110484,10.37114854810963,0.22329357147288595,276.53602911190325,0.33304759383879606,False
0.09770619659925305,240.0689804406842,15.66338767343145,0.2935888423722928,337.02695872008803,0.46720895111233385,False
0.12627058990016982,175.67580396938135,13.086634793095802,0.2565607639326812,310.80163812978157,0.8707296208346935,False
0.19226108754491744,147.91206851509884,11.107921391356225,0.2596458126082736,286.6396312494386,1.4349695897194654,True
0.10303708891994612,234.40924537980504,18.865779230671556,0.26815554285886545,363.4553329068879,0.5957761457945847,False
0.1958217757626579,220.55422469625842,11.188704899759554,0.24121071257206259,287.7078764953271,1.0590117127007648,True
0.1186589113908369,208.42648377653217,11.132739962735577,0.32794525377705674,286.96862538833034,0.4981733892732538,False
0.09180061754799441,234.07557016734856,16.083719726520165,0.28366784935005707,340.84332485427103,0.47123136568208884,False
0.24339348520724863,146.89301521630628,9.425044798575474,0.24237906563112488,262.5285493655056,1.7946891443114497,True
0.12013306006140476,182.63534962822976,11.068062091498838,0.24447759626702742,286.1097568649127,0.7697882907171218,False
0.18339579630957958,155.04758040169557,11.457525234500473,0.24159028608576688,291.2089739097521,1.4257706473823952,True
0.12984601051286174,197.72821056864646,17.211753319397985,0.21512891119684086,350.53648744789535,1.070026234916834,True
0.0700920624708048,193.97824626093575,16.16265709838042,0.2347855572103961,341.54718185554333,0.5256481486849787,False
0.16269673874059015,236.13384779481643,19.628325379030198,0.30916864531937405,368.9516309377039,0.8222324168823444,False
0.13123645041259227,218.09250267118895,10.100126563742384,0.2293425909931399,272.64764051815683,0.7153700737810081,False
0.099951403266622,201.20218390652292,14.925823451430224,0.3034182617633847,330.03897710377214,0.5403556810674247,False
0.08820613321254972,199.41351968105508,5.266628828493617,0.22781508478533202,182.46798822860333,0.3542814318525971,False
0.08550841356518882,194.07064111562454,15.595098188074903,0.26350125818783066,336.3958269088272,0.5624927314383426,False
0.18470236812534352,200.23979614920103,18.771369662256056,0.32635425341809776,362.7556998694459,1.0252907447523945,True
0.20192051347503956,178.7645271769277,5.052646446665189,0.2290529067229729,177.27647784552892,0.874207251249583,False
0.06943380478197317,199.32611053141414,19.987343775922056,0.22940317143788844,371.44774285244785,0.5640337319547485,False
0.11265932240941559,233.09518630138888,6.465638776225518,0.22993814712935573,209.30376014619333,0.43994646555540384,False
0.12379113519470922,160.39390619151666,19.06515897092607,0.20381128056449607,364.9187442374551,1.3818777854162947,True
0.14055767373526656,190.24389603604942,19.752926794011106,0.290245378041881,369.8243940991057,0.9413997340577018,False
0.13339095609432605,157.3782275584547,11.604235512639871,0.2061294187592006,293.0856487197477,1.2051366942784865,True
0.2155224060955258,194.76076131171146,13.655845200318561,0.28217784795147005,317.0536918310347,1.2433713640277304,True
0.18802114293364486,189.15125974325107,14.260695600635536,0.2779023386724119,323.3966729822777,1.1567534312379537,True
0.13144258378865692,155.48382661387865,12.583591434521264,0.3290234118707449,305.0323155579839,0.7837362182975035,False
0.1045031096583112,182.2543971557539,6.882517402318141,0.30904080029896985,217.82529558380003,0.40415103087423193,False
0.18109271416545944,185.4063913005758,5.2402087377173,0.3096065390050127,181.83406303156247,0.5736425996963999,False
0.22048594911603125,215.53149907745916,12.315003207290763,0.3082526243632891,301.85292542293587,1.0017486719807074,True
0.13532759878645445,192.6147257778964,17.386974107900734,0.3064169975554482,351.9746659011238,0.8070407083150728,False
0.13470016859043116,224.23806668471335,13.77637489356754,0.2473695553574539,318.34170598057466,0.7730473393450668,False
0.05239001689323769,172.87521325519197,8.86589295677955,0.26501297286691106,253.6444803156135,0.29005081594772475,False
0.08506325484125006,144.27237305416298,11.101377586956705,0.20684875985533155,286.55276749526234,0.8167901783391693,False
0.2439277382962441,148.12371719643022,8.033115665554508,0.24469014967082314,239.4804572873035,1.6117221665405714,True
0.17205085557967448,222.80467377748658,10.246416703777593,0.2188791142866578,274.75840992244736,0.9693468683406277,False
0.18704161647586667,215.10241479872974,13.42518079437219,0.2700873139761932,314.5542830829422,1.0127083211603027,True
0.12844673223424571,152.82780297192676,12.292523379594474,0.27325590263561467,301.5835936359377,0.9275959635810195,False
0.1180375842051476,194.5303436068259,13.400244536887792,0.20453087046592977,314.2813291874793,0.9323794075473718,False
0.09152603776835752,213.3053582140629,9.558160126678423,0.3235574406660623,264.57471773346253,0.3508648374293547,False
0.15620121576836044,179.3925136529949,5.142965472614878,0.3043084717772505,179.48375311982588,0.5135600043344385,False
0.17945439131885577,219.16979729657098,10.258890425490991,0.2652372398948885,274.9370880394357,0.8487351972636895,False
0.22277558066042624,194.84953780520408,17.026910813631865,0.29374554520456686,349.00031193455925,1.3583845409474364,True
0.19405707198388591,168.07431837380705,18.567397543430523,0.26445153653892906,361.22923343057244,1.577120621600295,True
0.14459928591136,180.4745143810288,8.484509176121193,0.3008653473260041,247.30274815138074,0.6585777269508983,False
0.0653430083053296,161.59774118125046,11.840897481208266,0.2292076320280099,296.06365659806943,0.5222998045208028,False
0.10690866662670623,232.67009090178254,14.122273826839383,0.30661891026760213,321.9712918027957,0.4824925009065842,False
0.09539143950162886,217.14725285302913,12.84223646940637,0.29114896920555244,308.0282193140906,0.4647616784834663,False
0.24172571231717052,198.6698335347084,9.077378950982563,0.23999798527830699,257.06085558513524,1.3032246129600593,True
0.11977169050360484,205.37572169949095,18.756613777881878,0.2706659345145057,362.6459575742293,0.7813656548974048,False
0.13110870403019936,192.19796236578543,13.3552935244803,0.3070768131945194,313.7879196770505,0.697062854652052,False
0.07197155836896543,220.47707271415476,18.752878389642532,0.3052906650972368,362.6181599116194,0.38773365312841723,False
0.15214813110615458,227.03247842818277,7.650315227234092,0.2190135822009808,232.56123570070875,0.7116146981312566,False
0.09364495694759127,154.97890385883352,16.23415420549727,0.25711966790420526,342.18126203098006,0.8041419795842808,False
0.18869928957286308,193.39229499828835,16.672360376047926,0.2869140912737076,345.99769916336686,1.1766639021431222,True
0.22780977002512612,194.84557501478014,15.364597515028448,0.31253989434751933,334.24201122450194,1.250366625903269,True
0.16831090063452483,233.12008959482182,17.36122391045346,0.2999735764058743,351.7644007420815,0.8466451551158507,False
0.11657104658311886,240.60511100251782,18.786091767926425,0.20502116799239917,362.86508503179516,0.8574964407191439,False
0.16493228262650178,180.33436060292803,12.069314423399497,0.21636467841221463,298.8816715633735,1.2633977674767514,True
0.11742550979267383,181.0302687179888,14.920627339249682,0.2407652204672563,329.9883729252624,0.8890294437994383,False
0.23499516093803868,189.50767161304162,11.190750736630743,0.27346560909757794,287.7348318481756,1.3047335948233447,True
0.09758823504281774,157.9853417100224,10.78905691866785,0.2553051536124472,282.34818476442047,0.6831342942565851,False
0.1622591667299349,182.47013081408733,18.125218196481054,0.2723202704029579,357.84837396510835,1.1685210397677055,True
0.07034809423572365,164.97493807189244,10.324752839629113,0.300734222761734,275.8771705518237,0.39117156117046364,False
0.25116332620277587,222.27612437188333,10.964078795032636,0.32941746045725534,284.7186700009514,0.9766360285667761,False
0.16814726339992547,170.24178918134453,18.627887695914666,0.31360795941627645,361.68406624825786,1.1391106929683013,True
0.05511334890579623,204.7544969621241,15.438316356065132,0.29126952118797,334.9348266371388,0.30951993004765394,False
0.20873558776285625,159.39938456188122,17.388541876095747,0.21254233383316334,351.98745560186137,2.1686606525990344,True
0.08153983608674086,235.68948632723885,16.904087429223516,0.30976184527296047,347.968576639615,0.388634837194307,False
0.2702205779341054,201.99598933659814,17.498492598826164,0.20131585607872798,352.8809957047052,2.344908818682307,True
0.06414395657498811,167.06327313167694,12.633836993176214,0.21341249333650128,305.6192986989199,0.5498391936636138,False
0.2139705024681304,186.96281445882425,7.701682631102827,0.22148568346710978,233.50555262205884,1.2065636088886473,True
0.2806069358594957,198.39680887453687,7.16083338182974,0.27807514694509006,223.3052208004369,1.1357962238206643,True
0.19513597306868968,192.35663214930312,7.519379328682154,0.2967175303142635,230.13136997403015,0.7867971733719796,False
0.10502590358104433,147.73084843909547,7.176844738468638,0.2610522472759777,223.6155725401092,0.6089755310856115,False
0.07283480715092981,193.19250358712708,14.47187017218963,0.2689178291013572,325.5421608283786,0.4563902409602438,False
0.1697280265087009,218.81967662793465,5.729373386026523,0.28292434292047164,193.26083415499085,0.5298350973176637,False
0.19507017104006277,221.2990739663807,8.574560582726,0.3261521700163095,248.82163856594187,0.6724796420223715,False
0.05328836067071313,167.67453905776685,12.324885197238345,0.21456087442391714,301.97116246749636,0.44728072104471495,False
0.16243041330019956,234.59069311811606,14.821311143497576,0.32941540628270427,329.01733408287015,0.6915625124199907,False
0.2190638968649225,198.7724251961082,17.855753190973864,0.23453779445125703,355.738442390332,1.6716010480855348,True
0.18603453089835092,155.10839892236737,17.571602445000636,0.24267573779446286,353.47142263508323,1.7469730194732458,True
0.09911985211719135,190.58558369068123,8.489090082980226,0.23023677113773003,247.38034073994973,0.5588060458355087,False
0.12015325200276666,192.46658328057043,10.422392748033644,0.26422594989468057,277.2605293459458,0.6550776361464786,False
0.09007739208525066,235.15541203282174,12.889136549925528,0.2867569635084783,308.56471454107304,0.41218588364063535,False
0.21520139323426912,191.01599890500987,9.965356112873446,0.2838378511721566,270.67786681976355,1.0743796400106886,True
0.1868932147412335,147.41909589479144,16.567440244263704,0.3176441475377185,345.09470401987215,1.3773275273015617,True
0.07569904378749732,180.00870703352666,7.299284807973214,0.22174066527063466,225.97159546234602,0.4285538360871242,False
0.13007254507190014,153.0761631029903,8.395132911195926,0.29970888878412183,245.78179894743755,0.6968321267220585,False
0.07461992673100985,174.9916642932057,8.868375305703431,0.2616313616626504,253.68498768762748,0.4134684946425156,False
0.18765169043907126,214.87102425541178,19.12593384407064,0.2194100836220691,365.3610546441559,1.4542540980039516,True
0.1710914482493474,165.7465987167576,16.825065567129332,0.23848813935938523,347.30008187229356,1.5032173436862992,True
0.15043471291674496,204.50496222048963,10.157982024270092,0.2698877862473868,273.48579311810806,0.7454109202901554,False
0.07051487013420038,186.04884148748883,6.6398501736723485,0.22253653649671365,212.91186468811807,0.36262043903793195,False
0.1887206659115624,220.25158098079407,9.394568676972002,0.24607694827994595,262.0564579217479,0.9124821135039765,False
0.0898938164940764,230.48953588323457,12.486184904061522,0.2709621197896267,303.88743624436466,0.4374040194877694,False
0.1413659613011434,162.135642261552,19.06214867178835,0.25388850893565784,364.89679028612886,1.2531219945901442,True
0.12546153221424652,182.06741615235748,17.032678890223522,0.21701767594468466,349.04854772788593,1.108329991262511,True
0.18871343324605355,201.89544493112612,9.9955066489267,0.26887483813220486,271.12066431566717,0.9425160469678938,False
0.2778991930514577,224.10019091866712,7.751334536496241,0.2982365251910806,234.4135994455323,0.974691170872596,False
0.2320553537866749,164.13485318267112,10.842492525530737,0.23848753248444474,283.0758162986866,1.678138764995904,True
0.08436462997466015,237.35775711224477,5.936912231238473,0.20777164434568585,197.91813318355355,0.3385760902078929,False
0.3513890935903211,208.367620328831,18.40587248795392,0.23765233182667675,360.0057466486932,2.554614655068189,True
0.26673989320644587,144.94156109036342,18.466702907074474,0.3017236300208083,360.46805104767986,2.1986317375434674,True
0.15272006007912553,146.56370571754914,19.40894459606543,0.2147673526340816,367.39799321853536,1.7825354068980708,True
0.0990288027152417,225.59179562982445,8.040073773273884,0.23209566099367537,239.60374717834696,0.4531738189257202,False
0.29045754862358525,208.42598948537454,11.777198845351094,0.28623701298285376,295.2680178727345,1.4375448834463544,True
0.09845959399410928,202.4116546333413,7.495841499657386,0.24882190946914534,229.69105342703998,0.4490327182499056,False
0.26168440531421644,166.0348771675169,18.942175874616318,0.23628349382479472,364.01832195730407,2.428110105526013,True
0.09790665384740191,237.50054078946425,13.424475670938003,0.20920425514389812,314.54657220183526,0.6198149513429535,False
0.17133888991624685,235.84681345246602,13.94362171341926,0.23316384641513366,320.1088898891431,0.997384145156497,False
0.1851382530974039,214.38125254733586,7.461265649658924,0.25458812716363977,229.04229298370726,0.7769389496340782,False
0.08920754242794679,224.23992133423684,11.716908261192273,0.2474050938416293,294.51096036458324,0.47356703941955386,False
0.11555795572718344,206.78826727178358,18.03666947996389,0.20287775916835216,357.1592507626251,0.9837877717979556,False
0.1798895415204129,170.5431266800236,8.242640983686906,0.2790481188144559,243.1553490760905,0.9191289021484229,False
0.08886755349880479,209.19661785667756,15.553150518166243,0.31806520635934943,336.0065775627383,0.4487662428820718,False
0.13858717215370614,152.3719223410735,19.406605808607065,0.25078217251421386,367.3813120008829,1.3324118512907672,True
0.08294973423452445,212.8026519214072,8.732575659870228,0.2700299887174783,251.45454061423987,0.3629822991071379,False
0.13602657224662784,207.99118606331538,7.633927357868242,0.2803020895287065,232.25891384382624,0.5419071464623608,False
0.17481703673527083,176.51552276549188,17.304500354254554,0.2460488609495658,351.2999027216548,1.414026412887965,True
0.17622131072899355,218.32622705790664,15.379287329724011,0.2510739422195934,334.38036830352667,1.0749583749167084,True
0.18304954685701308,224.7267244641199,14.148716376192954,0.30738128138200904,322.2447606594141,0.8539302227848876,False
0.1942820587687157,190.02681092812378,7.632274319347427,0.21961533591108529,232.22839033398878,1.081111444937442,True
0.16404052511725672,226.15728886201276,13.788328393020233,0.24128658289564286,318.4687802825383,0.9573577408464926,False
0.11164566056363104,188.23810627409983,17.17579808417667,0.2998223148499528,350.239214676713,0.692843457113936,False
0.10842057915635873,216.226359577972,15.928424848662829,0.32001035126762367,339.4468704690929,0.5318765815853258,False
0.08514909266613035,217.1826281245161,17.84404052335921,0.28147653836500275,355.64585810878754,0.49537090378725346,False
0.09092363508176746,202.16548998145294,16.804251928556464,0.20235290282455376,347.1233894886998,0.7715147021541661,False
0.08413659749586594,164.15191512868725,6.191623983188819,0.26564896647351954,203.48685136711842,0.39261529327483224,False
0.14859290562306557,221.0851308548838,18.719796588916687,0.21606245776325317,362.37167678094016,1.127232427321936,True
0.10705731478309001,186.95378895044274,13.282244311597887,0.28915141460545046,312.9822989985884,0.6198356195620763,False
0.15869541212540844,234.97843126302703,17.78595258424945,0.27550696769509697,355.18560714704694,0.8706811526853947,False
0.12371041447548234,175.62748704529034,18.208584074137065,0.24640290858372738,358.4934313655754,1.0248236690163657,True
0.034336316106621544,221.42703200474978,12.413018170724621,0.2838995232652235,303.02137790616166,0.16551283025115052,False
0.11255135059039567,179.24511816993072,14.913718380578318,0.2143855692117143,329.9210569694253,0.9663130859235399,False
0.15323951853500328,157.82230606135488,7.932789327498044,0.20263597462819563,237.6930856117596,1.138944056971872,True
0.20794533254929998,215.0561757207055,6.112757188603325,0.26807854667447756,201.77956621978987,0.7278005540679338,False
0.22303513970497824,235.99975487570543,7.14652974807761,0.2979837676872852,223.0275251786722,0.7073389915104115,False
0.1131401144515677,161.3617186619868,14.842021430136464,0.20428487432770176,329.2204235416545,1.1299693416867607,True
0.1517394030903047,183.71056304766063,14.375139900388618,0.28607058220524784,324.5637170164173,0.9371109480267585,False
0.15978439948442497,220.47933030680431,11.494468983453572,0.28762037631662285,291.6837839597317,0.7349522586588985,False
0.11758919611729306,184.65681048911406,18.796273654570285,0.24459253746481996,362.9406745880237,0.9449188898800747,False
0.1820000969882879,205.77044143372103,14.575763160570869,0.27193223976261643,326.5850301979842,1.0622437985795998,True
0.16624816114801266,185.75835851511482,11.082071531209069,0.2782979110177609,286.2962043311512,0.9206914910703009,False
0.16073312041673876,190.38789548341117,10.53556114230132,0.2019353232019415,278.8486977748317,1.1657954865833235,True
0.2533431037477796,205.95399636609847,16.935500693699062,0.24761651521833172,348.2332955756382,1.7299340579873865,True
0.2286006020721506,203.52364852720856,7.180203971799637,0.2332591323317213,223.6806186482969,1.0770904859274266,True
0.11417341733919797,217.18560866097366,15.94868934191562,0.31730214471259244,339.6299846762485,0.562687119508046,False
0.20545613624708672,196.58772443762874,5.4438349156565105,0.2470693557768799,186.6696079140815,0.7896187519591749,False
0.09615868888775211,199.1374359963134,19.037048427541304,0.22317402088050853,364.71356805959766,0.7891215510873674,False
0.08418188546436471,224.92998963889585,9.025795199080374,0.2795953255374962,256.23398822009943,0.34298735998659907,False
0.12280062887863688,175.16321796911865,12.653731158405176,0.3049505550534303,305.85103861886154,0.7031341756502361,False
0.07782191334510494,213.98913570629693,5.682596564283239,0.21632751615671092,192.1958336950129,0.32310403741266314,False
0.09847749042780479,159.96036539640292,15.766150467524206,0.2546831224562103,337.97077607313497,0.8169652205371921,False
0.19576866143672786,210.3456581640681,9.271186955844634,0.3247034344696539,260.13119536439166,0.7456159224734591,False
0.24031033341195646,167.80347684908833,14.775081065185512,0.3114619883812952,328.56284549198824,1.5107231703230288,True
0.20735341238192495,172.43401725197248,19.606066320700748,0.3234341463282602,368.7949869922073,1.3711576196467266,True
0.13909801193761243,168.24208351390786,12.040117238551025,0.2207787160294758,298.52448445304344,1.1179156565094936,True
0.0747606992029957,199.4141170963283,5.553225967785324,0.3189605551834604,189.2204108043005,0.22240700249101797,False
0.10185141819743548,231.74485929988845,17.131152226466874,0.2562416806462764,349.8690567132252,0.6000849451678383,False
0.04354247487386417,165.94328577957947,15.439677212604677,0.24518014715125458,334.94758067870924,0.3584635229106663,False
0.07486921961982096,153.51026874799288,7.492815106234217,0.23614551259245822,229.6343611848801,0.4742671573591167,False
0.13583739367100323,237.34737814658206,5.387301873163189,0.2623388367919717,185.33861330001366,0.4043321007458668,False
0.1805244981003698,166.9361497951337,7.60773234772339,0.2018331840288525,231.77460672472705,1.2418211002508583,True
0.12113609995726526,177.77768548263842,12.843849134835894,0.25486942438120425,308.0467008185961,0.823559845024377,False
0.22418856228603012,145.6552331756132,15.918271763100766,0.31621079666913854,339.35502397651084,1.6518284726455363,True
0.06246489130151325,147.24896317903602,5.934417215879218,0.30498538499028,197.8627921885119,0.27521293902981014,False
0.25139569755796015,159.96233394324187,5.444782163645529,0.29974040708714533,186.69183515220843,0.978859005430689,False
0.1466702260390665,166.10384341865975,17.301240955966804,0.2875843112576854,351.27315692497694,1.078554396471485,True
0.13179557899630046,182.505634193541,7.160270116759453,0.2796417683391168,223.29429333103556,0.5766338730009408,False
0.06644804392310083,210.39696217827827,5.5819173009762935,0.30583400762363316,189.88411784154957,0.19608555486720491,False
0.1801514746372172,204.24829670866805,15.702942050105765,0.29856560999114445,337.39108127969695,0.9967200475921139,False
0.1571559136595188,221.06726063232264,18.79113404994967,0.2710666394952426,362.90252486454034,0.9517441503446161,False
0.1066711908960086,189.49869222314237,10.230383779837293,0.24650338698339752,274.52845005779557,0.6269102833555164,False
0.11136059542114711,236.9537538202127,19.33471827853679,0.20373339678405622,366.86735302948034,0.8462813912243397,False
0.15004759222600916,155.55755175109113,19.665797008931897,0.2227920930323937,369.2148281256662,1.5985171219881515,True
0.1104834891607818,173.2479143353666,17.462326723250058,0.2677299033119922,352.58782925345054,0.8398462784573951,False
0.12371683579904617,170.00698448436282,17.886452610346808,0.3075034848029454,355.98076187610417,0.8424391207732864,False
0.09849977255398407,180.3749897677957,8.8670073270732,0.22626486420663058,253.66266599915787,0.6122070711482731,False
0.17975473803493788,239.71469626810224,11.009277443798213,0.33052228629955926,285.32490187962003,0.6473283306886684,False
0.1816802892996585,144.94879540386947,10.356199428371884,0.29264644387726774,276.32404147841515,1.1835009840043356,True
0.16450476681674003,201.8743124578148,18.232142843309255,0.3096431809009687,358.6750698240779,0.9439241503010453,False
0.19387400602537358,165.68095141167495,12.83558746473833,0.21574717432229118,307.9519945785636,1.6702631873937965,True
0.17103587230753337,167.2491213161426,11.816651666927903,0.2404076306351989,295.76131820543236,1.2581038378204807,True
0.10212146331052291,159.26179886647836,16.705318907870918,0.22697251114869804,346.2799793536053,0.9782717960455346,False
0.10682552238577192,207.8308266256457,7.763526848168742,0.27738738441559435,234.63586816885496,0.4347832024834066,False
0.23718202461143778,192.70326557903147,9.11917566214976,0.27977514434335976,257.72783761626437,1.1338220510325632,True
0.20005270452292118,160.0458718692464,19.572637047897217,0.20208632098506016,368.5593156648954,2.279661819616044,True
0.05396582488009434,174.3314296092559,17.585526128966382,0.23790441359853948,353.5835344313547,0.4600792659803842,False
0.1751206438572615,148.18003530449337,8.11087713564087,0.3055013026509853,240.8533856282098,0.9317241243838483,False
0.25354893664760547,207.31193716956443,15.817810893297638,0.244788166075172,338.44258382448265,1.6909550655032,True
0.23889311847704817,175.14147366611877,9.551383244989985,0.20767346988529536,264.4711665544639,1.7370485284643427,True
0.13364934692864092,216.49387639648444,15.506047332728993,0.24686790622896992,335.56805688158687,0.8391453719639286,False
0.11662310057698684,144.61763765029366,6.37890690783716,0.32293371280833,207.48159462629843,0.5181189920060283,False
0.13226059176258875,152.35009792132186,19.044322171346323,0.2043346776268204,364.7666944191652,1.5497470715510302,True
0.24075158457129067,193.4148752303435,10.637799304946032,0.31298616475456426,280.26964200784744,1.1146286471203908,True
0.06570951411591978,224.52802788814128,7.060463422022137,0.3104727370116165,221.34768309216568,0.2086455873456031,False
0.11965031473404376,240.94907635301485,15.10765030447005,0.21756404436011711,331.79740402655875,0.7573113048679546,False
0.15583363445935325,171.71035179554238,14.744855008585665,0.3082918946351014,328.26483326115243,0.9663333643409897,False
0.109308103095395,206.0739947637107,5.461235748330683,0.2469470643594539,187.0775298397298,0.4018342279152681,False
0.10456768449516718,213.2056365839863,13.609461409705375,0.238076668210427,316.5547517899645,0.6521249405710038,False
0.17481555757950112,225.74462909445577,17.987723450514018,0.3118197094483154,356.77656735223184,0.8860442539829539,False
0.16648344150047148,194.3889733032016,6.858169577474275,0.20775321737939995,217.33809603273136,0.8959577260937528,False
0.1275720131458272,184.18743642357057,6.780985717901284,0.28709160823872104,215.7851833472897,0.5205908475254288,False
0.13708315520615602,162.64073754623539,10.81331654846661,0.2674124922137847,282.67895568009305,0.8909771033062575,False
0.08544600224527478,171.05380942486033,5.6922237344831785,0.281830673184329,192.4154885521725,0.34104427809823856,False
0.3339348522087249,164.29830578904017,16.80226583339512,0.28784661634658676,347.1065155183952,2.4509265708508288,True
0.020841122103786587,191.243609478093,14.049497432186921,0.2185322196599035,321.21573723196485,0.16018266085976185,False
0.13802833489067373,174.00604680374897,18.61571042990915,0.2500662174301431,361.59264988284167,1.1470133626518575,True
0.13871781410034206,235.88737728007126,7.344779999231066,0.20675371595413267,226.8393207747441,0.6451973119241834,False
0.07210053588521764,164.35972204087565,11.478939326980319,0.2108888591595439,291.48437743147946,0.6063239733436798,False
0.24014950114982353,175.24989267316977,15.96409415583435,0.3000975723922226,339.76900625038644,1.5514765146841547,True
0.3005940725145373,218.527603223779,5.355772143230179,0.243836172785925,184.59247226320218,1.0413337953589437,True
0.29901328926512716,162.14912674801275,8.531945469157094,0.21650542084987048,248.1045361783023,2.1132058599536574,True
0.16209144437906034,179.82646877601448,7.872164378176265,0.23544341278416034,236.6041474929461,0.9058207915797531,False
0.07993284881367811,146.20799324451258,18.348612680261567,0.23678090342872254,359.5688675883393,0.8302131046669322,False
0.15211724382274108,177.470929888081,10.139540915485933,0.2928136452313218,273.2191185892132,0.7997808439600395,False
0.1271506664516462,177.12329860011434,16.6656031301298,0.24659517180895316,345.93974426316265,1.0070681018080103,True
0.1369059432468237,205.216166367999,15.157423514419005,0.3124301144942091,332.2746027618431,0.7095042331530558,False
0.2104937947975032,175.9611794965425,7.647291175277861,0.309611608235231,232.50548674996807,0.8983351724868098,False
0.17990684097547288,173.1749370541408,12.145784637827791,0.25283604822224715,299.8130327607713,1.2318963063791775,True
0.21515615401322166,149.54219350474682,17.709993407965847,0.2757430118318388,354.5810118501249,1.8501246350934266,True
0.21164378391559674,216.9503199814501,7.06167152906232,0.29081167263672736,221.37136934604928,0.7425998202064085,False
0.2514424269744404,174.13734986448512,19.316954241204265,0.31998717612344146,366.73998202976145,1.6549021291618542,True
0.1313963798461073,196.19742673038562,9.308414114382341,0.23173332610561806,260.7144729790862,0.7534713416170353,False
0.13711546916386155,181.4525185282474,10.233649613461722,0.28874966008091413,274.57531909301025,0.7185607133139692,False
0.1502023538950425,182.74227811123112,12.089637634782207,0.25706141577140135,299.1297803073953,0.9564460128357398,False
0.1570234550141642,207.72621478523817,6.836825490881791,0.3046063736677834,216.9099509247334,0.5382867767061483,False
0.15856248969276954,199.07794292334802,7.816048626508446,0.2631661869201915,235.59018239830863,0.7130244335914587,False
0.19736725705069447,207.41066888570393,19.98139187525412,0.2260319212626399,371.40682300865177,1.5635944298924913,True
0.08240392063696891,203.7671649951062,13.999294583056674,0.3108455365414,320.6920432420599,0.41721241284570837,False
0.15759839867477693,191.99633516494487,15.313708122547542,0.2990275636888998,333.7615418006896,0.9161865923761325,False
0.1219350273641243,151.94240615297687,19.16144394677781,0.3067279311624042,365.61868520971694,0.9565871391037905,False
0.12855896297407204,176.15339444060814,8.181717597899778,0.20878006315726272,242.0947826193136,0.846267669556026,False
0.08861056520665729,150.62368778729893,18.761866613199864,0.24530882839282672,362.6850360936222,0.8697785428889554,False
0.13022393195668502,156.0237951337541,5.572705025452129,0.22150935797198182,189.67125268770644,0.7146763338661696,False
0.10165592540697019,229.58604064250304,17.739560155021145,0.26118684281527277,354.81671869409405,0.6015060492622688,False
0.14404307911356168,157.70325812565372,7.156357287472766,0.21100437946921208,223.21836557752127,0.9662515088314327,False
0.08443174129848213,175.86288649008944,5.44464358647771,0.259562679945839,186.68858358230978,0.3453083340537229,False
0.14976596472057802,239.32642973184107,12.348373198043292,0.2707679586526255,302.2518040823954,0.6985445316853095,False
0.1895174549368391,211.2417180284432,17.993296608629233,0.2060375101448667,356.82020463553687,1.553719690053957,True
0.03869889681875923,240.84987888281995,16.832778019320823,0.22546666662961767,347.3654893977196,0.24754632183896344,False
0.13685997806609043,150.63640406943694,5.956514044615993,0.20755936208279593,198.35237139243134,0.868243610549793,False
0.15476731411335043,207.4828410466589,13.707206008920231,0.2713681013205628,317.604042495633,0.8730201850813568,False
0.08273504450388029,225.17730964003132,13.053080954633403,0.24104158680429397,310.4241150635403,0.4731821496424912,False
0.14611156231082936,211.7156667364661,5.948508082284938,0.3023657936798322,198.17513174539502,0.45232238929060625,False
0.07695700078263258,177.7274126460433,19.01641971326447,0.2561383686609735,364.5627620287453,0.6162988850060459,False
0.20779917454957877,148.74854557711254,11.181113543576076,0.21013760200445503,287.60781286408843,1.912000482557177,True
0.19894860801547767,204.60606204729115,16.152768696081452,0.2984905514856654,341.4592290922496,1.112322379552695,True
0.23350101568720982,204.87008912975315,19.516507882017688,0.3321270534797921,368.1624778046686,1.2634134304543103,True
0.13686976300987264,202.82405063271906,19.872123162318317,0.23475032027264858,370.65284824368837,1.065489591976663,True
0.17264299474447825,220.52135843395462,15.546677415239,0.24115819395847832,335.94640424364377,1.0906019654920378,True
0.10923643279421424,170.51011380107423,9.10883981478497,0.23808485550172945,257.5631497977695,0.693057586383016,False
0.10794836432891189,218.37866400164347,12.996282697636136,0.2533421492642043,309.78272440326117,0.6044433524467254,False
0.16821559617435133,171.05330648438837,5.395852657802972,0.25882604524323805,185.54049259849668,0.7049616862303804,False
0.14617804029303177,218.2728843684621,11.986940459261971,0.2730581068896426,297.87167765631216,0.730561000081544,False
0.18197049396076553,195.8219138550216,16.02963591673819,0.30626140956554376,340.3587641049448,1.0327241764802404,True
0.10966250086773704,221.16616962189363,14.03055407319296,0.2773093054853094,321.0183686069916,0.5739907445241944,False
0.1692070939015242,161.72930240718046,6.0157204717627275,0.30072126071233496,199.65815450379498,0.6946287788489818,False
0.09511071669662102,197.6541025337064,7.309729170989939,0.3305317977316853,226.17116638187395,0.32926655000838534,False
0.08863950310107893,223.4609824159777,18.40542547581761,0.299723243115731,360.00234248861227,0.47644251945441857,False
0.10832270022578161,155.63380376250575,7.6847131311564265,0.23770602826456683,233.1941451111934,0.6827991818306208,False
0.12291336508325434,176.0349451750954,7.734179665839898,0.3059066353610824,234.1003905601875,0.5343348008882959,False
0.08505673114507763,193.61628554406397,15.201206263112773,0.25512298352914276,332.69290780151726,0.5728761760303529,False
0.24420038502692548,178.31430361703977,19.692108132446727,0.2114975470715455,369.39925932582173,2.3919431200408607,True
0.22114195584725052,180.99033158439198,19.735291125678454,0.2667169577755325,369.70128661830245,1.693620507369836,True
0.0811646694345671,207.96430574162818,6.2573518142483655,0.28037484393899537,204.89828690106958,0.28521837825291685,False
0.17616042255583486,198.85806699308685,14.852615547240646,0.24905846464619316,329.324189175562,1.1713520840339842,True
0.11892560230463285,238.89213944608588,12.5563971222841,0.29102540859423504,304.7136093132661,0.5212360481917699,False
0.19981725463431727,231.65859019020672,6.5196016373464785,0.2267080468800081,210.4287452532074,0.8006131311426213,False
0.11367901785202622,194.05095856269804,10.338394247935462,0.30852351977980397,276.0711780018408,0.5242003558634235,False
0.047283799308056096,199.94476044381804,11.906635396932558,0.22379116594798762,296.8802647859734,0.31371893148080743,False
0.1308314288574441,199.38904828671377,15.428594367873702,0.2852568683578446,334.84367425438586,0.7702235137386086,False
0.17007943360635977,146.36749127733006,11.125302570998372,0.2469845754802845,286.8701106461202,1.3496546050646567,True
0.24069839749643235,185.26940230961515,11.169526942371135,0.26657014052915395,287.4549588075785,1.4009666674077672,True
0.28237921118105613,168.97180966641722,6.974277474347531,0.26221936144511077,219.65002280432742,1.3998611556564853,True
0.11941513326556105,234.9062669425972,9.299748227341928,0.32627813121660443,260.57887983141546,0.40599063052779344,False
0.13937568838075626,194.24996440764866,9.693694478700035,0.303455385245328,266.6319219976483,0.6304394357949363,False
0.19364329254138474,200.49813150232245,15.57010146137161,0.21656141912259488,336.16401643762737,1.499209287632142,True
0.16319129974208968,205.21400022793014,14.933251387128642,0.2949801205059448,330.1112823850136,0.8899336616676471,False
0.23971844343302673,161.3334958659216,6.344613004073999,0.28484101072268725,206.75628933593558,1.078532200090139,True
0.07344692309085604,208.25931984885716,6.906593017579282,0.3173679301570585,218.305797350296,0.24258915990592878,False
0.1839826573766872,217.62157057286046,17.58522326637864,0.27018814070014485,353.58109695361594,1.1063631526501734,True
0.14033419678308026,205.42795949653396,12.887858349113634,0.21291358412673903,308.55012019540595,0.989979747318639,False
0.11168643562518818,209.8409101275689,12.366719227413405,0.2590125131986084,302.4706268073931,0.6215452191426593,False
0.27516088307244985,209.16973320120144,15.326044812387888,0.32038111045739376,333.8781842006373,1.3709101525159049,True
0.13559996948513592,164.73717333708134,14.14700486828898,0.20676989119319328,322.2270771854863,1.2827520422081928,True
0.2513927664458939,193.57277921467363,16.95966130336424,0.28122103125676295,348.43650157490555,1.6091048351219162,True
0.24218120761909656,153.08046267621717,6.535694369216439,0.231977201865087,210.76295145553337,1.437373521627941,True
0.14335045398988505,240.07045012619835,17.816892337151145,0.29093456899375575,355.4309791463987,0.7294916353991212,False
0.25969785380793253,228.6141287782223,9.442186549748303,0.25268228437229,262.79348656140036,1.1814221141942283,True
0.09037043494780697,234.11673364142544,7.015068648869347,0.29765263330997915,220.45545762921037,0.28589400060649756,False
0.2124546940154154,147.03977221499997,17.86934538702708,0.2298039550869989,355.84579166095943,2.2373598733772506,True
0.12385440312255186,175.7413341026804,11.982375933135053,0.28177728888236137,297.81550615594466,0.7448672016729007,False
0.13914531380374237,216.39587295607453,9.776506372688027,0.30247444946353697,267.87610688936246,0.569462190642948,False
0.21021942226711354,216.05228632177648,14.043630180852585,0.21090191781090412,321.1546380915724,1.4816568773249614,True
0.05499033446969978,210.2543023549789,18.716502172737254,0.2515306684699106,362.34710165139904,0.3767691337721444,False
0.07404569823190014,151.06828249541846,11.029669293825698,0.27098466927095854,285.59762064223105,0.51657859205444,False
0.1537905840673025,237.44653518942923,18.64016907506116,0.31210771529453574,361.7761898490315,0.7507569919391925,False
0.16196439280702443,164.81928254703513,7.371452445679258,0.25541260383801306,227.34612026541035,0.8746952145945711,False
0.17074725177745653,200.85421998873005,15.570856650876978,0.2666327245423695,336.1710260157684,1.0718144078032625,True
0.14651546339659283,170.5043138172437,6.160551929529342,0.29214528853358257,202.8160069510374,0.5965562952483457,False
0.13208702559387772,219.59979867413614,18.87123191893485,0.2252958794314768,363.4956086362706,0.9704521863699568,False
0.1544640281266645,234.70230074999213,14.849596073222433,0.26186754861650025,329.2946229350955,0.8275856769392936,False
0.04529956903524014,149.9430606114733,12.171026353848347,0.2973248512357539,300.1191516010815,0.30495109615739396,False
0.13746231938418094,192.42306361623983,5.837518542285688,0.28314334566394733,195.70138165383622,0.4937579200183634,False
0.36602331645423875,230.0024365177502,16.000985906583264,0.20062182654800456,340.10130905862377,2.69777942711846,True
0.19161186260476523,152.87253753095283,15.804514359969263,0.33197112921599203,338.3213178124622,1.277385453169215,True
0.07835371959072795,221.76199925496456,9.97513028915575,0.23521933520581711,270.82154744618236,0.40680163227707955,False
0.055481861114646355,211.97146445470855,6.001271249270271,0.26231267654389595,199.34028348232368,0.1989067005026419,False
0.1872633132232491,152.13000651737678,14.363951383702624,0.2826047196473205,324.45007443437123,1.41320864919997,True
0.16548762230884678,177.41417298870357,18.947498509066456,0.3006078734566738,364.05744136477745,1.1296574379583055,True
0.1362409456607449,167.5650996728628,15.312945058905196,0.3083945968436339,333.75432359592946,0.879922089224933,False
0.12217799227879564,202.03842678662187,19.71334281794286,0.2635280452634211,369.5478812011741,0.8480137264046202,False
0.1887220340856041,149.33255657884112,15.839635027945905,0.2807221429038331,338.6413686765328,1.5245141119262422,True
0.09265917864331677,167.28934915308525,7.627594437093759,0.28768944189452667,232.14194760444727,0.44694064834609193,False
0.24653918751843862,191.78803213523116,10.244157745405218,0.284239097353636,274.72603006481575,1.2424543829759374,True
0.14474902450107258,157.42683606964482,10.908198257787372,0.2782319284212511,283.96581549022847,0.9384172325420007,False
0.06376122799697011,157.03495249421837,18.669311385054478,0.28886401522247857,361.9944903399146,0.5088254929676513,False
0.12138603733888537,159.23972914088196,8.16631109998298,0.25013085252712974,241.82555400938276,0.7369741110576341,False
0.09431278702072224,163.30953686605477,18.934613841351144,0.278242151752953,363.96272040599166,0.7554278832825033,False
0.10483298403898561,199.55226879747585,14.823087235297407,0.2520346992556999,329.0347632531523,0.6858398657491068,False
0.1108001979253041,153.7863837348464,5.384162156949118,0.26451615131502815,185.26443583579334,0.504617740493353,False
0.11607259303555412,153.20957887824093,14.787720255033005,0.2387472044527582,328.68725918938145,1.0430096887134683,True
0.07675583564415434,173.62566070678324,7.582578618448107,0.24176238630178642,231.3083149550139,0.42296068816252247,False
0.07584270807931831,237.7198023706508,8.456445964684267,0.2838444165724937,246.82663716469298,0.2774342927421329,False
0.12159815667683807,187.12376734336846,8.207498778451047,0.3196316107018399,242.54437786467076,0.49310513810278583,False
0.13527657890834546,200.70460241963445,10.448609281352027,0.31720534309614484,277.6298876909493,0.589917124541102,False
0.12481153382756155,188.96122370441458,12.320589500815807,0.326558769331259,301.9197768342119,0.610677949533766,False
0.3235177094837617,144.02848112631585,17.919012673490947,0.21724423291601286,356.23721883269434,3.683330706881623,True
0.2081732570701953,187.77769901005928,11.991972784001835,0.23715140344642407,297.9335808442185,1.3927548564566519,True
0.15296834058492875,179.24161209633417,6.2813737085163,0.27629187639863806,205.41156477803924,0.6344822679186457,False
0.05741278306559594,232.72271152198485,19.09385176823036,0.25666525524934153,365.12778375793965,0.35095192599779496,False
0.2505979577106418,218.71054299383644,5.6123933348116655,0.27503488801668585,190.58671015323858,0.7939856158382529,False
0.07705449056734312,200.55965951448877,12.947983983979917,0.3321260858000472,309.2349881862235,0.35771735314287983,False
0.06574678647867474,239.01191806478892,12.699309961717528,0.2900425204019614,306.38054461752427,0.29057248457916585,False
0.2417539957814273,230.34806060137566,15.33476512686142,0.29923503688947756,333.96056982233443,1.1713100007388864,True
0.14628803393535508,144.8199415600524,17.84191690400219,0.3095794130693896,355.62906382217903,1.1603943599362496,True
0.300233835040891,226.15674349356968,12.452808693159486,0.27133618432585993,303.4930204201904,1.4848790715930322,True
0.13367564686389538,151.45125620244394,19.25242542646402,0.2983996115754874,366.27606943406033,1.0834021822093882,True
0.12060358444575847,188.60398111186174,15.97099048927148,0.24778859139487613,339.8311924050939,0.876983237465291,False
0.14762509008079494,222.72788906285695,14.731763457711544,0.31716327666961885,328.135546188169,0.68573443357223,False
0.21757234218819704,185.53615993377835,18.528701292007074,0.23061532346920238,360.93731650689074,1.835349371173417,True
0.099498668387177,176.06808712160355,14.846313949028737,0.21965605786678905,329.2624772314907,0.8471019448181285,False
0.11004194608469174,202.9318210149834,10.076341982003163,0.32885169338031073,272.30178169635,0.44901258137589056,False
0.11647368523750007,174.974888015267,14.701602690573147,0.291046811407447,327.83720203158674,0.7498035312161725,False
0.21987956858365298,188.64288057651163,14.204384723206184,0.22342207768023561,322.818657243868,1.6841353713470857,True
0.13176040822807564,156.57349767662043,6.900815126854878,0.27607285332506654,218.19059523144668,0.6650878308017318,False
0.08897975837978693,182.1928572326004,17.99208538200658,0.245213036962222,356.8107222432717,0.7106474726578619,False
0.10919735750947353,225.71253910523242,6.768773747269925,0.2216524934839645,215.53829626019592,0.4704443607345023,False
0.12348361976681188,190.88198773723238,11.717685791058049,0.2381988334201841,294.5207484741159,0.7998723203364986,False
0.2869697890879707,179.89457382218072,7.1261224182880305,0.26538100751745697,222.63060132080702,1.3382373149721798,True
0.0430612607212147,218.56950191946802,12.742376679194976,0.23225321650256614,306.87905190689156,0.26031709225251315,False
0.11214173979997655,223.68956076390594,7.143818685856689,0.3240816932556815,222.9748442646464,0.3449236259055708,False
0.07765348151814017,150.64591078187718,6.458475790646041,0.3280409586727151,209.15392926026487,0.3286559806453481,False
0.13345421786264636,216.69830703507156,14.618013273284319,0.2681146777508221,327.00677756294374,0.7511262679725236,False
0.17360490700837217,188.0130645553433,14.983620588760973,0.23878902367049698,330.60052570519,1.278389362286597,True
0.10895715824665538,199.76624253122054,7.386929598184233,0.23941989525227658,227.63955128965563,0.518586433535323,False
0.15639056734638968,199.5348582598027,18.680855997852493,0.2717668304025689,362.08085336763315,1.0442413566426343,True
0.2320753193373411,176.5009670638937,13.502844209199989,0.29223662935697203,315.40093020111294,1.4190908087441312,True
0.1231730708070067,185.17477121894206,6.9307950348545395,0.26550114688507476,218.78757304268515,0.5481383668030976,False
0.0504285822142145,163.95416421578133,7.775517459607647,0.3089715096108826,234.85418883229235,0.23379444198705263,False
0.12427968718364837,215.51549243704687,10.76280816424531,0.24728215740283851,281.9894882667304,0.6575999851299418,False
0.048678066583491,227.15311664245095,10.592888504503486,0.22551526389745627,279.6470597215066,0.265735107996532,False
0.14361407693288708,160.99683767545994,13.171649316815156,0.22528723147434981,311.75359791191505,1.2343961593127573,True
0.17176930389557477,184.5400237365672,10.667404692803787,0.27151735011501654,280.6786838466664,0.9622032698166826,False
0.08670708519660646,197.87440602626813,14.962545443680455,0.20565201450481777,330.39604477193404,0.7039905578740308,False
0.23688375722835353,236.72146945424328,10.985212237923042,0.2574602149418298,285.0024253114709,1.1077354722429202,True
0.08191570037742506,191.71634128288557,14.479876931628642,0.3291384922349443,325.62282649510354,0.4227116166387187,False
0.1330088802464259,228.1920535125567,16.29187786513358,0.3131754274882402,342.69082664153314,0.6378152823163276,False
0.1924344321456265,226.11954833700736,13.360188851444912,0.21040727181414787,313.8417396574304,1.2693887076313641,True
0.14954926340313832,179.00978504565788,6.291008536942216,0.22931212747805743,205.6170490164848,0.7490996696778576,False
0.13641381393691052,185.34271325429748,17.37841025128162,0.22408202160025892,351.9047784381479,1.15584868991208,True
0.07817656237256787,215.25494582988551,9.317077835694375,0.30945422317633414,260.84992053488065,0.30613834171425364,False
0.24642928262846586,214.6828763693992,7.7069937251762095,0.26387504467202544,233.60290485671518,1.0161897884853865,True
0.16621694375024343,144.46306574835063,13.81350067220573,0.23347642074252845,318.7359902172853,1.5707481016305394,True
0.2054510016006646,171.59343090746486,16.863999257628635,0.3318263432176475,347.6299084563967,1.2543359744468585,True
0.146222843731259,212.96133679119515,8.890454643984464,0.26168717670068536,254.04485247932263,0.6665648670560943,False
0.14724259901501124,173.54867134365355,10.749266981482082,0.28938749189015817,281.80411632414604,0.8261896656170125,False
0.21848091933594982,217.40805547592453,15.344661397664739,0.2676850136924373,334.05400096918214,1.2540951914068916,True
0.13535734855745854,182.46699842740608,15.79723054663169,0.2604126102970213,338.25483880457074,0.9635616747738108,False
0.1917748079959355,158.38684893159467,7.609784943452341,0.21690913740315404,231.81260356352817,1.2939921310255555,True
0.10012469897445064,225.06197675477614,5.80350502420281,0.2321686642999522,194.93702619256226,0.37353373296578923,False
0.23146164374032008,216.71978040937404,12.18132255043415,0.2724088584505685,300.24383285868515,1.1771541831802343,True
0.19122455710090605,174.8805111571882,9.584979800504737,0.3305092480077136,264.98387753155407,0.8766739150684966,False
0.12275081712946408,182.87515347696566,8.937112268638042,0.2235367889426422,254.8027808633857,0.7651117007161155,False
0.15222087018881292,236.08862880700468,15.389443319462933,0.21259090934305638,334.4759354598859,1.0144235384703368,True
0.11978763029994786,152.1470215374011,6.305897530135859,0.29284712695850545,205.93415886257426,0.5536508119902546,False
0.085953913213832,240.9855036571136,17.394694758118362,0.28306868576671973,352.0376368908069,0.4435800478339796,False
0.23766051223407111,203.49112245414128,5.961912589512241,0.2597987743016129,198.4717964509004,0.8922226917302089,False
0.16558270428440025,202.6567682881528,7.09652135781172,0.26793657188854486,222.05333020534468,0.6771410657143133,False
0.14539431211792103,221.39465762135154,16.87111685128392,0.31362428479873156,347.69010789254025,0.7280528914851252,False
0.22654145126728842,234.26213863580173,14.934630872874767,0.22857124762156533,330.12470618324573,1.3966963669229957,True
0.10292668525415369,179.9665705619201,7.47849929757091,0.25005348625436774,229.3659466748741,0.5246046934276081,False
0.22827379877969806,238.4594170189537,17.143022628433886,0.2150736133349098,349.96758587321875,1.5576944711845642,True
0.18815374384379402,206.21935960585964,18.142631163709094,0.28103455792294396,357.9834075997921,1.1622153339504773,True
0.11646829528174572,148.4596315101711,10.846299385063045,0.2790236202297882,283.12752263187144,0.7960502081631022,False
0.10918991767661612,210.15207146155794,15.228856592931782,0.29397511461756487,332.9563809725364,0.5884717748215124,False
0.10729365143005437,219.41677126494426,18.30429744737983,0.2870068615955156,359.22960752020657,0.6120459795952533,False
0.1728732956792345,152.71095435230578,10.525971854232187,0.21270797561218183,278.71475183527747,1.4833167524430422,True
0.17869538237015453,206.26687561883267,10.937227560998856,0.2823679829258894,284.3573786956126,0.8724346190801524,False
0.2447765389834915,208.89558047011786,14.20027273805049,0.293152505274514,322.7763503422958,1.290175036771425,True
0.17052396784980883,198.91159968562462,12.080737111050137,0.2890181347986503,299.0211736069526,0.8869561862828584,False
0.1154092334674572,172.60884676306273,9.36659544627233,0.31421459557726794,261.62193606014574,0.5567052362338042,False
0.1339904622043028,228.9054031686307,11.973922429076223,0.2383539005079435,297.7114193066432,0.7311240517526366,False
0.2560640907672884,152.85690284672634,15.390616585876186,0.2728898913580201,334.48697119635716,2.0533140605239186,True
0.16242277793065582,191.408387345118,7.705213644894619,0.21167172225238443,233.57028195323926,0.9363553825036138,False
0.22708653360679645,193.89364304764814,18.14204020367516,0.2614122310098288,357.97882742235566,1.603833379645196,True
0.09160335539739065,183.8238877991372,16.033858154105822,0.25432350832824197,340.39666103299646,0.6669729494083254,False
0.22667646776159034,157.43158542995465,13.375966624981055,0.3254896496864886,314.015059892192,1.3890819291078724,True
0.33091505295098245,196.4735845866425,19.292508219359114,0.33129258099765235,366.56446130593866,1.8635927042131482,True
0.2123754820033087,172.11095876283088,17.086056632424402,0.21425065570856952,349.49400391107673,2.012859321157229,True
0.20879538845493745,180.16167743288662,18.01874184238906,0.20124893739451968,357.0192302960411,2.0559687016914916,True
0.14171973151271441,150.71740148616377,9.15350972700138,0.24071594116994582,258.2737336997165,1.008886502925716,True
0.07617961498178485,231.34873782857426,17.724867722216764,0.31414112136852096,354.6996494869523,0.3717984787996765,False
0.23915495337388437,149.61588959894695,11.189444935167524,0.29758776763336114,287.71762754330155,1.5454432293555238,True
0.29705647022428355,178.64796941002925,15.417669558418476,0.29803515618406395,334.7411663232318,1.867594389689814,True
0.09705922423501266,229.27675721064276,19.464356495992618,0.29534778142819246,367.79248155331067,0.5271642120951869,False
0.07486297708521308,146.5014596194228,6.735384182645535,0.2963805846584445,214.86160010034004,0.3704539222681317,False
0.139100715694434,178.23702370509304,9.43373714309941,0.32689341914082526,262.6629490284262,0.6270816340133574,False
0.10154102706661267,145.32153295426716,6.745007969854996,0.20144492216651477,215.05689316269905,0.7459481209447799,False
0.14948917728692424,181.43561888896605,9.913382529515319,0.21811304543690355,269.9116720076606,1.0195938919790726,True
0.2501239784168489,174.1596370498403,8.338275393644913,0.2198088637803807,244.80718002459366,1.5995092898010639,True
0.09234095421184056,185.9991817335276,18.645495911535473,0.2101315025168728,361.8161236776709,0.8548306295366893,False
0.18486328571796629,240.60386034380207,18.26016939821921,0.2145605640637818,358.89078276762996,1.2851697042178236,True
0.09847459600961848,169.58432554347982,5.816374189838883,0.3266847626673871,195.22657128716236,0.34701523960470027,False
0.17335647733982812,208.5608007665134,9.206685656059417,0.25787215219688947,259.11567040113283,0.8352117995601097,False
0.18295572635090535,203.72458145049217,7.591824748120379,0.3141554559150317,231.47985784440772,0.6617152953505351,False
0.08268886192351216,160.2727150762056,5.09746718365004,0.22643855059191037,178.37478836354092,0.4064157453440141,False
0.31333619666241413,237.89449811747937,7.237672692394388,0.218306091397559,224.78984006926117,1.3562413891692702,True
0.18163326090788334,177.30906657359435,18.35992730972955,0.27203486064402843,359.65532759158503,1.354335844829292,True
0.06252360319202063,186.34392216986174,17.11484711024621,0.3317554978547378,349.73358523220276,0.35371052034750367,False
0.2610483553054388,189.94022513003307,11.458703009341315,0.20096727816813376,291.2241343361117,1.9916179201576525,True
0.18816253614774467,150.06715220500652,13.332753729211388,0.28413713704946153,313.53984203081353,1.3836054115449137,True
0.10799358808500116,171.4422663344942,18.498699453285703,0.3078761332096268,360.71047344542427,0.7380109419874082,False
0.13971523502569527,165.20506852412547,13.66525135873188,0.29009278182224446,317.1546491650572,0.9246014232693696,False
0.15716976690434897,185.28289349112768,11.679428371535117,0.31898553747780195,294.03836423129536,0.7819278646377849,False
0.16656950341262405,228.46666066134708,7.8147379732500255,0.28359437498813217,235.56643039199798,0.6056035963540944,False
0.04619241073921804,182.50340410355906,6.121334734361192,0.20808826635326122,201.96598041696623,0.24565764771021265,False
0.09835732410897388,180.3409781758306,8.751502372652936,0.2568128160597252,251.76717813009074,0.5346809402160553,False
0.19056077292671253,229.64580298168764,8.47152167145051,0.27584588450205305,247.08257103062215,0.7432768318500698,False
0.17531254648280226,209.51227227277883,16.35121786528335,0.331991353832525,343.2124728132191,0.8650472304110163,False
0.16305356938787013,188.61036645663881,11.673690006848235,0.2631373498473297,293.96587352756234,0.9657821429638468,False
0.28797177905765636,228.2110363396589,19.16151315248329,0.28742775801162157,365.61918672731593,1.6051423644615896,True
0.3264433985861337,227.37691263631996,19.281702571288363,0.25972103636335986,366.4867891970882,2.0258753603626323,True
0.09186491875689823,205.96711254353926,8.129671483817905,0.20761055947913712,241.18359814614942,0.5181436090725796,False
0.09598158223906078,190.4803639108227,12.762225837361687,0.2864083168046267,307.1082194930614,0.5403106251166676,False
0.10626713428672688,186.74892965782993,9.00645055681342,0.2828263054043769,255.92283978750442,0.514908538453422,False
0.11689814113754557,157.842172845534,16.452704614387578,0.2605276362177576,344.0995241144664,0.9781710998011042,False
0.07442101227918287,166.3908102047786,15.24114112072484,0.23580746086044974,333.07326363047275,0.6317546790804176,False
0.14229845749840536,148.9252063390206,7.282389826746689,0.22248136952607153,225.648302039247,0.9691040366129593,False
0.08418748041776654,169.80006273266048,7.789439898835695,0.31824094551521304,235.10734696998892,0.3662855705266266,False
0.14229864225416056,235.3081171174511,9.00261461283554,0.22963727935049424,255.86107160736572,0.6737917190251533,False
0.1648652355546638,177.15800034419374,13.927117195576866,0.29194747705708746,319.9355239285637,1.0198259434200518,True
0.20492943897915097,184.90980858798687,19.2687016374934,0.24940433575422766,366.3932652798456,1.6281255255277574,True
0.10907583550587868,235.65525119967162,7.372382437147542,0.20678856813734076,227.3637653787537,0.5089160568042296,False
0.11995591180319211,240.34489993952178,7.392125631901976,0.29229262530089833,227.73795631344606,0.3888698802066977,False
0.17531027514669825,167.46887242174026,7.280825509455595,0.20084931066632153,225.61833903512473,1.1759187827403035,True
0.15224794544849143,226.52192450962116,14.517984574592564,0.2136342548961783,326.00607390737844,1.0256424778999271,True
0.1648554175959082,237.15995506645902,9.066752772158662,0.2162156676498091,256.890857790212,0.825892176699269,False
0.1206923965464286,146.29152372051533,15.818838047310736,0.261607301456425,338.451946716992,1.067352577225807,True
0.04398647504208309,219.02055336027763,19.72962884938621,0.2554989229723662,369.6617312418864,0.2905692869607432,False
0.1757637808563738,153.42778539486457,16.243894464906848,0.2953902164080323,342.26739339472175,1.3273785342311155,True
0.2225217502741448,176.13057078023647,7.585889781605544,0.2917800121878965,231.36976564012278,1.0018179142431785,True
0.1432056821398287,204.78138117984992,12.644338223044546,0.3002275281138169,305.74167092550033,0.7121539814737655,False
0.0909681842422154,175.0174702678783,16.66023536751485,0.30127952208912756,345.89368685966093,0.5967344979398799,False
0.24245091612723568,204.7031771561787,14.164351484559536,0.30915671856875276,322.4061958131603,1.235162040869924,True
0.14933326121181667,171.67324876578817,15.640918387200195,0.27921306258436396,336.81964559869914,1.049338496687869,True
0.12552475045646505,195.46863509428613,5.9905333529979305,0.20363717446250593,199.10372340393545,0.6278770449104831,False
0.183797478950731,151.6694942548043,14.912494731574649,0.22348826393661878,329.9091309633102,1.788878833326991,True
0.12888663747555293,176.0364895529849,16.411984136008385,0.2632272296056054,343.7443738745145,0.9561146657053513,False
0.0735110199519635,220.53797710017705,17.08122575960997,0.21560080930876196,349.4537565946789,0.5402669345085853,False
0.1742740738312844,159.53141203999797,10.590313126987768,0.23271506311359383,279.6112821461501,1.312552761453513,True
0.2122741668018526,207.39322579752843,17.763639680799905,0.33307524886266976,355.00833161052367,1.0909347172645154,True
0.0484301910034507,237.9681608771206,5.660392431108551,0.24852140105222364,191.6882958273578,0.15697450807191451,False
0.2129980127486003,185.19062698326803,19.138325613666552,0.2077700250107455,365.45102602268196,2.0230324217076174,True
0.23045544031095266,174.33294945836886,9.21131885517044,0.2796120858280432,259.1888253766985,1.2253716301247288,True
0.09556224239635938,215.4312458349495,7.430165415358015,0.3224619876902676,228.45674703769035,0.3142701269880499,False
0.1614288224517412,161.58209498657237,18.07477889695997,0.31959443110036206,357.4563368377603,1.1174076529055084,True
0.1309387121265575,175.0381680285089,16.842164167765226,0.26162548748384495,347.4450434484133,0.9934393896894701,False
0.16219282002660224,226.66093610222885,11.553168134306821,0.2754011472806933,292.4350966987328,0.7598339514654155,False
0.1198508299793906,191.57831478908255,19.61206708526511,0.3185796382943389,368.8372381824667,0.7242882566956675,False
0.1341325531483856,192.98199156501477,12.678799010618672,0.2811180633275262,306.14250629433394,0.7569240219544076,False
0.08483611370564458,186.42888464487262,8.581074772262113,0.2901107008174024,248.93099028966236,0.3904656038342532,False
0.25394813185702286,146.125999886241,17.392523744859858,0.21638532817921605,352.0199331015945,2.827202863505317,True
0.21196544234078643,189.44815061543557,10.21340114218466,0.28504067996481286,274.28450158998265,1.076636539052951,True
0.27696938784236746,189.986905389647,11.84015470562665,0.24400826850881016,296.05440364653026,1.7687851545587279,True
0.09418462384448323,154.6263230443658,18.143165305832092,0.29750867335992187,357.98754725947646,0.7329339979875993,False
0.05520359051755278,193.9292549548654,8.10255267035005,0.21393846958148438,240.70692658176495,0.32027548665215466,False
0.1532927420921313,162.7314809077438,17.350609047888007,0.29029737973068837,351.6776157447001,1.1411733653389882,True
0.22302726962867597,234.6627056202125,9.242610761610436,0.20320837044138446,259.6820557267243,1.2145467641449248,True
0.24079238248748047,211.70046138800723,8.438813358449828,0.23302299843090057,246.52681024244137,1.203334337288132,True
0.16989226750566208,167.9540451882834,8.41845969096143,0.20410981841887435,246.1800612933449,1.2200345332040021,True
0.1480387922282393,144.61090148678508,5.904595704474374,0.23330722985243552,197.20012252695574,0.8652736592499432,False
0.05387137776884825,228.03272416683268,14.82574196600478,0.20727777351715235,329.0608103426056,0.3750458248999645,False
0.19871165407849478,231.05539184053777,15.990465187427478,0.32158748263012904,340.00663386259157,0.9092754918086015,False
0.20154785757760973,210.57036632700817,10.39525528163838,0.22563722515466078,276.8772731903804,1.174512091963701,True
0.17363517922555205,165.23355356440658,14.70945181870921,0.21329825629391846,327.91490962363577,1.6155237057318468,True
0.08334672188264705,193.4338809139938,11.644974917583252,0.2575698318407494,293.6025907211972,0.49115759819813654,False
0.10753739708465175,220.30763458270263,9.684472671204881,0.29524806056089614,266.4927754355331,0.44058363239701576,False
0.2190291386066528,201.02975167699984,5.644027542387055,0.24067796447256318,191.31340174584153,0.8660652696192808,False
0.07253314371051033,148.43406298298777,17.698734085476236,0.29939754832454984,354.49112754982167,0.5785755219263745,False
0.09667605598240664,203.02635983487156,17.64023442863277,0.2974838600547034,354.0230081095492,0.5666756824748838,False
0.06386160474231271,207.3770594894948,9.224851748364568,0.30047300385389303,259.4023149213278,0.2658566353909227,False
0.16068083091005875,225.8492371317115,14.213336438367199,0.3271482205399645,322.91071213531274,0.7022363900523483,False
0.06257069105352499,178.72978330868864,6.711819736242007,0.2839324062136852,214.3825529615775,0.2643312429604127,False
0.1671731373411227,161.93983154781114,14.820806264907215,0.2784050079631458,329.01237917455717,1.2199667812854655,True
0.13209414493681068,240.32094610749735,19.722025050439182,0.3090553871169648,369.6085903938453,0.6573515347349265,False
0.1380183444522775,180.53460664092822,9.781258733108627,0.2832594497517339,267.94721652354167,0.7231713168049918,False
0.1829446740795843,227.86330984776473,18.15535021604009,0.24737749686452493,358.0819413940892,1.162164480867206,True
0.19880357422218506,179.57738411375533,11.429120287071685,0.27681529491391693,290.84287515565774,1.1631638436204383,True
0.05725962600576462,183.4421596695345,8.325303327233929,0.23421961654364604,244.58404579102398,0.3259524211882701,False
0.13363519457116455,191.01157610036242,19.078222455623028,0.2817870433040675,365.0139657602676,0.9062533465300417,False
0.2278198848120522,160.0363487111294,13.359943856672183,0.3034355895159976,313.8390466470362,1.4723581083514832,True
0.14858574061305435,193.90317349040168,15.90389131532623,0.3053055495912616,339.2248204020607,0.8514225316179543,False
0.07461863193569868,192.03628961959194,19.154877888860234,0.20376249979726918,365.57109228330285,0.6971264526811245,False
0.20449198693901913,232.5761885936563,10.085176695773477,0.2607690017130194,272.4303380808495,0.9185663897162101,False
0.1928596386774537,178.10806817991883,15.905149255532102,0.21813454188760473,339.23621547149276,1.6839745475023107,True
0.17998560645485928,197.88322263058976,17.445220535833627,0.29259645204430923,352.44891016501697,1.0956098235096023,True
0.20357278814278945,166.70856363925924,13.84819532507704,0.2890342629641147,319.1034192199904,1.3481677826611715,True
0.17460237883336946,169.0251242789327,6.8154544503679215,0.2819370730649513,216.48027849063877,0.7931677426967846,False
0.1281692232430877,220.015099121043,19.146752794237145,0.2626931571109661,365.5121708908098,0.8105584705059482,False
0.058584193166952674,195.3506926761437,7.2091472157055225,0.31491671964226153,224.24010216162625,0.21354187971518573,False
0.0999397622662716,177.4600334878717,9.456549249033593,0.24930685997731547,263.01514128544136,0.5941338203996801,False
0.1439387488966155,180.41768165255962,7.976164549994432,0.2104986260043356,238.4680739061502,0.9038151237013391,False
0.195215733167037,144.04189653914315,5.099088243851751,0.28850138539560477,178.41440239573103,0.8381234497005486,False
0.2758201477650061,216.34038563518664,13.914135523900054,0.27463127897017925,319.7990054563258,1.4846206488422655,True
0.15652745885046354,240.8350239197901,12.964586312176504,0.20336825848056056,309.4235105007979,0.9888741604400391,False
0.17282074899546923,175.5882882063449,6.668229427941398,0.30859647709324967,213.49316367177008,0.6809156986958884,False
0.1481161341914065,232.1019625162288,13.898833219553502,0.20440750658085802,319.6379047804658,0.9978953306842259,False
0.11385823121793354,202.34768608364124,9.891932662584699,0.2921177873262354,269.59438310391715,0.5193008429473552,False
0.15326621356258235,231.720135017642,13.517963525784925,0.2758121469228873,315.56514672962254,0.7567602241772391,False
0.1474971402864913,226.1016819690106,19.918517048370745,0.3236095738950399,370.9736116680622,0.7478275554458126,False
0.19102172394476846,204.76700336435988,13.943299920930162,0.2856501175117079,320.1055118657585,1.0453976770050115,True
0.10981084036223762,231.21586674281622,14.164495087599807,0.2988882169360767,322.4076776341551,0.5122997722988917,False
0.1786584248656845,205.38562270775557,14.453023645873374,0.2610703217812364,325.3520927839713,1.0840506191383052,True
0.12967312445452422,152.30499280790556,18.292090933764577,0.27185766253553006,359.13598305071923,1.1247426843064305,True
0.2466048388254592,224.46232949394758,19.5696310694332,0.2348521070258376,368.5380992678677,1.7240349232712482,True
0.20686459179594402,156.90555393592174,11.082159762041698,0.26015536929027183,286.2973778424935,1.4508830960580903,True
0.2413489358151375,172.14331570311103,17.22442394337466,0.30131085390322493,350.641070178634,1.6315606833979557,True
0.154141633036609,180.35355552952475,15.439283823438528,0.23869602717376262,334.94389393972756,1.1992842259368242,True
0.11282014498988494,184.9537324175089,9.091397191866314,0.2520373894581074,257.284854017604,0.6226913052469321,False
0.3877719014362422,210.17322578965295,12.590598326656366,0.32696131828933495,305.1143178327553,1.7217304423325743,True
0.10922889887688632,163.10098446568122,11.720410987036248,0.24355599789539634,294.55505008528695,0.8099321100816232,False
0.1892752999858236,159.20163210194576,7.2160756025423005,0.21017903361697457,224.3737769463716,1.2691972873107917,True
0.1918367567622208,218.84111014732667,13.219757856768245,0.2771407195386215,312.2894202880406,0.9877791289881752,False
0.15244645553493114,210.6230142381484,6.583651637372189,0.2734651631456708,211.7554255598364,0.560459254631183,False
0.20556788824965727,199.13352657493513,11.15126769124206,0.29247914405056885,287.21376247639705,1.0137275108403725,True
0.2072116548848587,230.63294253293083,15.421626842900658,0.232294405203479,334.77830722697985,1.2948259609593673,True
0.21517629477590877,156.63077288866978,8.20273050730276,0.31285327821112474,242.46131218044286,1.0646799489601646,True
0.10392562420297641,175.47448574519308,7.086463981623199,0.21381327377075632,221.8567810490333,0.6145351203146145,False
0.05030098158389477,235.02173691489799,13.650151525415641,0.3070271145203193,316.9925445803505,0.2209737803297641,False
0.2420134687019752,220.81795308894647,18.779239506402106,0.2516814728655457,362.8141859183627,1.5799311770803042,True
0.13144982135209438,171.73256214137467,10.89004436740476,0.2709371678070249,283.7204344392399,0.8015477149131921,False
0.07772262304224656,200.97743636302906,9.425125523167335,0.2160644395936816,262.5297980249579,0.4698891919949101,False
0.1669604869612905,224.3854506821545,11.813085374952543,0.3122172483540658,295.716794956121,0.7047549061861166,False
0.14694560731898887,156.9327917053138,18.57048085416708,0.3083128498696216,361.2524612046437,1.0971401200167892,True
0.060447170019289606,229.0624531674584,9.677857065440541,0.2193845662892515,266.3928795703807,0.32043401116858056,False
0.18010795572293042,237.26922768129032,15.441763548880907,0.29812279745669157,334.9671314821867,0.8529007309466176,False
0.08673270422592735,182.32759285524872,18.979864281352683,0.3255220914661422,364.29502556074135,0.5323573602589814,False
0.15534421981814178,230.93518329914664,10.771329700626636,0.22043782478618562,282.1060292722199,0.8608574578255099,False
0.1572772085576853,234.45177014815692,18.05588929456891,0.25988119023278994,357.30917605716337,0.9223199416787791,False
0.12476473857145615,201.38511697399318,10.001528041517656,0.2915215008521704,271.2089484878204,0.5763654151108702,False
0.10666332179434512,179.1358833248617,11.670781029727214,0.27502110374203953,293.92911186494877,0.6363691194143475,False
0.08574307378938105,185.65064548459532,14.466895222341277,0.2041613101911954,325.49201484736034,0.7363248870139925,False
0.11733570893750206,177.18565550497908,13.95381533123868,0.23194321736435208,320.2158537300459,0.9142454229225201,False
0.19219178928862077,175.17708164353104,14.807024768199083,0.2038833494219711,328.87705382962196,1.7697395506159457,True
0.23111442653793884,164.84378880498312,19.135627798636214,0.20462625118584826,365.431444493435,2.5037965374694093,True
